Material_Main,Turning times,V2_Ventilation Interval (min),M1_is Enclosed, Composting Method,Additive_4,Additive_2,Additive_1,Material_3,Material_2,Additive_3,Period (d),V1_Ventilation Type,V4_Ventilation Day,Compost volume (m3),V3_Ventilation Duration (min),V5_Ventilation rate (L/min/kg iniDW),Application Rate (%DW),Initial TN (%),Initial pH,Initial Moisture Content (%),Initial C/N (%)
0.08165265,0.11512623,0.016257918,0.0025428503,-0.0053948285,0.0,-0.04060163,0.013014462,0.00012021588,-0.0021919583,-0.12777041,-0.0061693634,-0.008724033,-0.08009174,-0.030828826,0.004929919,0.041369356,-0.043389935,-0.17059521,-0.08162075,-0.10396468,0.009638127
0.1102736,0.033750355,0.014394861,0.0031424002,-0.005743907,0.0,0.01556533,0.0145002045,0.0001515567,0.002299799,0.003395877,0.009820089,-0.006088258,0.0581191,-0.039513767,0.0019701074,0.048615992,0.04374462,-0.26610404,-0.09900958,-0.05691561,-0.052589484
0.06961119,-0.0009820324,-0.058515526,0.0003879817,-0.0051392703,0.0,0.005532309,-0.23620221,0.0001453735,0.0029375646,0.0023506698,-0.013561369,-0.0032666505,0.056518488,-0.029283056,-0.037623584,0.018667325,-0.020603433,-0.23088714,-0.028645229,0.05532359,-0.023260692
-0.4263871,-0.08677128,0.0034033842,-0.003177008,0.0030972618,0.0,0.0021326493,-0.0149710225,0.00016482938,-0.007930013,0.0013239051,-0.018461505,0.01093849,-0.04925228,-0.0061797444,-0.0020581216,-0.0706204,0.020837193,0.03426727,-0.032058824,-0.040752634,-0.032080367
-0.4949989,-0.07049498,0.0066218874,-3.7429912e-05,-0.0006061924,0.0,0.0030107342,0.0327587,0.00016094021,0.0073632314,0.002007898,-0.015564346,0.011392219,-0.022940118,0.019162916,-0.013278734,-0.026710398,0.020244004,-0.044345196,-0.027446806,-0.011395524,0.0038930986
0.23664242,0.12605734,0.012548372,-0.005578119,0.0049723103,0.0,0.0023849888,0.06387027,0.0002509583,0.030597609,0.0052805087,0.010646288,-0.008986735,0.14693683,0.0012492224,0.0055428087,0.18501969,0.122594565,0.33908674,0.025612088,0.1768706,0.08119404
0.27871558,0.06355334,0.008269202,0.0066856225,0.001815581,0.0,0.0012072637,0.2989244,0.00013792398,0.3371393,0.0034608857,-0.01748083,-0.01257095,-0.024001632,0.07634981,-0.0076061278,0.058087826,0.0022702601,-0.053390358,-0.015618615,0.1467587,0.013678562
0.114844255,-0.03920629,0.0108151045,0.002282469,-0.005962469,0.0,0.010988423,0.04516722,0.00013112805,0.005363892,0.0034199664,0.011037648,-0.0059002354,0.081620105,-0.04636098,0.0034242186,0.06410484,0.04565935,-0.23054403,0.007358459,0.0858915,-0.0025256872
0.13120344,-0.017556658,0.00444116,-0.01156358,0.018872492,0.0,0.0024212613,0.0042689084,0.00013648628,-0.091620736,0.0018076957,0.0021161037,0.009012432,-0.07711983,0.016497195,0.0068255225,-0.07683179,0.0622569,0.18657212,0.19289379,0.08632492,-0.06815524
0.25826296,0.039060652,0.0053745634,0.003473114,-0.0033006344,0.0,0.0013537377,0.06703009,0.00014446204,-0.0020838666,0.0017472939,0.01037457,-0.011391905,-0.043377604,-0.011873633,0.0016178533,0.08070095,-0.056251545,0.24481979,0.08446166,-0.00032812913,0.03288369
0.14860253,0.0026488611,0.010220354,-0.0117174005,0.009109261,0.0,0.0022570216,0.043188557,0.00016773712,0.024399612,0.001784244,0.04365902,0.01139219,-0.07296813,0.029777704,0.0041870126,0.0385314,0.100138895,0.14678109,0.018808672,0.093605064,0.0070192507
0.25060126,0.044916198,-0.042013954,0.0038486968,-0.0045624305,0.0,0.00076687656,0.12280423,0.00022677233,0.008100072,0.0016151706,0.013230029,0.0012770745,0.14188352,-0.0061723446,-0.0104523925,0.18977864,0.008953292,0.51476896,0.104751624,0.13519816,0.09215544
0.24766925,0.03219644,0.0056642937,0.00357189,-0.0033541825,0.0,0.0017877783,0.060359646,0.00014446204,-0.002593419,0.0017472939,0.009195489,-0.011659024,-0.04524691,-0.014701441,-0.020561075,0.10966965,-0.104134835,0.19260958,0.058054104,-0.019604107,0.022109637
0.130596,0.03795071,0.014804418,0.011233047,-0.005051752,0.0,0.029883945,0.06897348,0.00020104187,0.006381109,0.0034555087,0.015030316,-0.006377628,0.08100905,-0.03406106,0.0031905968,0.053883787,0.004988656,-0.15134834,0.107439145,-0.04371102,0.063323915
0.08976568,-0.021761121,0.009164813,-0.005177877,-0.010858587,0.0,0.0009542554,0.059688065,0.00013755518,0.032813463,0.00344805,-0.016718775,0.0060599465,-0.10366856,0.062153354,-0.036840864,0.027251054,-0.023754995,-0.10513096,-0.04113578,0.050788954,0.010298882
0.06819581,0.034305654,0.011683771,-0.0047363513,-0.0020581814,0.0,0.0026403228,-0.048377156,0.00017834856,-0.3151927,0.0017926897,-0.14151661,-0.008915668,-0.09880946,-0.028509472,0.0122291325,0.01162276,-0.03040049,-0.017310442,-0.06370329,-0.095127694,0.010753072
-0.37567708,-0.087811835,0.0036839913,-0.0013754286,-0.010773541,0.0,0.003067725,-0.083184734,0.00025085834,-0.001552319,0.0020057012,-0.017155578,0.010631475,-0.014174115,-0.017999541,-0.00044033586,-0.016380046,-0.024099972,-0.055853855,0.009294603,-0.008434649,-0.011970967
-0.59880453,-0.04875062,-0.073494814,0.0015436021,-0.00024309571,0.0,0.00024253718,0.045801327,0.00016339998,0.0020977326,0.0011049908,-0.0074690827,-0.0075282506,0.029859124,0.012194385,0.036274858,-0.02577554,0.01445141,0.011739259,-0.02530777,-0.018854832,-0.0012716991
0.069245644,0.00012067665,-0.05811814,0.0023245467,-0.0049097054,0.0,0.006180294,-0.21370003,0.00013629103,0.004950868,0.0022271778,-0.015119587,-0.0032644877,0.02912879,-0.029439392,-0.02331984,0.021583006,-0.032428976,-0.21209186,0.008940086,-0.025585858,-0.029808464
0.15100296,-0.063889235,0.0074656424,0.011289361,0.02154283,0.0,0.004041696,0.0566196,0.00025011014,0.023965124,0.0034501667,-0.0035939422,-0.010475905,0.08267708,0.13225763,0.005519781,-0.007999651,0.042733986,-0.12744065,0.14706488,-0.0020761385,0.0078412555
0.049598277,0.09445174,-0.06667181,0.0044100857,-0.0074816938,0.0,0.0007709229,0.03761431,0.000108211425,-0.03517211,0.0031946697,-0.13690269,0.0066077346,-0.09568075,-0.028177153,-0.022200847,-0.075409025,0.054379527,0.14866333,-0.013324443,-0.083423756,-0.004007841
0.13043262,0.038376026,-0.019374015,0.0058423453,-0.007176033,0.0,0.00036132938,0.055260565,0.00014798171,0.00062396965,0.001381304,0.006505795,-0.004466678,0.08712357,0.013185617,-0.0100315465,0.1220178,0.058057882,-0.04512645,0.0042979387,-0.02760469,-0.017899556
-0.4005754,-0.11576381,0.0038758765,0.0019218123,-0.011246016,0.0,0.005627707,0.011469855,0.00013683367,0.014418896,0.0020787653,0.016814312,-0.010391741,-0.043166872,-0.038367473,-0.0061640646,0.0051173144,-0.02061679,-0.061414637,-0.0037908482,-0.05111942,-0.014482278
0.2447624,0.011170797,0.035495274,0.0065101995,-0.0064375373,0.0,0.0010579741,0.057207797,0.00019853679,0.007780233,0.0019381817,0.038807236,-0.010101379,0.08193792,-0.0055658114,0.01324922,0.08321497,0.09280552,0.4901935,0.097663864,0.13456228,0.03857112
0.24982274,0.05540181,0.010368826,0.0056769475,-0.003016567,0.0,0.0010174722,0.07037944,0.00013688592,0.0066791377,0.0017784584,0.022497622,-0.015084237,-0.036180936,-0.009403473,-0.0023901253,0.15773217,0.1147319,0.45096195,0.11519961,0.044698298,0.0914166
0.18164621,0.049002975,0.013662057,0.0038196587,-0.0057488955,0.0,0.003089894,0.049926404,0.00013382065,0.00845916,0.0017663587,0.03530644,-0.013614417,0.07815782,-0.012668203,0.0075949403,0.13393918,0.056840833,0.17626397,0.03240661,-0.038375117,0.022114385
0.14163873,0.0199185,-0.10679156,0.0042895577,-0.0058496143,0.0,-0.0006196341,0.010814601,0.00014685324,0.007220572,0.0015984235,0.0040042866,-0.005350771,0.019355688,-0.013747011,-0.021998905,-0.13806577,0.0655837,-0.028944202,-0.0073619224,0.086436056,0.04096494
-0.38511294,-0.09884139,-0.0049377256,0.0023142926,-0.014661982,0.0,0.0011086533,0.025977144,0.00014148695,-0.006323691,0.0013141654,0.10552998,-0.013728581,-0.047337033,-0.031831555,-0.0041915476,0.007992368,0.035158813,0.060335264,0.04221147,-0.00019359871,0.0081873825
0.15279283,0.022067588,0.005060409,-0.0034338117,0.01666588,0.0,0.0037768495,-0.039279673,0.0002581476,0.009724139,0.0017797417,0.012237325,0.010508311,-0.05016567,0.06694239,0.020327888,-0.20549929,-0.040837873,0.067048416,-0.0005146105,0.01133826,0.022119217
0.13027604,-0.017043209,0.003599747,-0.0049992385,0.02714128,0.0,0.002514589,-0.16144276,0.0001558495,0.016569003,0.0017627396,0.042050064,0.0139288595,-0.025713585,0.046930186,0.016924134,-0.08509893,-0.110069744,0.0711516,-0.011479088,0.03394053,0.0012979228
0.27975854,0.040810406,0.009558283,0.0069216476,-0.004806107,0.0,0.0032196185,0.056155384,0.00014788944,0.001729012,0.0017761334,0.053175215,0.018094353,-0.0011593995,0.005669813,0.009091871,0.04542342,0.14845316,0.2157299,0.1911889,0.16181311,0.088944644
0.046727125,0.021054346,-0.041570224,0.00086974824,-0.012516711,0.0,0.003962492,-0.23523492,0.00019340854,-0.0026538712,0.0014339611,-0.00950098,-1.2237411e-05,0.031025052,-0.012820894,-0.057486366,-0.24475157,-0.06425634,-0.0072825323,-0.06843866,-0.038847398,-0.021542903
-0.49546003,-0.10525032,0.0045518843,-0.00092275394,0.004142509,0.0,0.0017146112,0.026671074,0.00016094021,0.0068018856,0.0013140623,-0.011552272,0.012656335,-0.026657043,0.025537344,-0.012589407,-0.046151306,0.021983722,0.013423802,-0.022809599,-0.011671258,0.0088286875
0.067947224,-0.077972166,0.0039179227,-0.018121382,-0.0024850992,0.0,0.0025452005,-0.030776374,0.00014919214,-0.12556046,0.0017822959,-0.01468465,0.007927321,-0.09780947,-0.037295245,0.0057598613,-0.1770479,0.03622886,-0.030287905,-0.08884273,-0.09148813,-0.047364112
0.109714635,0.032080323,0.003836054,0.001752165,-0.004716668,0.0,0.0038152882,-0.22036852,0.00014528121,0.0007977747,0.0017404315,-0.009146515,0.024779597,-0.026021088,-0.015942303,0.027566832,-0.14625897,-0.11995238,-0.013105068,0.07168895,0.007606457,0.0016001737
0.08324431,0.11302691,0.016341276,0.0025756515,-0.0074520907,0.0,-0.0408764,0.013947715,0.00012021588,-0.003479744,-0.12747711,-0.0069321264,-0.008890155,-0.0803314,-0.029453095,0.0049941535,0.04059362,-0.0335083,-0.16485804,-0.08063292,-0.1010918,-0.008337642
0.1565601,-0.12788482,0.0076081953,0.0037030217,0.018450448,0.0,0.016254216,0.05303163,0.0003017122,0.023232182,0.003473926,-0.0080436235,-0.009874328,0.06299753,0.11301244,0.0049335314,-0.010718336,0.048795044,-0.07825608,0.051161386,-0.032565903,0.0056091407
-0.6384586,0.07428072,0.006481716,0.00089760806,-0.009200752,0.0,0.0013860193,0.05430033,-0.015065694,-0.00223497,0.002637874,-0.025377689,-0.007719139,0.029464556,-0.0041987174,-0.01034779,-0.019102106,-0.057530526,0.031123312,-0.011741647,-0.004948939,-0.012319848
0.15500952,-0.15668543,0.007625723,0.0035593105,0.021021571,0.0,0.015202423,0.047776867,0.0001675347,0.022889167,0.0034030243,-0.0067200903,-0.011091176,0.05972575,0.078971155,0.0048104604,-0.01595852,0.03479203,-0.12627482,0.030746095,-0.07660626,0.0005565567
0.07799516,0.0092423465,0.012444073,0.001330448,-0.00416049,0.0,-0.07424071,-0.085667215,0.00014759155,0.0029519412,0.0033916624,0.011718604,-0.005321857,0.034503978,-0.049661648,0.0034023921,0.028668981,-0.06644997,-0.2681184,-0.06507924,-0.018526435,-0.03585208
0.109684266,-0.17388582,0.009659526,0.002567313,-0.03407848,0.0,0.0051928656,0.09098092,0.00018855164,0.005531309,0.003393742,-0.0078111696,-0.008400111,0.05352012,-0.045127057,0.007158412,-0.0074940003,-0.03290126,-0.18210946,-0.03612598,-0.038587995,-0.050184213
0.11789754,0.044559073,0.01395943,0.0029381162,-0.0061527663,0.0,0.018541012,0.021336641,0.0001515567,0.008652917,0.0034152495,0.019522084,-0.0054235267,0.05794802,-0.030048871,0.0026203145,0.06498349,0.048344918,-0.1857592,-0.026175134,-0.037040092,0.026204292
0.11295065,0.05691487,-0.023482991,0.013490895,-0.0062416466,0.0,0.0032593876,0.051605366,0.00014798171,0.06031446,0.0024886006,0.015927296,-0.0035015696,0.09593384,0.122592345,-0.008319227,0.083963454,0.08569784,-0.2020916,0.12069342,0.040758517,0.02953971
0.22507957,0.021465106,0.005155738,0.0035823982,-0.005184842,0.0,0.003439589,0.051376075,0.00019329826,-0.0061229197,0.0017953413,0.081534974,0.01457183,-0.01986799,-0.0069282805,0.008354658,0.041067846,0.0026281592,0.1644763,0.19854227,-0.004000855,0.03176783
0.1479611,0.081299834,0.015547626,0.0053066947,-0.0074560354,0.0,0.00012686792,0.022141967,0.00014652326,0.0022939818,0.004999876,0.01029041,-0.012033809,0.031437263,-0.026299594,0.0075730514,0.05657986,0.027238863,-0.13058236,-0.086188026,-0.12640172,-0.009669429
0.0844302,-0.28577608,0.00751776,0.002156382,-0.033973787,0.0,0.0034650136,0.0055350624,8.999754e-05,0.0034369575,0.0033193836,-0.027431339,-0.0073576006,0.039164104,-0.10116546,0.0007811818,0.017104404,0.03830473,-0.25084475,0.00932209,-0.10434517,-0.08710287
0.03201146,0.11399434,-0.09248206,0.003355548,-0.00682214,0.0,0.00034615732,0.032538835,0.00014443429,-0.03509735,0.0032413811,-0.1393687,0.0036588982,-0.07770615,-0.042417787,-0.018177528,-0.106027305,0.034633096,-0.06980446,-0.07116823,-0.064837486,-0.0042325845
-0.5036137,0.013278375,0.007332745,-0.0020372863,0.0056036245,0.0,0.0013141105,-0.07310072,0.00013945578,0.0131937405,0.0020689652,-0.030707415,0.009425624,-0.04511484,0.021590626,0.0029079737,0.021134928,-0.017439367,-0.055467278,-0.030979605,0.049201205,-0.0027008913
0.16940081,0.115016595,0.015275808,0.0020058549,-0.0037981207,0.0,-0.017979655,-0.07039042,0.0001838354,0.008735988,0.005036247,0.040558055,-0.012353994,0.03328524,0.023605464,0.030226327,0.1222024,-0.029528433,0.049815793,0.072270125,0.0012329617,0.027706858
-0.34494925,-0.08802644,0.0038457906,-0.00075861457,-0.005096643,0.0,0.0043294965,-0.08956615,0.00024177585,0.00061676995,0.0020238396,-0.013591838,0.011822756,-0.007995929,-0.02058099,-0.0016823239,-0.016584152,-0.011767491,-0.035781182,0.019452387,0.0010182131,-0.004944052
-0.5036137,0.013278375,0.007332745,-0.0020372863,0.0056036245,0.0,0.0013141105,-0.07310072,0.00013945578,0.0131937405,0.0020689652,-0.030707415,0.009425624,-0.04511484,0.021590626,0.0029079737,0.021134928,-0.017439367,-0.055467278,-0.030979605,0.049201205,-0.0027008913
0.14088893,0.2420625,0.03393045,0.003102653,-0.004048173,0.0,0.002647488,0.07168564,0.00019922553,0.0018504082,0.021046774,0.009011157,0.0037363442,-0.036980335,-0.0138778975,0.00838786,0.04656614,0.06869062,-0.0019253395,0.18959722,-0.035023917,0.03084364
0.15330121,0.1650947,0.024612373,0.0029472297,0.005264619,0.0,0.0149325505,-0.15307064,0.00025096233,0.0031619943,0.02104251,-0.0020914865,0.018416494,-0.025177421,0.00024733043,0.0074709123,-0.019910714,-0.011906735,-0.008313953,-0.034431476,-0.048526146,-0.013392724
-0.35986814,0.08569105,0.012008096,-0.001709559,0.02881069,0.0,0.0007192024,0.15873854,0.00015268056,0.027240273,0.002068983,-0.019447446,0.010712363,-0.043271687,0.022400746,0.03932969,0.025952827,-0.006863984,-0.040869396,-0.021496814,0.051068936,0.00392094
0.17501508,-0.11704614,-0.0359802,0.00501679,-0.02713576,0.0,0.010333714,0.039744403,0.0001301131,-0.0020335882,0.0023247602,-0.00759571,0.0033723572,-0.06419229,-0.03942622,-0.012915034,0.06056881,0.043450613,-0.12997474,0.10127717,-0.023929626,-0.0033691386
-0.5000166,-0.07110695,0.006568261,0.001745185,6.0193765e-05,0.0,0.0026819983,0.033662315,0.00016094021,0.005235755,0.002007898,-0.015722718,0.0105358455,-0.022600228,0.018056262,-0.013949748,-0.027659172,0.020856624,-0.059810054,-0.034159478,-0.017347554,0.0061545884
0.097002,-0.123792306,0.0080580665,0.0008657929,-0.011023554,0.0,0.0019168202,-0.13139884,0.00014247202,0.002996978,0.0033874768,-0.009374754,-0.01059525,0.039100565,-0.03643952,0.020010049,0.013291276,-0.04012006,-0.15791689,-0.031464312,-0.033968914,-0.01583074
-0.5036137,0.013278375,0.007332745,-0.0020372863,0.0056036245,0.0,0.0013141105,-0.07310072,0.00013945578,0.0131937405,0.0020689652,-0.030707415,0.009425624,-0.04511484,0.021590626,0.0029079737,0.021134928,-0.017439367,-0.055467278,-0.030979605,0.049201205,-0.0027008913
-0.38687038,-0.09480755,0.0049025794,0.0044142148,0.0041309507,0.0,0.0049751033,0.033798035,0.0001544146,0.025973624,0.0020111667,-0.006076466,0.012949995,-0.040605005,-0.04146672,-0.0056796274,-0.007096103,0.013547691,-0.043341607,0.096761875,-0.0059308806,0.009324937
-0.317569,-0.09607062,0.018374827,0.002770824,-0.0141950585,0.0,0.00064402795,0.055706248,0.000136557,-0.0063538332,0.001329103,0.095477946,0.00042803108,-0.05513244,-0.03356144,0.009317049,0.018130368,0.037201416,0.062470935,0.032587267,-0.005731024,0.0106184
0.14668144,-0.20912209,0.0073488713,0.00386114,-0.011737716,0.0,0.003926657,-0.010540437,0.0001515567,0.0046616313,0.0034136754,0.0018217631,-0.0067509827,-0.0008618239,-0.081301756,0.0022642608,0.027249815,0.03708946,-0.23368734,-0.15795095,-0.08193789,-0.03701828
0.15410393,0.16837046,0.030405208,0.0038847977,-0.0058155563,0.0,0.0007136031,0.08081352,0.00014255688,0.012789893,0.020898493,-0.0028187374,-0.02279714,0.03016025,0.0302897,0.00549263,-0.090070374,0.036547877,-0.085350856,0.038881846,0.06252774,0.01656604
0.17707185,0.012846909,-0.05361243,0.0037039805,-0.007198392,0.0,1.3841493e-05,0.0633343,0.00014578336,0.0049853376,0.0014279466,-0.014165928,-0.0037208418,0.09564822,-0.015612985,-0.03259493,0.12303422,-0.09863505,0.0015369715,0.0036250497,0.09791261,0.022946224
0.044314485,0.021601943,0.013213722,0.0060495525,-0.0038632539,0.0,0.0009454489,0.0076207565,0.00013293975,-0.34958777,0.001781791,-0.14152274,-0.012000153,-0.13297161,-0.03573854,0.008335571,-0.03161958,0.041902326,-0.041574284,-0.092580564,-0.019053346,-0.00060368166
-0.46812275,0.30224678,0.011632204,0.0013460505,-0.0051479093,0.0,-0.00013521935,0.045800764,0.00011100937,0.0021623462,0.002660003,0.073723845,-0.0049338313,0.034288593,-0.011316535,-0.0017534121,-0.03387721,0.020244673,-0.029132726,0.05973861,0.048647635,-0.021401033
0.13894926,-0.010023493,0.012111589,0.0014650396,-0.005279414,0.0,0.0009892609,-0.24459429,0.00014553193,0.0017599607,0.0017578335,-0.020700734,-0.0035221395,0.04111716,-0.025004776,0.029181758,0.04047271,-0.124539725,0.27293608,-0.041740447,-0.16118808,-0.04883899
0.06453743,0.0023779906,-0.059801064,0.0013130014,-0.004661816,0.0,0.0059612556,-0.29097715,0.0001284727,0.002760827,0.0022759812,-0.011988308,-0.0023335451,0.030407406,-0.029099477,-0.024737187,0.01563346,-0.06292767,-0.2244835,0.028925685,0.039944243,-0.02994
-0.54943687,-0.063359395,0.0062026368,0.0008209889,0.00010725517,0.0,0.001730638,0.03216442,0.00016094021,0.0040567056,0.0013140382,-0.011607359,0.012231898,-0.025637357,0.0133450655,-0.013245831,-0.048026174,0.022884903,0.015205118,-0.027577002,-0.024306843,0.006703375
0.06166319,-0.014995911,0.011685935,0.0046013044,-0.0027788766,0.0,0.0014507625,0.0021017056,0.00018302932,-0.008657495,0.0034204335,-0.00013535316,-0.00928037,-0.095326304,-0.05674817,0.019003127,-0.023190754,0.011634407,-0.2531297,-0.06518764,0.053380124,0.024628377
0.18009117,0.14139877,0.01622412,0.0035791346,-0.005296276,0.0,0.0017007667,0.055689555,0.0001838354,0.012171369,0.005035433,0.04080439,-0.008499174,0.0494947,-0.007328508,0.00785225,0.12539354,-0.012908652,0.06119493,0.024634251,-0.03140269,0.022130068
0.15230237,0.019351274,0.0060138744,-0.004085371,0.015180931,0.0,0.0037910144,-0.037727237,0.00015798707,0.009370666,0.0017787345,0.001103123,0.01267045,-0.051126447,0.06280848,0.020294512,-0.19803116,-0.010058603,0.11872921,-0.07256054,0.011084643,0.02121144
0.20186757,0.12622447,0.012516509,-0.0028704621,0.0044748345,0.0,0.0019883397,0.13784075,0.00025503867,0.035076033,0.00532867,0.010113034,-0.008914828,0.12196363,0.00094485295,0.011064253,0.12182778,0.011033473,0.21078834,0.020287205,0.17904417,0.056665357
-0.42257106,-0.13705459,0.005467881,0.0016920966,-0.014257599,0.0,0.003030319,0.02720089,0.00016455918,0.0045333686,0.002024985,0.0025660405,-0.004572673,0.024843566,-0.044089075,-0.014997294,0.0059042964,0.014687133,-0.068791464,0.05202698,-0.02382504,-0.016972383
0.22666012,0.03230327,0.029021533,0.0054704887,-0.004994152,0.0,0.004730012,0.07947697,0.00014476712,0.0083179,0.0017624896,0.021245725,-0.0046558604,0.088428184,-0.010838402,0.012493291,0.10257632,-0.06139248,0.45211205,0.12475649,0.089199714,0.06152376
-0.41890898,-0.1417557,0.004789087,-0.006591398,-0.01403469,0.0,0.0024656113,0.03164434,0.0001425019,0.017536396,0.0020613302,0.008518695,-0.010888884,-0.04950916,-0.0487275,-0.015208592,0.017348843,0.021911511,-0.0943796,0.0025682081,0.036433633,-0.035027623
-0.35986814,0.08569105,0.012008096,-0.001709559,0.02881069,0.0,0.0007192024,0.15873854,0.00015268056,0.027240273,0.002068983,-0.019447446,0.010712363,-0.043271687,0.022400746,0.03932969,0.025952827,-0.006863984,-0.040869396,-0.021496814,0.051068936,0.00392094
0.08976696,0.016299263,0.014317332,0.002919893,-0.005557833,0.0,-0.112188615,0.038231928,8.740304e-05,0.003710253,0.0033365232,0.009533031,-0.008108098,0.05137481,-0.05109948,0.0017996634,0.004926996,-0.06516407,-0.2810798,-0.082790345,-0.069648266,-0.038674477
0.08324431,0.11419275,0.016341276,0.0025756515,-0.0073346663,0.0,-0.040861137,0.013963724,0.00012021588,-0.003485196,-0.12747711,-0.0069272886,-0.008890155,-0.0803836,-0.029453095,0.0049941535,0.04072263,-0.033351537,-0.16499805,-0.08094108,-0.10100689,-0.008337642
0.1405688,0.037861273,0.012153879,0.0026128595,-0.005093817,0.0,0.0031502373,-0.0940115,0.00015798707,0.0063380334,0.0017783633,0.0020171467,0.014931281,-0.042471506,0.038494814,0.020822471,-0.11911283,-0.022107318,0.013738825,-0.00812414,0.010416732,0.007006606
0.23019943,0.18327199,0.027897572,-0.004990872,0.0044728178,0.0,0.01439989,0.053009253,0.0002509583,0.0115681235,0.021101281,-0.0014365689,0.014636121,-0.03409502,0.004930584,0.0027182004,-0.020914141,0.04371518,-0.053863827,0.082039446,0.11624371,-0.013273581
0.15433758,-0.16019896,0.007574144,0.0041186768,0.019517059,0.0,0.0057523157,0.06272795,0.00040560766,0.021565916,0.0033988713,-0.009444779,-0.01200834,0.057821818,0.0688959,0.004656149,-0.027628575,-0.022162091,-0.12702201,0.026787503,-0.09408738,0.007054552
0.0659057,0.110204294,-0.16946493,0.001050572,-0.00428153,0.0,-5.1115803e-05,-0.13381349,0.0001007978,0.0011186464,0.00841486,0.014179568,0.0037180749,0.06570406,-0.020888114,-0.054345094,0.022349631,0.03806632,-0.19165248,-0.026703868,0.044295628,-0.080186926
0.08997622,-0.06288573,0.007958335,0.001656403,-0.004926743,0.0,0.0047399737,-0.33133483,0.0001370971,0.0032235857,0.0034016985,-0.0098314565,-0.015495821,0.028485067,-0.03457468,0.005022054,0.017785579,-0.06197467,-0.23783727,0.033201836,0.030427035,0.012385101
0.06884388,-0.046691746,0.0076433653,6.1944535e-05,-0.0038033258,0.0,-0.07290358,-0.1448934,6.660559e-05,0.003566537,0.0033182304,0.01361765,-0.0048949984,0.039817393,-0.045493033,0.012246829,0.04621681,-0.09840493,-0.2953359,-0.0507039,0.041128166,-0.061303068
0.109906316,0.1543078,0.02790165,0.010238357,0.0060734455,0.0,0.0022806644,0.056767177,0.00014255688,0.0066464874,0.020978913,-0.00419797,0.020284086,-0.057760153,0.044988398,0.00766542,-0.048496813,0.03716799,-0.091070995,0.0013902173,0.055726018,-0.004072208
-0.38687038,-0.09480755,0.0049025794,0.0044142148,0.0041309507,0.0,0.0049751033,0.033798035,0.0001544146,0.025973624,0.0020111667,-0.006076466,0.012949995,-0.040605005,-0.04146672,-0.0056796274,-0.007096103,0.013547691,-0.043341607,0.096761875,-0.0059308806,0.009324937
-0.39467427,-0.1388992,0.004679621,0.0016506423,-0.01469089,0.0,0.001300748,0.029625371,0.0001451945,1.6675964e-05,0.0020453213,0.0017336118,-0.0140935,-0.04953877,-0.058584698,-0.015185132,0.013553433,0.024558056,-0.08158098,-0.01235003,0.044889823,-0.05280008
0.14986005,0.091463275,0.009627939,0.004579774,-0.0048313187,0.0,0.0016508404,0.04613669,0.00014315474,-0.030674482,0.0050327755,-0.13960195,-0.014736532,-0.09206442,0.041534554,0.010055423,0.0818854,0.07928913,0.22699997,0.007828473,-0.038888488,-0.020558655
-0.45960265,-0.11870314,0.005296415,-0.0019705102,-0.011980486,0.0,0.0029022382,0.028373882,0.00015864748,0.005056787,0.0020066882,-0.020622807,0.012103424,-0.022419384,-0.025032153,-0.01269695,-0.019353636,0.018161476,-0.035250306,0.026847027,-0.023896245,-0.0075875586
0.10705363,0.16727248,0.027900236,-0.010904313,0.0039884867,0.0,0.0022736446,0.052782822,0.00014255688,0.012669972,0.020978913,-0.004420486,0.016441297,-0.059806306,0.043008145,0.0072215414,-0.04889297,0.03527599,-0.093119115,-0.0014614562,0.0536516,-0.006268692
0.09458298,-0.055973142,0.0071437983,0.0056687235,0.033036318,0.0,0.0010692541,-0.27173248,0.0001434997,0.018696766,0.0033811175,-0.014108216,0.029647483,-0.062977195,0.023979578,-0.04835427,0.034061007,-0.029321436,-0.13204218,-0.035790846,0.045685664,-0.00031028275
0.22285374,0.0013496333,0.017000156,0.002197419,-0.004698106,0.0,0.0008194703,-0.08147108,0.00014553193,0.0033642752,0.0019343041,0.0053034197,0.0036275568,0.0929271,-0.020203916,0.031212008,0.11850349,0.28122717,0.47678652,-0.031522986,-0.076287575,0.0347079
-0.31610134,-0.09129013,0.0062244274,0.002770824,-0.014156044,0.0,0.00062352035,0.05473111,0.00014437533,-0.0061854166,0.0011449407,0.095482066,0.0003766785,-0.055150397,-0.03356144,0.008189987,0.012699134,0.04003448,0.07167314,0.03281273,-0.0057444973,0.009214049
0.22656757,0.15416288,0.014700267,0.0042520566,-0.006685945,0.0,0.002092578,0.056560505,0.00026963276,0.010028183,0.0051443544,0.04377913,-0.00019195362,0.12076789,-0.005505404,0.005944553,0.23057187,0.07918394,0.3580379,0.047132142,-0.033812333,0.06864769
-0.45724988,-0.12352982,0.004899562,-0.0015593899,-0.0124448575,0.0,0.003630096,0.029410876,0.00015864748,0.0050956565,0.0020060544,-0.021717176,0.008850868,-0.022795908,-0.02480567,-0.013217193,-0.019125177,0.022295706,-0.042013403,0.013938977,-0.026853377,-0.011586811
-0.42396852,-0.1412012,0.00562533,0.0017300954,-0.014473402,0.0,0.0014726534,0.02563436,0.00015683315,0.0044247503,0.0020244196,0.0017790933,-0.004447623,0.025769977,-0.042082813,-0.015010825,0.018858954,0.014720233,-0.07608476,0.054394245,-0.026171003,-0.023069672
0.14570943,0.009813261,0.012521254,-0.0019864636,0.008810337,0.0,0.0048815478,-0.04259139,0.0001489046,0.018510353,0.003395087,-0.003586921,0.009249639,-0.016684765,0.08498194,0.020286033,-0.05200008,-0.0347441,0.004826166,0.035225864,-0.031888343,0.008022934
0.13904664,0.039591067,0.01259594,0.0026128595,-0.004973807,0.0,0.002104204,-0.07909273,0.00015798707,0.0070769833,0.0017784269,-5.9314294e-05,0.014883224,-0.045421682,0.040154964,0.02149695,-0.11596638,0.011172987,0.014996716,0.0018119548,0.011139781,-0.0014587569
0.0968667,0.10105354,-0.10376013,0.0027250303,-0.004564426,0.0,0.0027355882,0.062814385,0.000101166595,0.008433927,0.0032090982,0.01629797,0.0051822243,0.0953008,-0.02855591,-0.0057537407,0.02797927,0.020063473,-0.09648944,-0.10682612,0.07704603,-0.10137561
0.012049687,0.15471308,-0.16011254,0.002204659,-0.006112319,0.0,0.0028006996,0.022211015,0.000108211425,-0.0015332847,0.009376885,-0.009398563,0.0042782356,-0.091265455,-0.0490618,0.0011404848,-0.06994921,0.02847062,-0.13163124,-0.050124835,-0.04729771,-0.045344003
0.17828575,0.053769737,0.013881816,0.0024109357,-0.005561256,0.0,-0.030794846,0.060995396,0.00018293702,0.008008782,0.0018043789,0.03891854,-0.0077945953,0.095605716,-0.014880529,0.008201931,0.12682234,-0.04903316,0.14468764,-0.06435696,0.08987018,0.032813773
-0.01793719,-0.08466596,0.004631084,-0.024017163,-0.023762533,0.0,0.0009222858,0.039043445,0.0001395064,-0.35592872,0.003450097,-0.014652603,0.006079924,-0.09174792,0.022264905,-0.018938743,0.024818549,-0.041253358,-0.16008806,-0.036051214,0.061780363,0.009562477
0.100764394,0.02962888,0.01457512,0.003004058,-0.0057057305,0.0,0.005004798,0.012184218,0.00015245508,0.007861432,0.0034092828,0.017096607,-0.005286934,0.056986447,-0.049319472,0.0022986354,0.023620313,0.044530906,-0.2685736,-0.025960848,-0.030898865,-0.054859124
-0.38836917,-0.14162327,0.004427733,0.0015756406,-0.014113362,0.0,0.0026967702,0.019293597,0.0001425019,0.020510074,0.0020419222,0.008822626,-0.016313327,-0.05695799,-0.037248302,-0.015710216,0.01493195,0.020789536,-0.06943888,0.03965506,-0.0048342915,-0.0292457
-0.39715225,-0.1519551,0.004406806,-0.006961393,-0.012817286,0.0,0.0012767604,0.02705,0.00014467642,0.0052099703,0.0020633668,0.007458602,-0.0073574525,-0.04232904,-0.048239768,-0.010124324,0.016824039,0.02121845,-0.09477333,-0.012620601,0.036038555,-0.047369346
-0.48447213,0.02871036,0.005730893,0.0024396337,0.007839481,0.0,0.00042382945,-0.053439546,0.00014507741,0.015092378,0.0020656206,-0.029830009,0.010853933,-0.0426105,0.021203853,0.008857245,0.023906706,-0.009154816,-0.04959293,-0.032244727,0.04497014,0.0048102145
0.19299401,-0.17797047,0.008742673,0.002765174,-0.03565384,0.0,0.00033749634,0.018282656,0.0001348959,0.004599935,0.0019015421,0.00920662,-0.009033257,0.08253349,-0.011200516,0.0055482,0.19602953,0.092077464,0.44121107,-0.05723825,-0.019174553,-0.06036949
-0.4263871,-0.08682035,0.0034033842,-0.003177008,0.0028646335,0.0,0.0021326493,-0.015514658,0.00016022472,-0.007930013,0.0013239051,-0.018461505,0.01093849,-0.04925228,-0.006315733,-0.0020581216,-0.0706204,0.020786377,0.033530544,-0.032104474,-0.040752634,-0.032080367
0.13290748,0.19623408,0.027934307,0.007607348,-0.003920767,0.0,0.0014929462,0.06932131,0.00014255688,0.014399083,0.02097725,-0.0047995006,0.032054294,-0.02481522,0.04632614,0.0091104405,-0.06167283,0.037206277,0.03432026,0.08224365,0.05208728,0.0121346675
-0.4199998,-0.14302182,0.0047848574,-0.00730355,-0.014324976,0.0,0.0024797944,0.029500844,0.0001425019,0.017435828,0.0020613302,0.008518695,-0.015455999,-0.051776126,-0.03478648,-0.015243635,0.016400617,0.021353748,-0.094213,0.0037886293,0.024164809,-0.03350743
-0.02027459,-0.032127067,-0.02976746,-0.023565095,-0.019549735,0.0,0.000867826,0.03634013,0.00014569453,-0.34402555,0.0023850254,-0.014715848,-0.018962936,-0.09800969,0.017865857,-0.018329144,0.024582053,-0.03669055,-0.16700365,-0.03789185,0.055849727,0.010457605
0.14515366,0.22590992,0.03189992,0.0034536433,-0.005667307,0.0,0.04879054,0.107481845,0.00017320654,0.0049667414,0.021003546,0.019371955,-0.006345678,0.11505058,-0.020214112,0.006130881,0.056519397,0.004345425,-0.14854597,-0.021146033,0.10172056,0.04117528
0.18549827,0.15858506,0.02006887,0.0035424214,-0.005784416,0.0,0.0011427643,0.056808256,0.00022336173,0.009932803,0.0050971587,0.02990524,-0.004092184,0.05234461,-0.0054109273,0.0062504546,0.13417123,0.04690391,0.045179747,0.0821035,-0.046551745,0.008527068
0.25038218,0.05085585,0.005679834,0.00357189,-0.0034042671,0.0,0.0013116838,0.065649725,0.00014446204,-0.0023170637,0.0017473379,0.010246558,-0.011269932,-0.021740917,-0.01167435,-0.0042829867,0.08019986,-0.044539154,0.25648877,0.13619176,0.012016816,0.035501465
0.2524496,0.07325227,-0.020614598,0.0053890347,-0.0037763289,0.0,0.001148458,0.067150764,0.00015541296,0.07783546,0.0015064738,-0.06093273,-0.005076602,-0.036983993,-0.007612333,-0.012280661,-0.015969645,0.021894427,0.30915302,0.1076777,0.16469432,0.04304479
0.18922333,-0.13604897,0.006387433,0.003841107,0.031311486,0.0,0.0020928797,0.032731187,0.0001564888,0.0144351795,0.0017512802,0.014181404,-0.0105094295,0.08511892,0.05470279,0.0046142405,-0.03880362,0.0636559,0.14789546,-0.019395646,-0.013214805,-0.021562407
-0.39370373,-0.10602955,0.0035079734,-0.0031783031,0.01714296,0.0,0.0018737668,0.03614134,0.00016685326,-0.0050489805,0.0013165738,-0.016025104,0.011063731,-0.046777096,-0.004718271,-0.01450887,-0.07006974,0.018993061,0.03046904,-0.035819843,-0.032335408,-0.03352849
-0.57047296,-0.06802541,0.0091723185,0.0015655652,-0.001336674,0.0,0.00056872034,0.038003873,0.00016335891,0.0042553796,0.0019908792,-0.015182894,-0.010159824,0.040495165,0.022086041,-0.008724346,-0.017082514,0.022720706,-0.061858673,-0.022596294,-0.024737658,0.0010620587
0.14204185,-0.03251972,0.007217721,-0.006069244,-0.011260958,0.0,0.0008955664,-0.37777677,0.00013755518,-0.013278422,0.0033841475,-0.024554307,-0.027530916,-0.07234175,0.011443932,-0.07787021,0.0409016,-0.03461132,-0.14485112,-0.04068383,0.04552814,-0.008105308
0.18403104,0.1092303,0.023661973,0.002979104,-0.0055548246,0.0,0.007571619,0.19967233,0.00018139365,0.010741764,0.0018018062,0.07832779,0.004438902,0.15632555,-0.015518986,0.040938154,0.23235422,-0.029291447,0.15409547,-0.0066400776,0.10270673,0.030526334
-0.4139144,-0.12724003,0.004645091,-0.0073181707,-0.014292427,0.0,0.004169804,0.030715525,0.00014148695,0.009480958,0.0020415087,0.009611356,-0.012685504,-0.065179296,-0.03929538,-0.01570363,0.0008108811,0.016563833,-0.06592791,0.02410659,-0.03522556,-0.017209372
-0.40158167,-0.12283677,0.0043540406,0.0017694045,-0.011211144,0.0,0.0056231194,0.011238555,0.00013683367,0.012866429,0.0020691718,0.01074738,-0.010608232,-0.059230033,-0.03847985,-0.0068405285,0.0031410959,-0.018199526,-0.057890844,0.015496618,-0.051632587,-0.007857107
0.12885252,0.012204639,0.0047771116,-0.011035706,0.019416593,0.0,0.0024410652,0.0029557142,0.00013648628,-0.105521254,0.0018381954,0.002241986,0.009062183,-0.08106628,0.033739086,0.006505339,-0.08272034,0.060110364,0.17905857,0.18623008,0.09177402,0.020149928
-0.46934378,0.051591698,0.0061324243,-0.000676336,-0.004236601,0.0,0.0007439201,-0.07636335,-0.0052456185,0.0017259028,0.0026265562,-0.025881931,0.014314191,-0.04291197,-0.020706153,0.0047658407,-0.07356265,0.03509504,0.09026216,-0.074306,-0.029767837,-0.00078635715
0.071522236,-0.007407943,-0.061392944,0.0037574547,-0.0065192096,0.0,0.0029120487,0.008479416,0.00013779737,0.0035287368,0.002308436,-0.020897646,-0.005679116,0.05685548,-0.05084695,-0.003210184,0.00678345,0.031089516,-0.2824942,-0.04637293,-0.09739191,-0.09289895
0.11276535,-0.230351,0.0074655656,0.0039781877,-0.012745843,0.0,0.0018396926,-0.0032035264,0.00011365823,0.021045404,0.0033428012,-0.0257888,-0.0075687263,0.02956525,-0.08190005,0.0028557647,0.023296257,0.024611147,-0.30858412,-0.15480661,-0.07677155,0.01297239
0.12821533,0.030227222,0.008455101,0.015793819,-0.013708988,0.0,0.0043218564,0.05129386,0.00013656754,0.012181589,0.0017704726,0.008635881,0.015500479,-0.06547958,-0.014419445,0.007066867,-0.20247485,-0.03380644,0.11712177,-0.044050984,-0.030894054,0.016254164
0.08338215,-0.12375011,0.007654226,0.0005425198,-0.010665097,0.0,0.009189839,-0.1706151,0.00013338955,0.004947746,0.003383615,-0.007954763,-0.0109043,0.034774836,-0.030365938,0.005605246,0.008552039,-0.05573138,-0.2115758,-0.02685214,-0.039710566,0.0010605233
-0.48447213,0.02871036,0.005730893,0.0024396337,0.007839481,0.0,0.00042382945,-0.053439546,0.00014507741,0.015092378,0.0020656206,-0.029830009,0.010853933,-0.0426105,0.021203853,0.008857245,0.023906706,-0.009154816,-0.04959293,-0.032244727,0.04497014,0.0048102145
0.15336283,0.05138951,-0.029061496,0.048273105,0.00057782815,0.0,0.0010578026,0.010563783,0.00015398343,-0.082964614,0.0014859847,-0.1081495,-0.004071422,-0.06666584,-0.01953695,-0.0012100798,-0.09094061,0.01597726,0.1602246,0.037086457,-0.132189,0.027114099
0.17509057,0.14814943,0.021008804,0.003710887,-0.0051459256,0.0,-0.0047680913,0.07455184,0.0001842042,0.010686802,0.0050459765,0.04111986,-0.010647986,0.05601093,-0.0065350924,0.007482622,0.11203941,-0.025095975,0.062251206,0.00022490384,-0.03678483,0.020539077
0.05925578,-0.058583166,0.010638407,0.0010623708,-0.004462293,0.0,0.0039783632,-0.30295122,0.00013644945,0.002169714,0.0033861918,-0.010374484,-0.004941228,0.038165078,-0.03148199,-0.022094319,-0.09553466,-0.08614949,-0.17274138,0.03184843,-0.06469785,0.006231123
0.106530264,0.038647298,0.014394861,0.0031474896,-0.0056271967,0.0,0.01889193,0.017584085,0.0001515567,0.009289674,0.0034029693,0.021238577,-0.00552285,0.05486769,-0.033931784,0.0026505506,0.06315153,0.044882745,-0.17323475,-0.033466622,-0.025603473,-0.04013551
0.0844976,-0.21910769,0.0055338102,-0.012070684,0.008836792,0.0,0.0023651586,-0.020729396,0.00015743301,-0.0063506067,0.0017805083,-0.0018829878,0.010740833,-0.0615086,0.013583219,0.008705304,-0.10289369,0.022369584,-0.095211685,-0.13865584,-0.0529371,-0.1432875
0.14046802,0.051201604,0.012050901,0.0013611068,-0.0052652424,0.0,0.0043134564,-0.08360143,0.0001489046,0.007457739,0.0017726808,0.014627242,0.020826492,-0.01875336,0.053210612,0.020412592,-0.12692527,-0.01967925,0.05084233,-0.025437534,0.021544037,0.020169623
0.08583809,-0.03309179,0.008425737,0.00018771458,-0.0034547288,0.0,0.016078347,-0.11418239,0.00018024442,0.0047834516,0.0034207033,0.021941792,-0.0032327261,0.05193696,-0.039867725,0.019491222,0.066539876,0.010493684,-0.2246878,-0.022863153,0.054890916,-0.023480466
0.1087052,0.0034088155,0.013970929,-0.028478703,0.0021212846,0.0,0.0034458437,0.0583977,0.00015041094,0.018523034,0.003412847,-0.0053780135,0.014961737,-0.06905311,0.0720754,0.0060333502,-0.031094672,0.03291607,-0.12707716,-0.002995885,0.046437413,-0.011424536
0.1102736,0.02681659,0.014377156,0.0029823391,-0.0061527663,0.0,0.015140758,0.013577614,0.0001515567,0.0022048028,0.0033935816,0.010104432,-0.008563962,0.05594377,-0.039700534,0.002089155,0.048558358,0.043117747,-0.27022892,-0.11185418,-0.07292499,-0.052527707
0.29512134,0.057176203,0.0069283536,0.0047628386,-0.002767631,0.0,0.007970345,-0.03103256,0.00018828576,0.0054938286,0.0019120813,0.047923423,-0.0041892575,0.08907168,0.024719276,0.034925617,0.18789585,-0.015217119,0.45908833,0.17563288,0.025990479,0.06973733
-0.4263893,-0.08779335,0.0034105312,-0.003251531,0.004074707,0.0,0.0020989145,-0.009440338,0.00016116262,-0.002948328,0.0013166311,-0.017278535,0.010996886,-0.048958648,-0.0051857256,-0.0022158318,-0.07093747,0.026649619,0.034298312,-0.044193782,-0.050664235,-0.031337503
0.1360956,0.13610034,0.013662437,0.04651638,-0.00094354106,0.0,0.0015793913,0.019047307,0.00014263667,-0.07240211,0.0050356896,-0.061858315,-0.009062949,-0.08149301,0.035336975,0.0071313265,0.14024062,0.05500469,0.21978681,-0.050061397,-0.0072311545,-0.010105
0.124754354,-0.0034585486,-0.08394065,0.0038562876,-0.006571996,0.0,-0.00022901964,0.06754392,0.00014685324,0.005937349,0.0014275234,-0.0055614025,-0.00419825,0.013924075,-0.02135399,-0.035963424,-0.15629613,-0.04535085,-0.090852484,-0.054363202,0.078838594,-0.004972793
0.1508624,0.0301139,0.012537239,-0.001751348,0.010158367,0.0,0.0052348496,-0.02894712,0.00024906514,0.020712735,0.0035127855,-0.0018863026,0.019308008,-0.005562857,0.12521254,0.020435987,-0.050239846,0.03047528,0.0022332354,0.0929878,0.02558596,0.020494863
0.11718638,-0.14602013,0.00638559,-0.009578689,-0.02424101,0.0,0.016242536,0.009515807,0.00015813373,0.012608808,0.003422233,-0.0018640362,0.015458182,-0.025312427,-0.041088223,0.0038147636,0.02829188,0.031157037,-0.106213115,0.025695309,-0.015697975,-0.047531735
0.16808294,0.109252356,0.023885073,0.0033065923,-0.0060040234,0.0,0.041934486,0.20109552,0.00018139365,0.010018097,0.0020022755,0.06948146,0.006200491,0.16524935,-0.016715167,0.046021134,0.20971717,0.026011331,0.052680064,-0.0046246503,0.12865458,0.04560483
-0.42707884,-0.07894345,0.0036026565,0.0004979002,-0.007957557,0.0,0.0019656576,-0.08168897,0.00024177585,0.00091355754,0.0013168011,-0.01109765,0.012452181,-0.016520323,-0.021719554,0.0014648554,-0.04273669,-0.018444443,0.03662915,0.00088969956,0.00026522359,-0.0011330931
0.19010252,-0.13070709,0.006420806,0.003350611,0.025557443,0.0,0.0024831772,0.03744068,0.0014163643,0.013393978,0.001812045,0.010776741,-0.010315109,0.06545802,0.04058316,0.0057837223,-0.021618463,0.041953065,0.119997285,-0.017748168,-0.019404212,-0.024433749
0.094911575,0.003614094,-0.067827076,0.0008756911,-0.004893975,0.0,0.0048578526,-0.2844877,0.0001370971,0.005238414,0.0024650185,-0.008610221,-0.00015314585,0.05179489,0.029521888,-0.0033083465,0.02662163,-0.0526873,-0.13602176,-0.017694678,0.07969471,0.0278274
0.18592593,0.02627598,0.0016564794,0.003566801,-0.0070052217,0.0,0.003854067,0.035959266,0.00019329826,-0.0076808534,0.0017948926,0.0204875,0.010053934,-0.029738635,-0.008606263,0.013945097,-0.029603511,-0.16995485,0.031193297,0.061094232,-0.115580074,0.0046134167
0.082268916,-0.041666046,0.009038315,0.004522749,-0.0037395277,0.0,0.002239305,0.08703333,0.00018339811,0.00085833523,0.0034346592,0.00024219773,-0.008857481,-0.093889445,-0.05588521,0.011975249,0.03307297,-0.033279814,-0.106179945,0.14637913,0.03136422,0.00457956
-0.51447517,-0.08163881,0.0033369574,-0.004650032,0.0023795636,0.0,0.0020581968,-0.005717556,0.00016685326,-0.002489297,0.001322649,-0.015160909,0.012027904,-0.051668588,-0.020580918,-0.0034215269,-0.0638949,0.02494705,0.04137998,0.037536647,-0.043243125,-0.018292155
0.063932106,-0.011783195,0.007557084,0.0044223513,-0.0031271512,0.0,0.0014498164,0.0018530678,0.00018302932,-0.009271172,0.0034204335,-0.00015665028,-0.009251074,-0.09591837,-0.056740746,0.019045452,-0.022707026,0.023149574,-0.25342855,-0.06633191,0.055813473,0.04761076
0.10103662,-0.001423292,-0.084053986,0.004548889,-0.0065574213,0.0,0.0015170276,0.05082368,0.00013860346,0.0134153515,0.002314774,-0.020874633,-0.004605483,0.052375253,0.067462705,-0.0034170537,0.039247286,0.03912714,-0.23867132,-0.056595672,-0.087385215,0.014185628
0.05414999,0.049632918,0.012294252,-0.029827029,-0.027730856,0.0,0.0019398228,-0.0051997583,0.00014489514,-0.24730366,0.0017951352,-0.10132633,0.009751857,-0.055639908,0.012707979,0.0078221215,-0.13303009,0.04256027,-0.058779422,-0.031726122,0.0038089657,-0.18299463
0.13489819,0.036512088,0.0125469,-0.0073790015,0.006174567,0.0,0.0029617827,0.041515797,0.00015041094,0.020275353,0.0018448638,0.0049165995,0.014653162,-0.07044512,0.05609573,0.0081119165,-0.11589036,0.038086608,0.075474255,0.022667028,-0.0029013183,-0.0004660981
0.13428172,0.24417667,0.026861707,0.002793918,-0.0033248118,0.0,-0.0028533833,0.06902438,0.00026232272,-0.003611992,0.021051003,-0.004638502,-0.0019083832,-0.05753654,-0.016656984,0.0102693625,0.046215337,0.022909857,-0.03332203,0.15203029,0.030059462,0.04442533
0.16604738,0.046328317,0.012269011,0.0013477682,-0.00403703,0.0,0.0062540774,-0.09463977,0.00018293702,0.00546978,0.0018009432,0.042042077,-0.008571682,0.07319296,0.022510521,0.03751537,0.12650773,-0.05400101,0.175276,0.017627956,0.08727449,0.020619342
-0.51442397,-0.08134579,0.0033369574,-0.0040992303,0.0054860595,0.0,0.0020581968,-0.005000748,0.00016685326,0.0016482717,0.001322649,-0.015160909,0.013432301,-0.051675253,-0.020324579,-0.0034215269,-0.063560344,0.02535705,0.046059154,0.05245695,-0.040450573,-0.018230183
0.109848775,-0.15033327,0.0064026285,-0.008329764,-0.02374603,0.0,0.015778394,0.013319766,0.00015813373,0.0013817789,0.0034218288,-0.0092191575,0.013966508,-0.025913028,-0.038715318,0.0034148754,0.028009282,0.0299018,-0.113262706,0.057657417,-0.01910775,-0.06347666
0.13725257,0.033385884,0.011924184,-0.0036481842,0.009144516,0.0,0.0028910248,-0.05481909,0.0002581476,0.009000512,0.0018444485,0.0040042796,0.012902253,-0.03948694,0.05272943,0.021845907,-0.11715981,0.023422,0.038508095,0.011973803,0.026260713,0.00034026484
0.16221315,-0.15972245,-0.029386554,0.0038214938,-0.013724853,0.0,0.001893653,0.01325726,0.00013407136,-0.00481338,0.002340048,-0.009202288,-0.0029078063,-0.054023318,-0.06612641,-0.018075788,-0.10947716,0.040499926,-0.2140281,-0.045743484,-0.024946906,-0.021180658
-0.3874973,-0.098773494,0.0048616114,0.003957101,0.00487524,0.0,0.004419577,0.032934483,0.0001544146,-0.010619627,0.0020111667,-0.009902312,0.011933539,-0.042385086,-0.045728087,-0.00664131,-0.009625785,0.013556768,-0.047386337,0.089318484,-0.012330487,0.008246621
0.16658491,0.11654362,0.014626258,0.0040971474,-0.004197688,0.0,-0.011598068,0.041945204,0.0001838354,0.009174884,0.0050418247,0.031607237,-0.0072665005,0.02561174,-0.018548563,0.013228686,0.09999759,-0.060813066,-0.03300289,-0.0996766,-0.03745237,0.025866287
0.10072663,0.016921265,0.012917949,0.001332695,-0.0040583215,0.0,0.018835751,-0.07946905,0.00020067306,0.007876226,0.0034522626,0.022904523,-0.0052493485,0.040553432,-0.032316912,0.010263506,0.05781603,0.00358465,-0.23054786,-0.053655703,0.0074578924,-0.016383989
0.14204185,-0.03251972,0.007217721,-0.006069244,-0.011260958,0.0,0.0008955664,-0.37777677,0.00013755518,-0.013278422,0.0033841475,-0.024554307,-0.027530916,-0.07234175,0.011443932,-0.07787021,0.0409016,-0.03461132,-0.14485112,-0.04068383,0.04552814,-0.008105308
-0.49769825,-0.06985473,0.006621655,0.0012537192,-0.00032345534,0.0,0.0050963163,0.03348129,0.00016094021,0.005545721,0.002007898,-0.01400209,0.011289698,-0.021827051,0.019567162,-0.014686675,-0.0238773,0.02084442,-0.037625678,-0.027711172,-0.01390864,0.007452852
0.085311286,-0.061901692,0.008556742,0.0021796795,-0.0039526015,0.0,0.0053162877,-0.31704646,0.00014617958,0.0035648635,0.0034096916,-0.011034202,-0.012767146,0.030446732,-0.030781647,0.009708685,0.021291798,-0.021913918,-0.23236248,0.038745344,0.05137907,0.012871735
0.075174056,0.010629732,0.006180767,-0.014969999,-0.012459955,0.0,0.0027922106,0.018211983,6.95689e-05,0.011681833,0.0016192271,-0.07021885,0.0037183748,-0.08527216,-0.03305047,0.008979979,-0.2548063,0.035730347,-0.0847972,-0.08634619,-0.11142658,-0.048873298
-0.4696014,0.3094475,0.011642609,0.001609868,-0.0046826247,0.0,-0.00034232516,0.045952875,0.00011100937,0.0021960747,0.002660003,0.07553235,0.000532264,0.03518153,-0.011812454,-0.00084031775,0.011960564,0.02010745,-0.030316828,0.076929,0.051774774,-0.01915289
0.15499206,-0.16815907,0.0076057776,0.0026640722,0.016705798,0.0,0.0152435955,0.04197206,-0.010111288,0.027683202,0.0033550751,-0.009771089,-0.010419019,0.056255266,0.076976515,0.0033534155,-0.013983246,0.015346729,-0.120320275,0.019511553,-0.06978794,0.013424984
0.009038197,0.09005852,-0.09677135,0.004165757,-0.0070591997,0.0,0.00076455384,0.04337193,0.000108211425,-0.03444515,0.0031941098,-0.13845403,0.0057718717,-0.098112755,-0.031847317,-0.018431077,-0.09485998,0.041244324,0.015456905,-0.022723833,-0.09451872,-0.014287875
0.1361174,0.035073522,0.0111529175,0.001045194,-0.0066760574,0.0,0.0035550161,-0.09280452,0.00015798707,0.006201247,0.0017783633,0.012683137,0.013544445,-0.024024911,0.034221537,0.02078021,-0.1275176,-0.061584543,0.045144737,-0.055557262,0.0070237704,0.0056405943
-0.51447517,-0.08163881,0.0033369574,-0.004650032,0.0023795636,0.0,0.0020581968,-0.005717556,0.00016685326,-0.002489297,0.001322649,-0.015160909,0.012027904,-0.051668588,-0.020580918,-0.0034215269,-0.0638949,0.02494705,0.04137998,0.037536647,-0.043243125,-0.018292155
0.2275597,0.017584888,0.03152734,0.0055148,-0.004941451,0.0,0.0049117957,0.0795536,0.00019853679,0.007912235,0.0018066639,0.045970835,-0.008307817,0.07445218,-0.006307459,0.01888273,0.15076804,-0.031398498,0.45869365,0.027061481,0.13122836,0.024980584
0.11713628,0.01154137,0.0067577525,0.0037146038,-0.015417361,0.0,0.0030649316,-0.18176837,0.00015662739,0.0054653594,0.0017683314,0.007370103,0.02399486,-0.018609293,-0.025418743,0.020635394,-0.12566121,-0.03610495,0.04130325,0.0035622003,-0.004653084,-0.006757682
0.12655823,0.031708278,0.011060614,0.015699467,-0.013917356,0.0,0.0034444497,0.03834424,0.00015813373,0.010838705,0.0016861202,-0.03540613,0.014882421,-0.06308062,-0.014459312,0.00800283,-0.13436209,0.04639805,0.060028568,-0.07724676,-0.04175852,0.013148524
0.11324137,0.01902999,0.013972344,0.0212498,0.007834906,0.0,0.0034528633,0.062627055,0.00015041094,0.014298185,0.003412847,-0.005158529,0.020698749,-0.067006946,0.074055634,0.006449223,-0.028919239,0.03661267,-0.12254732,0.00859233,0.053893913,-0.0053649144
0.07203688,-0.019246856,0.005934363,-0.029073743,-0.025201343,0.0,0.002010718,-0.013494882,0.00014489514,-0.24411851,0.0017956926,-0.100269616,0.010354771,-0.055622537,0.0153814135,0.008556178,-0.13276693,0.046395306,-0.06466409,-0.0077669923,0.01024534,-0.18263444
0.27871558,0.06355334,0.008269202,0.0066856225,0.001815581,0.0,0.0012072637,0.2989244,0.00013792398,0.3371393,0.0034608857,-0.01748083,-0.01257095,-0.024001632,0.07634981,-0.0076061278,0.058087826,0.0022702601,-0.053390358,-0.015618615,0.1467587,0.013678562
0.06168939,-0.0615021,0.011436706,0.0008798941,-0.0063460274,0.0,0.004596271,-0.32390043,0.00013644945,0.0011144531,0.0034017789,-0.0073408047,-0.0037108718,0.034226082,-0.033470616,-0.028425854,-0.09606703,-0.07835453,-0.16836558,0.05985561,-0.05013248,-0.0025066996
0.072051935,-0.04532387,0.0074821096,0.00014034021,-0.0034452595,0.0,-0.05509442,-0.13972579,6.660559e-05,0.00417665,0.0033052154,0.013439721,-0.0030201033,0.04209438,-0.044016406,0.012338958,0.07117814,-0.093969904,-0.27426797,-0.027617296,0.05055703,-0.05677351
0.15558788,-0.1427049,-0.033118367,0.005004319,-0.03689036,0.0,0.001893653,0.01992741,0.00013300148,-0.0030613998,0.0023404863,-0.0098856855,-0.00026088304,-0.090664476,-0.065880135,-0.017278198,-0.051812444,0.04399853,-0.12866683,-0.0004943354,-0.07792862,-0.022217147
0.11258317,-0.017239904,0.013266994,0.0007311628,-0.004084662,0.0,0.0011400874,-0.18795343,0.00014553193,0.0018954074,0.0017700898,-0.010402568,-0.004386546,0.052491073,-0.02482964,0.048164442,-0.023744227,-0.07493726,0.043488014,-0.03278699,-0.1684749,-0.036384284
-0.48447213,0.02871036,0.005730893,0.0024396337,0.007839481,0.0,0.00042382945,-0.053439546,0.00014507741,0.015092378,0.0020656206,-0.029830009,0.010853933,-0.0426105,0.021203853,0.008857245,0.023906706,-0.009154816,-0.04959293,-0.032244727,0.04497014,0.0048102145
-0.38269654,-0.1483423,0.0050439867,-0.008150056,-0.014379822,0.0,0.0013368416,0.034258388,0.0001451945,0.022189973,0.0020328022,0.0024307093,-0.01398376,-0.06661985,-0.04081665,-0.014354975,0.014745509,0.019102875,-0.08527019,0.010701186,0.021080166,-0.03440073
0.07504964,0.124494754,-0.18700747,0.004398161,-0.0061188764,0.0,0.0011466928,0.043591727,0.00010130456,1.9141578e-05,0.009352874,0.011823054,0.0057497006,0.059829704,-0.034345925,0.008365174,0.038502518,0.019500038,-0.23046322,-0.051410194,-0.057835862,0.017385095
0.11584868,0.22279152,0.029758357,0.0026075328,-0.003873939,0.0,-0.010834582,0.099906914,0.00016806638,-0.007260778,0.020975221,0.0056577423,-0.007627435,-0.0681061,-0.03599574,0.0076839696,0.044485774,-0.042608716,-0.05975159,0.026820058,-0.069322474,0.010699277
0.27722678,0.08219903,0.015632175,0.006890076,-0.0037983577,0.0,0.008829467,0.15103017,0.00018865457,0.009783478,0.001914702,0.046425685,-0.005039914,0.12143243,-0.011038278,0.005651038,0.10367534,0.005133347,0.23350614,0.14818758,0.061004516,0.084211715
-0.31534111,-0.124454364,0.0036185943,-0.007549458,-0.005872228,0.0,0.0025270456,-0.09092914,0.00014054122,0.0074025407,0.002032234,0.008259007,-0.0113115255,-0.056994244,-0.040589742,-0.0039886567,0.012088012,-0.028967138,-0.07352156,-0.032136064,0.01473729,-0.027989555
0.16312246,0.24781367,0.0322267,0.0031395077,-0.005791018,0.0,0.01049962,0.0851516,0.00020293308,0.009478795,0.021209609,0.013581555,6.491001e-05,0.09739778,-0.013496084,0.004269748,0.08003121,0.048015866,-0.13662454,0.16949645,0.08938628,-0.037168484
0.050012846,-0.024971843,0.0077115255,0.005047388,-0.005483789,0.0,0.0012215208,-0.0053004576,0.00013300148,-0.0041153324,0.003412731,-0.0075115683,-0.012525108,-0.10418081,-0.057778645,0.012237905,-0.029590573,0.06191877,-0.15361355,0.005591474,-0.090794824,-0.030941473
0.19183457,0.0014919272,-0.015805503,0.0039317086,-0.0054147323,0.0,0.0005592173,0.040386043,0.00015148065,0.0744378,0.0015691135,-0.009955107,-0.0010693062,0.049861357,0.043026667,-0.013550316,0.11386532,0.048664324,0.25085098,-0.058942657,-0.1476658,-0.009365467
0.10234412,-0.003887454,0.014018695,0.0034657768,-0.00567857,0.0,0.00045254672,0.04718109,0.0001348959,0.0076760417,0.0019015122,-0.010560662,-0.010585536,0.0474842,-0.016128559,0.0057486845,0.05103675,0.07014964,-0.008950311,-0.058706265,-0.13599952,-0.035208236
0.21780281,0.022243826,-0.027922321,0.004433804,-0.006255323,0.0,0.0003439303,0.06708309,0.00013783843,0.008760599,0.0015712064,-0.0010831734,-0.0012188568,0.15342666,-0.012880083,-0.014501023,0.34725788,0.102275856,0.046815127,0.14842284,0.11950575,0.023349684
0.16490479,0.2090216,0.03232384,0.0040279776,-0.0051794304,0.0,-0.00041398534,0.08890306,0.0002418684,0.014101159,0.021220673,-0.0013266272,-0.010237997,0.12871458,0.057956718,0.0073836925,0.11489294,0.048570722,-0.08150279,0.07020818,0.089088984,0.026070502
0.20058033,0.091550775,0.014776745,0.003886771,-0.0034786626,0.0,0.002668662,0.07340257,0.00018293702,0.01013749,0.0019369212,0.03422339,-0.0063448427,0.11840402,-0.012132387,0.010443847,0.1401806,0.11392275,0.23168214,0.08389299,0.12033398,0.049386904
0.14124691,0.2207401,0.031699,0.0038824433,-0.0061722915,0.0,-0.0012278884,0.118252434,0.00017320654,0.0057598534,0.021011498,0.017322082,-0.0060629514,0.10417414,-0.023942012,0.0036740394,0.050079644,-0.0116743315,-0.2005021,-0.024116762,0.097125895,0.031241836
0.26635614,0.04267053,-0.0304117,0.004488581,-0.0034177257,0.0,0.0013729675,0.19981113,0.00018945611,0.009690793,0.0016020184,0.003460292,-0.0035244282,0.15680498,-0.013294735,-0.017377539,0.41788372,0.12879977,0.26918203,0.12317527,0.13117889,0.07359876
-0.49922755,-0.10411887,0.004605903,0.0016919819,0.004808895,0.0,0.0017073796,0.027707223,0.00016094021,0.005573501,0.0013140623,-0.011841667,0.013218135,-0.02613453,0.024713118,-0.012921908,-0.045775615,0.02247563,0.011194769,-0.02455378,-0.014584706,0.013590547
0.14088893,0.2420625,0.03393045,0.003102653,-0.004048173,0.0,0.002647488,0.07168564,0.00019922553,0.0018504082,0.021046774,0.009011157,0.0037363442,-0.036980335,-0.0138778975,0.00838786,0.04656614,0.06869062,-0.0019253395,0.18959722,-0.035023917,0.03084364
0.1544544,-0.1494773,0.007590513,0.0024421045,0.017616773,0.0,0.01524764,0.04550689,-0.009131456,0.028507495,0.0033534702,-0.010494077,-0.010408318,0.058084942,0.092304155,0.0038052446,-0.011078857,0.008820598,-0.11416266,0.044111412,-0.03560725,0.0009320845
0.18304887,0.15005434,0.020092271,0.0039615314,-0.005707711,0.0,-0.0004925253,0.054771874,0.00013471901,0.009874776,0.0050047855,0.036636442,-0.014481301,0.048867892,-0.0067655235,0.006387234,0.12865582,0.048004847,0.054987792,0.07501318,-0.036974527,0.02008283
0.09458298,-0.055973142,0.0071437983,0.0056687235,0.033036318,0.0,0.0010692541,-0.27173248,0.0001434997,0.018696766,0.0033811175,-0.014108216,0.029647483,-0.062977195,0.023979578,-0.04835427,0.034061007,-0.029321436,-0.13204218,-0.035790846,0.045685664,-0.00031028275
0.13671067,0.07808911,0.015264533,0.0061925803,-0.004510034,0.0,0.0024927047,0.05204107,0.00015041094,0.014678131,0.0017784982,-0.0007093991,0.023847166,-0.044804435,0.051504105,0.0076398416,-0.12757103,0.041429132,0.06909766,-0.03556738,-0.017492656,0.01037305
0.27131596,0.050220665,0.00963443,0.004173731,-0.0031705312,0.0,0.001019081,0.051834323,0.00014446204,0.0026666364,0.00188222,0.0165266,-0.012167024,-0.042330693,-0.011765927,-0.0052128234,0.15682259,0.12526351,0.46168873,0.113324486,0.03462517,0.06730499
0.035281338,-0.025004486,0.008362736,0.002170822,-0.011418904,0.0,0.0008358704,0.081467845,0.00013792398,0.008589948,0.003387398,-0.022759503,-0.05095265,-0.10700291,0.057549372,-0.050511003,0.022355305,-0.03191781,-0.09428322,-0.041821577,0.046592344,-0.0024623522
-0.35986814,0.08569105,0.012008096,-0.001709559,0.02881069,0.0,0.0007192024,0.15873854,0.00015268056,0.027240273,0.002068983,-0.019447446,0.010712363,-0.043271687,0.022400746,0.03932969,0.025952827,-0.006863984,-0.040869396,-0.021496814,0.051068936,0.00392094
0.0649821,-0.04129476,0.014318593,0.0013047052,-0.00430478,0.0,0.0021307585,-0.26082537,0.00014553193,0.0011588865,0.0033944282,-0.008080978,-0.0041221003,0.04813923,-0.03310595,-0.051312797,-0.09685318,-0.046180528,-0.13079226,-0.016745113,-0.06877526,-0.0007470923
0.09037592,-0.062240247,0.0079456065,0.0013634731,-0.0053845644,0.0,0.0029081323,-0.279127,0.0001370971,-0.0011648475,-0.0013221783,-0.012930344,-0.012913005,0.037777632,-0.03540194,0.0055463184,0.021050118,-0.072603144,-0.24266869,-0.035865694,0.035058413,0.013020676
0.054268356,0.020492898,-0.04184644,0.0008422181,-0.012255689,0.0,0.0042547835,-0.1664312,0.00019340854,-0.0018682888,0.0014339983,-0.006699777,0.0026624973,0.03232855,-0.016890494,-0.05783121,-0.25794306,-0.058487095,-0.010507997,-0.097705,-0.07118482,-0.018563649
-0.42850143,-0.14096847,0.0046867914,0.001496193,-0.014495792,0.0,0.0012991594,0.031497613,0.0001451945,0.02213706,0.0020676355,0.008344821,-0.013933371,-0.04952796,-0.050299242,-0.016197477,0.016937362,0.021387849,-0.075370535,-0.0032958884,0.037061006,-0.04579572
0.16034223,0.04929818,-0.06719261,0.047657058,0.0010493388,0.0,0.0009346989,-0.0026064522,0.00015291355,-0.11396122,0.0014848976,-0.015367437,-0.0047254283,-0.05891578,-0.018673643,-0.0052720276,-0.0135323275,0.019555733,-0.030291582,0.045564603,-0.16024189,0.012802483
