V3_Ventilation Duration (min),M1_is Enclosed,Period (d),Additive_2,Material_2,Material_Main,V2_Ventilation Interval (min),Initial Moisture Content (%),V4_Ventilation Day,Additive_4,V5_Ventilation rate (L/min/kg iniDW),Additive_1,V1_Ventilation Type,Application Rate (%DW),Material_3,Initial C/N (%), Composting Method,Turning times,Compost volume (m3),Additive_3,Initial GI (%),Initial pH,Initial TN (%),Initial TC (%),Final GI (%),NH3-N loss (%),N2O-N loss (%),CH4-C loss (%),CO2-C loss (%)
49.58646932632371,1.0,22.0,Microbiological agent,None,Swine manure,533.0,67.0,12.0,None,1.285548846802428,Ca-superphosphate,Intermittent ,3.7573592840421153,Byproduct,15.928132648375268,Trough,2.0,0.6277154746460176,None,27.32884658064516,6.5713498902677525,2.0952942734506244,33.374125124902626,100.71392299999997,9.256971309052778,1.1939958333969116,0.1706181962313363,22.72155636027093
0.0,1.0,35.0,None,Soil,Swine manure,0.0,56.0,0.0,None,0.0,None,None,2.7425617422351243,Straw,15.088979577679556,Windrow,5.0,0.6277154746460176,None,27.32884658064516,6.0,2.0952942734506244,31.615852501325392,100.85162300000002,9.358701910524848,0.0869201645255088,0.2043684697028658,20.433835605283942
0.0,1.0,43.0,Calcium magnesium phosphate fertilizer,Straw,Swine manure,0.0,58.0,0.0,None,0.0,MgCl₂,None,6.117812032808198,Green waste,17.0,Windrow,13.0,0.6277154746460176,None,27.32884658064516,7.0,2.0952942734506244,35.620002648660616,99.20062,8.50134608559632,0.0766074582934379,0.1823954694563428,1000000.0
0.0,1.0,28.0,Mg(OH)₂,Soil,Swine manure,0.0,68.0,14.0,None,1.2539236882811455,LB Culture,Continuous,8.97583875207254,Byproduct,20.03424059983629,Windrow,4.0,0.6277154746460176,None,27.32884658064516,6.0,2.0952942734506244,41.97762960176899,100.311079,7.73404179609507,0.1151208207011222,0.1745034044090126,23.71509175632446
0.0,1.0,35.0,Ca-superphosphate,Straw,Swine manure,0.0,52.0,0.0,None,0.0,Sand,None,6.847149193848282,Straw,29.0,Windrow,19.0,0.6277154746460176,None,27.32884658064516,6.332376540157051,2.0952942734506244,60.76353393006811,99.491722,9.076697769039637,0.1590240448713302,0.1873602281130309,1000000.0
0.0,1.0,48.0,MgO,Plastic tube pieces,Swine manure,0.0,56.0,22.0,None,1.7029851970286698,Calcium magnesium phosphate fertilizer,Continuous,2.4413164237577343,Poultry manure,14.750057399291329,Windrow,3.0,0.6277154746460176,None,27.32884658064516,8.0,2.0952942734506244,30.90571080180313,99.032236,8.016045937580284,0.1892628818750381,0.1840079952233407,19.213463727527326
0.0,1.0,36.0,None,Soil,Swine manure,0.0,50.786456244939295,0.0,None,0.0,MgO,None,4.008502670777489,None,15.3109379191982,Windrow,30.0,0.6277154746460176,None,27.32884658064516,8.0,2.0952942734506244,32.080920543254,99.8308,9.358701910524848,0.1117123514413833,0.1781220362957823,29.334124746582035
0.0,0.0,32.0,MgSO₄,Plastic tube pieces,Swine manure,0.0,68.0,0.0,None,0.0,Sulfur,None,6.366495059489672,Poultry manure,19.2068732708336,Windrow,21.0,0.6277154746460176,None,27.32884658064516,6.0,2.0952942734506244,40.2440515752695,99.085391,6.899572074326105,0.1142665594816207,0.1927083415502347,25.912044285987804
0.0,1.0,33.0,Gypsum,Green waste,Swine manure,0.0,62.92175109740532,31.0,None,0.2744302263270193,LB Culture,Continuous,9.969023052989566,Mature compost,34.0,Trough,2.0,0.6277154746460176,None,27.32884658064516,7.0,2.0952942734506244,71.24000529732123,99.969405,8.269731390968433,0.2082068175077438,0.1998354381503468,1000000.0
40.54672800827929,0.0,24.0,Inorganic acid,Plastic tube pieces,Swine manure,109.0,58.8836716036699,8.0,None,0.6459411895564924,Clay,Intermittent ,6.209943146291865,Straw,10.788874376006468,Windrow,4.0,0.6277154746460176,None,27.32884658064516,5.530667099307898,2.0952942734506244,22.60586669702453,101.12456699999998,5.034838924248318,1.0753427743911743,0.1708609938279068,23.874532185192464
0.0,1.0,27.0,MgO,Plastic tube pieces,Swine manure,0.0,65.0,0.0,None,0.0,Zeolite,None,2.749050209948505,Straw,14.462009035137552,Reactor,16.0,0.6277154746460176,None,27.32884658064516,7.27165226280319,2.0952942734506244,30.3021647139149,98.895585,7.689015304668887,0.0695063173770904,0.2111403445295521,26.82978066608021
0.0,1.0,20.0,Ca-superphosphate,Plastic tube pieces,Swine manure,0.0,66.8368621142076,10.0,None,0.8464239924796071,Mature compost,Continuous,4.489319231383643,Poultry manure,35.352257913752474,Windrow,4.0,0.6277154746460176,None,27.32884658064516,7.050172091525122,2.0952942734506244,74.07338356023507,101.77147000000002,7.753591064863087,0.1388793885707855,0.2295242574585567,24.690164232668277
0.0,1.0,32.0,Potassium phosphate,None,Swine manure,0.0,66.69345232789507,0.0,None,0.0,Labile carbon source,None,4.669658244510273,Poultry manure,30.91243355314615,Reactor,3.0,0.6277154746460176,None,27.32884658064516,6.112307589112274,2.0952942734506244,64.77064500233007,100.75226800000002,6.088430350413265,0.2441376000642776,0.2434660036584283,19.449302036222605
17.759362487278917,0.0,15.0,Calcium magnesium phosphate fertilizer,Straw,Swine manure,894.0,64.0,9.0,None,1.7696277587582487,Gypsum,Intermittent ,7.206269731636255,Mature compost,36.61727536579614,Trough,3.0,0.6277154746460176,None,27.32884658064516,6.0,2.0952942734506244,76.72396738331727,100.58075499999995,6.357374798691878,1.21539044380188,0.1375630599589914,23.873241963495246
0.0,1.0,31.0,Mg(OH)₂,Soil,Swine manure,0.0,58.41844856987577,0.0,None,0.0,Potassium phosphate,None,5.2003283739195725,Byproduct,32.34862331643892,Reactor,3.0,0.6277154746460176,None,27.32884658064516,6.0,2.0952942734506244,67.77988518894581,100.75226800000002,7.491254063615607,0.2882582545280456,0.1993811710742728,24.664015986411727
0.0,0.0,49.0,MgO,Plastic tube pieces,Swine manure,0.0,67.0,0.0,None,0.0,MgHPO₄,None,2.3676852759547837,Byproduct,34.43820185254081,Windrow,2.0,0.6277154746460176,None,27.32884658064516,7.547234171936243,2.0952942734506244,72.15816712956544,99.715947,6.899572074326105,0.1985093802213668,0.1881859899132332,20.059850691032924
0.0,1.0,29.0,Inorganic acid,Sawdust,Swine manure,0.0,52.35884607265356,0.0,None,0.0,Ca-superphosphate,None,7.822805904254081,Mature compost,19.0,Windrow,2.0,0.6277154746460176,None,27.32884658064516,5.0,2.0952942734506244,39.81059119556186,102.33687700000002,7.673874055837292,0.1931854486465454,0.1648713105525494,1000000.0
0.0,1.0,30.0,Ca-superphosphate,Sawdust,Swine manure,0.0,56.209848520445696,0.0,None,0.0,K₂SO₄,None,7.315080444572937,Byproduct,17.0,Reactor,8.0,0.6277154746460176,None,27.32884658064516,6.0,2.0952942734506244,35.620002648660616,99.02421499999998,6.088430350413265,0.1287628412246704,0.1969881728644138,1000000.0
0.0,1.0,27.0,DCD,Soil,Swine manure,0.0,58.71767505984485,0.0,None,0.0,Sodium phosphates,None,9.36748571198646,None,24.19215062394577,Reactor,3.0,0.6277154746460176,None,27.32884658064516,6.0,2.0952942734506244,50.68967466480853,100.93380600000002,7.491254063615607,0.2363149225711822,0.1863717945361063,21.51247344528868
0.0,1.0,20.0,Potassium phosphate,Plastic tube pieces,Swine manure,0.0,61.0,10.0,None,0.595417029166474,LB Culture,Continuous,9.904715964467812,Poultry manure,27.29919852898153,Reactor,3.0,0.6277154746460176,None,27.32884658064516,6.175883442591369,2.0952942734506244,57.19985434756671,100.82151600000002,6.035262309020228,0.2485471814870834,0.2268001348268214,23.094914096640675
0.0,1.0,31.0,DCD,Green Waste,Swine manure,0.0,52.89918383579565,0.0,None,0.0,Phosphogypsum,None,8.729624504997894,Byproduct,32.0,Windrow,5.0,0.6277154746460176,None,27.32884658064516,8.0,2.0952942734506244,67.04941675041998,100.50243500000003,9.076697769039637,0.1570772230625152,0.1905168574675516,1000000.0
0.0,1.0,24.0,Organic acid,None,Swine manure,0.0,56.7569734792533,0.0,None,0.0,K₂SO₄,None,6.38001656337209,Straw,15.435753166691605,Windrow,26.0,0.6277154746460176,None,27.32884658064516,6.88828546635199,2.0952942734506244,32.34244521656626,99.77205,7.975427466090523,0.1068992763757705,0.2039099691067332,26.286672622496592
0.0,1.0,45.0,Calcium magnesium phosphate fertilizer,Green Waste,Swine manure,0.0,54.0,0.0,None,0.0,MgHPO₄,None,4.876694968588369,Mature compost,17.77016900281018,Trough,28.0,0.6277154746460176,None,27.32884658064516,6.233958003660409,2.0952942734506244,37.23373334983796,99.376274,9.612387363912998,0.1114561110734939,0.246241652822852,25.15546352694116
0.0,1.0,31.0,DCD,Straw,Swine manure,0.0,58.0,0.0,None,0.0,MgCl₂,None,2.5999102876134845,Poultry manure,26.0,Windrow,3.0,0.6277154746460176,None,27.32884658064516,7.0,2.0952942734506244,54.47765110971624,102.80864200000002,8.50134608559632,0.2239510416984558,0.2341138297464369,1000000.0
0.0,0.0,14.0,Gypsum,Plastic tube pieces,Swine manure,0.0,58.0,0.0,None,0.0,MgSO₄,None,6.187509087016289,None,28.273766616361925,Windrow,2.0,0.6277154746460176,None,27.32884658064516,8.0,2.0952942734506244,59.24186128014258,101.065176,6.919121343094124,0.1931854486465454,0.1712710483048422,23.98668687344366
0.0,0.0,44.0,Ca-superphosphate,Sawdust,Swine manure,0.0,52.84699552950302,33.0,None,1.744980726369055,K₂SO₄,Continuous,5.918337353726165,Poultry manure,18.94851713289953,Windrow,4.0,0.6277154746460176,None,27.32884658064516,8.0,2.0952942734506244,39.70271943894543,100.500436,7.088893169658047,0.0953287333250045,0.2008058829167624,23.86295264791702
0.0,1.0,15.0,MgSO₄,Green waste,Swine manure,0.0,57.29389714380751,0.0,None,0.0,Gypsum,None,5.421424658642211,Byproduct,10.958683932564377,Reactor,3.0,0.6277154746460176,None,27.32884658064516,7.0,2.0952942734506244,22.961667688457503,100.512021,5.321133339611087,0.2356781661510467,0.2599607876070035,23.541812749848877
0.0,0.0,33.0,Calcium magnesium phosphate fertilizer,Soil,Swine manure,0.0,59.0,0.0,None,0.0,Carbonatite,None,2.6666022758651917,Byproduct,37.17732208875896,Trough,2.0,0.6277154746460176,None,27.32884658064516,5.215314656111787,2.0952942734506244,77.89743007480604,100.922104,6.032437955997123,0.1993623971939087,0.1499557144916207,24.29818521128244
0.0,1.0,34.0,None,Green waste,Swine manure,0.0,67.0,0.0,None,0.0,Biochar,None,5.21543997001458,Mature compost,15.555803261458042,Trough,30.0,0.6277154746460176,None,27.32884658064516,5.0,2.0952942734506244,32.59398549265758,99.536434,8.491567792195868,0.1114561110734939,0.2970099765696157,22.795468593595157
0.0,0.0,13.0,Inorganic acid,Green Waste,Swine manure,0.0,50.47052936402556,0.0,None,0.0,Inorganic acid,None,7.135280910294029,None,23.540735050190417,Trough,4.0,0.6277154746460176,None,27.32884658064516,6.0,2.0952942734506244,49.32476734348238,100.18628,6.051987224765142,0.1270505785942077,0.2021286785867616,21.916194332120448
0.0,0.0,28.0,Biochar,Woody peat,Swine manure,0.0,66.0,0.0,None,0.0,Carbonatite,None,9.641343171511682,Green waste,14.284100374193104,Windrow,13.0,0.6277154746460176,None,27.32884658064516,8.0,2.0952942734506244,29.92939371544073,99.184671,5.334910642533179,0.1218888834118843,0.144226992223071,27.784304284684804
0.0,1.0,22.0,Inorganic acid,Straw,Swine manure,0.0,63.94538185128119,10.0,None,1.488017685227128,Mature compost,Continuous,5.583240929904908,Straw,33.14862297911353,Trough,3.0,0.6277154746460176,None,27.32884658064516,7.0,2.0952942734506244,69.45611990091037,102.268533,8.28928065973645,0.2333394587039947,0.2352943213816544,26.80514538997388
0.0,1.0,36.0,MgO,Plastic tube pieces,Swine manure,0.0,62.96001488231572,0.0,None,0.0,Calcium magnesium phosphate fertilizer,None,5.458894299688848,Mature compost,23.90422084401513,Reactor,22.0,0.6277154746460176,None,27.32884658064516,5.227330631255195,2.0952942734506244,50.08637704576395,98.60941499999998,6.088430350413265,0.1575904339551925,0.2163870710982329,27.735698184497597
0.0,0.0,47.0,Zeolite,Husk,Swine manure,0.0,66.80532101463388,0.0,None,0.0,Ferric salt,None,8.160326058544415,Mature compost,23.28330908671829,Windrow,2.0,0.6277154746460176,None,27.32884658064516,5.613337347949009,2.0952942734506244,48.78538419638173,100.539555,5.496748361123763,0.1979985237121582,0.1907439325718234,17.9909252577588
0.0,1.0,23.0,Biochar,Plastic tube pieces,Swine manure,0.0,67.0,0.0,None,0.0,Clay,None,2.440402618252431,Poultry manure,15.41575276419238,Reactor,5.0,0.6277154746460176,None,27.32884658064516,6.0,2.0952942734506244,32.30053848774293,99.825562,6.389983760666495,0.1360888481140136,0.2346396016369163,22.41686761804553
0.0,1.0,15.0,DCD,Soil,Swine manure,0.0,54.91220536865056,0.0,None,0.0,Inorganic acid,None,4.748440524085158,Straw,19.518001196831403,Windrow,21.0,0.6277154746460176,None,27.32884658064516,6.601977313703646,2.0952942734506244,40.89595613692327,99.091665,7.693423324605311,0.109453484416008,0.2216098558002938,28.79775681303704
16.12616268144388,1.0,17.0,Biochar,Sawdust,Swine manure,898.0,51.34109778286791,6.0,None,0.4894681766860862,Microbiological agent,Intermittent ,5.5520131977424985,Straw,35.43605768575351,Windrow,4.0,0.6277154746460176,None,27.32884658064516,5.0,2.0952942734506244,74.24896874262531,102.023447,10.27649573613988,1.1133397817611694,0.1580700405344539,24.656233984599595
0.0,1.0,35.0,Mg(OH)₂,Woody peat,Swine manure,0.0,58.0,0.0,None,0.0,Sand,None,8.665656398840135,Green waste,32.58484752624409,Reactor,3.0,0.6277154746460176,None,27.32884658064516,6.0,2.0952942734506244,68.27484442300099,100.75226800000002,7.491254063615607,0.2441376000642776,0.1846103325841981,21.561640253600142
0.0,0.0,18.0,Organic acid,Husk,Swine manure,0.0,59.58926592096278,0.0,None,0.0,Sodium phosphates,None,4.3423024522458125,Straw,25.512591331324952,Windrow,3.0,0.6277154746460176,None,27.32884658064516,5.0,2.0952942734506244,53.45638651741121,101.683077,6.919121343094124,0.219137966632843,0.22353836972471,23.61569570698049
0.0,0.0,25.0,Organic acid,Green waste,Swine manure,0.0,70.0,8.0,None,1.3162476672028711,Inorganic acid,Continuous,9.814415105850983,Byproduct,38.76504804163935,Windrow,5.0,0.6277154746460176,None,27.32884658064516,6.665776112244482,2.0952942734506244,81.22418317168528,100.348831,7.108442438426066,0.1654602438211441,0.1982183693855407,22.02302724906772
0.0,1.0,15.0,Mg(OH)₂,Straw,Swine manure,0.0,51.0,0.0,None,0.0,Ferric salt,None,2.942633818795157,Byproduct,19.884002834346543,Windrow,16.0,0.6277154746460176,None,27.32884658064516,7.0,2.0952942734506244,41.6628372720823,99.091665,7.693423324605311,0.0985101535916328,0.2103535881153137,30.87817838154933
0.0,0.0,22.0,Mg(OH)₂,Plastic tube pieces,Swine manure,0.0,62.0,0.0,None,0.0,Mature compost,None,7.63404103077563,Poultry manure,33.0,Windrow,2.0,0.6277154746460176,None,27.32884658064516,5.382178870189082,2.0952942734506244,69.1447110238706,101.47009700000002,5.516297629891782,0.1931854486465454,0.1946525256572791,1000000.0
0.0,1.0,33.0,Gypsum,Plastic tube pieces,Swine manure,0.0,56.109931588911486,0.0,None,0.0,Lignite,None,6.2122231197709095,Straw,27.340456377661656,Windrow,21.0,0.6277154746460176,None,27.32884658064516,8.0,2.0952942734506244,57.28630168164107,99.6925,7.673874055837292,0.1590240448713302,0.2060422521911376,27.38848270116914
0.0,1.0,25.0,Potassium phosphate,Sawdust,Swine manure,0.0,61.05216394405363,0.0,None,0.0,LB Culture,None,5.7983642636719335,Green waste,32.91855570848527,Trough,27.0,0.6277154746460176,None,27.32884658064516,8.0,2.0952942734506244,68.97406126625455,99.19975499999998,8.229112919478673,0.1514005064964294,0.2364316459871614,29.477080772972823
0.0,1.0,28.0,Ca-superphosphate,None,Swine manure,0.0,65.0,0.0,None,0.0,Calcium magnesium phosphate fertilizer,None,2.422205195147191,Straw,29.0,Reactor,25.0,0.6277154746460176,None,27.32884658064516,7.0264179381046095,2.0952942734506244,60.76353393006811,98.55650700000002,6.088430350413265,0.1497677564620971,0.2231735458607758,1000000.0
0.0,1.0,47.0,Inorganic acid,Woody peat,Swine manure,0.0,58.0,0.0,None,0.0,K₂SO₄,None,4.593238656862689,Byproduct,16.684292601672652,Windrow,0.0,0.6277154746460176,None,27.32884658064516,7.0,2.0952942734506244,34.958502744859324,100.994977,4.580570794462318,0.2207792103290558,0.1727372176991125,19.847911882226366
0.0,1.0,32.0,Gypsum,Green Waste,Swine manure,0.0,64.61253546559959,0.0,None,0.0,MgHPO₄,None,6.345369589506483,None,30.0,Trough,17.0,0.6277154746460176,None,27.32884658064516,7.0,2.0952942734506244,62.85882820351873,99.167825,9.612387363912998,0.1587678045034408,0.2765923839557413,1000000.0
