Initial GI (%),V4_Ventilation Day,V2_Ventilation Interval (min), Composting Method,Material_3,Additive_3,Compost volume (m3),Turning times,Initial Moisture Content (%),Initial pH,Period (d),V5_Ventilation rate (L/min/kg iniDW),M1_is Enclosed,Initial C/N (%),Application Rate (%DW),Additive_4,Material_Main,Additive_2,Material_2,V1_Ventilation Type,V3_Ventilation Duration (min),Additive_1,Initial TN (%),Initial TC (%),Final GI (%),NH3-N loss (%),N2O-N loss (%),CH4-C loss (%),CO2-C loss (%)
27.32884658064516,30.0,1206.0,Reactor,Mature compost,None,0.6292491869918699,1.0,70.0,6.0,117.0,0.353871179532969,1.0,27.0,3.434091493644179,None,Poultry manure,DCD,Plastic tube pieces,Intermittent ,29.25207673630653,Microbiological agent,2.4967368849582217,61.715354553661896,104.66039700000005,9.696459934372209,0.2969594597816467,0.1133565451177578,1000000.0
27.328846580645163,1.0,749.0,Reactor,Poultry manure,None,0.6292491869918699,8.0,73.22909250702587,10.480522254555977,59.0,2.356702091455279,1.0,17.0,6.752670822373347,None,Poultry manure,Biochar,Green Waste,Intermittent ,33.250312906636005,Sulfur,3.123545203206788,92.01987633946028,104.46831700000004,1000000.0,1000000.0,1000000.0,1000000.0
27.32884658064516,0.0,50.0,Reactor,Mature compost,None,0.6292491869918699,4.0,83.88082838297179,7.393021887401879,105.0,0.2784222542595955,1.0,21.0,2.9493499190775614,None,Poultry manure,Microbiological agent,Straw,Intermittent ,41.4419180356192,Mg(OH)₂,2.4967368849582217,55.9579121505684,102.25895000000004,6.498781396783098,0.1900274604558944,0.1819966607068135,1000000.0
27.328846580645163,75.0,1130.0,Trough,Mature compost,None,0.6292491869918699,0.0,52.0,7.196249334688778,96.0,0.749313012220082,1.0,19.0,7.585632282203187,None,Poultry manure,Ca-superphosphate,Byproduct,Intermittent ,52.06632476268143,Sulfur,2.4967368849582217,85.78183465739423,104.86761400000005,8.427373095528711,0.4264160394668579,0.1138712616938308,1000000.0
27.328846580645163,6.0,958.0,Trough,Mature compost,None,0.6292491869918699,23.0,55.0,9.031723559586451,26.0,0.3997658174383209,1.0,36.0,4.630604620652077,None,Poultry manure,Ca-superphosphate,Straw,Intermittent ,37.13741538759461,Ferric salt,2.4967368849582217,71.2196292312655,102.86912500000004,8.094576230578225,0.2506653666496277,0.1447377561823446,1000000.0
27.32884658064516,12.0,975.0,Trough,Green waste,None,0.6292491869918699,29.0,62.0,5.0,80.0,1.4015219884187204,1.0,25.0,9.015315213816235,None,Poultry manure,None,Straw,Intermittent ,28.522712341038577,Clay,2.4967368849582217,72.421423783265,97.94472400000002,9.144330392603198,0.332487016916275,0.1454599655119496,1000000.0
27.32884658064516,52.0,1286.0,Windrow,Straw,None,0.6292491869918699,20.0,73.02260252051785,8.66282180232595,110.0,1.4562457117270386,0.0,14.0,3.473343968753718,None,Poultry manure,Calcium magnesium phosphate fertilizer,Green waste,Intermittent ,42.47771707170149,Ca-superphosphate,2.4967368849582217,24.12480963019513,104.02755900000002,9.144330392603198,0.374940425157547,0.1687003915326184,1000000.0
27.32884658064516,82.0,602.0,Reactor,Poultry manure,None,0.6292491869918699,17.0,78.86013876264619,5.0,84.0,1.672347514223337,1.0,33.0,6.3182171321181055,None,Poultry manure,Gypsum,Plastic tube pieces,Intermittent ,33.3558312767555,Ca-superphosphate,2.4967368849582217,54.09597290726096,102.673509,9.077583184786288,0.3115368783473968,0.1721123467471118,1000000.0
27.32884658064516,20.0,730.0,Trough,Straw,None,0.6292491869918699,19.0,78.31759301383923,9.234520705160048,126.0,0.0571254873604309,0.0,16.0,5.306567772212451,None,Poultry manure,DCD,Husk,Intermittent ,27.20541213463565,Forsterite,2.4967368849582217,32.91930561112949,103.633951,9.144330392603198,0.3153926134109497,0.1590318260852311,1000000.0
27.32884658064516,68.0,1094.0,Windrow,Green waste,None,0.6292491869918699,30.0,63.0,6.0,111.0,1.1670669715744273,0.0,37.0,3.1389826044080484,None,Poultry manure,Gypsum,Straw,Intermittent ,35.90630568577765,Ca-superphosphate,2.4967368849582217,88.05841647154412,103.156019,9.144330392603198,0.332487016916275,0.145458469733091,1000000.0
27.32884658064516,73.0,1364.0,Trough,Mature compost,None,0.6292491869918699,17.0,61.0,9.592730006945438,108.0,1.5102158407213206,0.0,32.0,2.610235713382499,None,Poultry manure,MgSO₄,Sawdust,Intermittent ,36.86091208011403,Inorganic acid,2.4967368849582217,89.54484502198149,99.00874600000004,8.3760140378259,0.3366207778453827,0.160794117064318,1000000.0
27.32884658064516,16.0,1191.0,Windrow,Straw,None,0.6292491869918699,3.0,81.35796522709745,9.04438670163485,45.0,1.3153652987128173,0.0,24.0,7.267546565146363,None,Poultry manure,Ca-superphosphate,Green waste,Intermittent ,47.14846851730435,Ca-superphosphate,2.4967368849582217,15.406522225767857,105.37476300000004,9.547174865154991,0.3827088475227356,0.1843431967999224,1000000.0
27.32884658064516,0.0,1408.0,Reactor,Straw,None,0.6292491869918699,22.0,73.9471525796108,6.0,131.0,1.906264022496412,1.0,26.0,5.324506070076392,None,Poultry manure,DCD,Woody peat,Intermittent ,59.983072894954326,MgO,2.4967368849582217,85.71817921396307,104.04360700000002,7.489010287694208,0.2171480506658554,0.1806389609905586,1000000.0
27.32884658064516,21.0,691.0,Windrow,Poultry manure,None,0.6292491869918699,1.0,58.0,12.033846492521596,51.0,0.425638522590773,1.0,44.889193863506826,5.225023086391782,None,Poultry manure,Ca-superphosphate,Green Waste,Intermittent ,50.40242573448965,Carbonatite,2.4967368849582217,112.07650605505776,105.14899500000004,9.547174865154991,0.5161535143852234,0.1731445981126627,20.359978841229378
27.32884658064516,48.0,31.0,Reactor,Poultry manure,None,0.6292491869918699,16.0,62.0,5.0,63.0,1.2846679468286826,1.0,29.393556255990283,7.268125655662592,None,Poultry manure,DCD,Soil,Intermittent ,50.370782813139485,MgCl₂,2.4967368849582217,25.499259929130684,106.00518200000006,8.932060657470197,0.3344297707080841,0.2012109164080268,1000000.0
27.32884658064516,25.0,1221.0,Reactor,Poultry manure,None,0.6292491869918699,18.0,55.0,8.261017214062493,122.0,1.117555024696281,1.0,24.384822064993678,9.359319784267118,None,Poultry manure,DCD,Straw,Intermittent ,34.83219128472621,Lime,2.4967368849582217,15.04576124159176,104.6411716666667,10.92167235888498,0.332487016916275,0.1546564847164989,1000000.0
27.32884658064516,36.0,30.0,Trough,Mature compost,None,0.6292491869918699,13.0,82.89876079818589,10.780199725531055,72.0,1.0994709678391372,1.0,41.58830484526928,2.8592817673415905,None,Poultry manure,Calcium magnesium phosphate fertilizer,None,Intermittent ,30.40679795252848,Labile carbon source,2.4967368849582217,103.83505469007054,104.75199866666672,9.24683054141526,0.2450607120990753,0.2124188032335611,22.30515185469987
27.32884658064516,6.0,1372.0,Reactor,Straw,None,0.6292491869918699,26.0,80.5076846926641,9.892512071841928,46.0,1.6020017032677158,1.0,15.0,7.567919333820573,None,Poultry manure,DCD,Soil,Intermittent ,47.07192319652128,MgCl₂,2.4967368849582217,78.42550015273457,106.69061100000005,7.146571506074382,0.2788896560668945,0.1686001542705055,1000000.0
27.32884658064516,55.0,44.0,Trough,Mature compost,None,0.6292491869918699,26.0,67.0,9.53512341701122,130.0,0.695561659475713,1.0,20.0,5.055137183446156,None,Poultry manure,Calcium magnesium phosphate fertilizer,Green Waste,Intermittent ,35.319101222923074,MgCl₂,2.4967368849582217,52.885407364375794,104.2654636666667,8.998807865287107,0.5083850622177124,0.2070830683888001,1000000.0
27.32884658064516,70.0,775.0,Reactor,Straw,None,0.6292491869918699,24.0,61.0,9.36934977298583,109.0,1.5492081430025062,1.0,27.0,9.70129046371258,None,Poultry manure,Gypsum,Straw,Intermittent ,52.43213501453629,Forsterite,2.4967368849582217,97.24400604504577,102.93318600000002,9.077583184786288,0.332487016916275,0.1522647341842277,1000000.0
27.32884658064516,51.0,415.0,Trough,Green waste,None,0.6292491869918699,5.0,60.0,9.961077366968103,127.0,1.2122673458676778,0.0,10.0,4.03700251463478,None,Poultry manure,Calcium magnesium phosphate fertilizer,Soil,Intermittent ,44.70986834460483,Urea,2.4967368849582217,25.4215290881938,104.57177300000004,8.763933582510539,0.1929097771644592,0.1304330085307321,1000000.0
27.32884658064516,19.0,451.0,Windrow,Byproduct,None,0.6292491869918699,23.0,80.3806047106797,10.312787967535716,19.0,1.267289799490727,1.0,19.0,4.735247055636696,None,Poultry manure,Calcium magnesium phosphate fertilizer,Green Waste,Intermittent ,31.089632116872583,Forsterite,2.4967368849582217,20.102973815147468,99.63608300000004,8.701281153280654,0.507676362991333,0.1975229581420758,1000000.0
27.32884658064516,11.0,1267.0,Trough,None,None,0.6292491869918699,4.0,61.0,8.0,69.0,1.863253776253396,0.0,36.0,5.332624336376184,None,Poultry manure,Ca-superphosphate,Soil,Intermittent ,44.49110977375254,Inorganic acid,2.4967368849582217,66.8499836833446,104.28641000000005,8.778858510377695,0.1929097771644592,0.1347767102240344,1000000.0
27.32884658064516,54.0,1120.0,Trough,None,None,0.6292491869918699,13.0,59.0,10.58792100027224,67.0,1.8246918536094168,1.0,15.807978997655004,6.37064783939733,None,Poultry manure,Biochar,None,Intermittent ,31.079509644019275,Ferric salt,2.4967368849582217,14.687751558195686,101.0703406666667,10.969204801511196,1.00738525390625,0.1717774530128172,1000000.0
27.328846580645163,4.0,652.0,Trough,Mature compost,None,0.6292491869918699,23.0,73.63061095451356,5.0,107.0,0.6789974268447863,1.0,34.0,3.691661244132757,None,Poultry manure,Biochar,Green Waste,Intermittent ,38.23424962489745,MgHPO₄,2.4967368849582217,80.98821189178632,104.233921,9.59088267413856,1.2500238418579102,0.162100917620064,1000000.0
27.32884658064516,56.0,29.0,Reactor,Green waste,None,0.6292491869918699,31.0,72.94853832908962,6.0,129.0,1.5345939613733215,1.0,12.0,7.156485997263786,None,Poultry manure,DCD,Byproduct,Intermittent ,55.364879931458745,Phosphogypsum,2.4967368849582217,34.848970573980075,105.32403800000004,8.785150180793558,0.4893134534358978,0.1637397917138165,1000000.0
27.32884658064516,5.0,595.0,Windrow,Straw,None,0.6292491869918699,10.0,73.54034415889964,6.000000000000001,22.0,1.9644624270806743,0.0,11.0,5.709288632758798,None,Poultry manure,DCD,None,Intermittent ,35.623891628919125,MgSO₄,2.4967368849582217,24.87683700481792,107.16929500000006,8.665538613345872,0.2655813694000244,0.1653191010382776,1000000.0
27.32884658064516,4.0,460.0,Reactor,Green waste,None,0.6292491869918699,31.0,82.0918845489245,11.436341124414955,86.0,1.3009418176714038,1.0,14.0,5.037760566065547,None,Poultry manure,Calcium magnesium phosphate fertilizer,Woody peat,Intermittent ,50.74597081234006,Phosphogypsum,2.4967368849582217,75.91785148211794,104.97208600000005,8.440140595089064,0.2506653666496277,0.1462182292806747,1000000.0
27.32884658064516,47.0,318.0,Windrow,Poultry manure,None,0.6292491869918699,1.0,60.0,10.64664574551085,92.0,1.2250071108904277,1.0,35.0,5.636865867708673,None,Poultry manure,Biochar,Sawdust,Intermittent ,27.84802183213323,Mature compost,2.81968521662198,22.997518445512977,103.76223800000004,1000000.0,1000000.0,1000000.0,1000000.0
27.32884658064516,22.0,244.0,Reactor,Green waste,None,0.6292491869918699,23.0,60.99999999999999,5.0,57.0,0.6565777833018849,1.0,33.0,6.322492020783362,None,Poultry manure,DCD,Woody peat,Intermittent ,51.28727923112716,Sodium salt,2.4967368849582217,41.98737148632717,104.046706,9.267218717711508,0.332487016916275,0.15002171341855,1000000.0
27.32884658064516,6.0,723.0,Reactor,None,None,0.6292491869918699,5.0,79.93783193206698,6.0,14.0,1.661772308859566,1.0,13.0,9.603268135757304,None,Poultry manure,Ca-superphosphate,Soil,Intermittent ,55.191656525899496,Sulfur,2.4967368849582217,64.93027161056793,105.76454100000004,7.755731946336798,0.2260273098945617,0.1177472370539162,1000000.0
27.32884658064516,4.0,418.0,Windrow,Straw,None,0.6292491869918699,8.0,69.0,10.856645823121909,13.0,0.8405408603643088,1.0,24.27065265024703,6.7648673392863765,None,Poultry manure,MgSO₄,Soil,Intermittent ,33.49581909875517,MgO,2.4967368849582217,77.44891402742537,101.99160400000002,8.123783993663919,0.8395833373069763,0.1917193073814794,1000000.0
27.32884658064516,5.0,666.0,Trough,Mature compost,None,0.6292491869918699,22.0,51.0,10.07371698802243,45.0,0.6205864781421055,0.0,13.0,4.08014052236605,None,Poultry manure,DCD,Green waste,Intermittent ,53.46249119771165,Organic acid,2.4967368849582217,32.42343346821672,108.34445800000005,8.825683858639735,0.3934166729450226,0.1271972944309664,1000000.0
27.32884658064516,56.0,1244.0,Trough,Straw,None,0.6292491869918699,9.0,59.0,9.784834482273013,116.0,0.0815728784634957,1.0,30.0,5.834431576231101,None,Poultry manure,DCD,Soil,Intermittent ,28.9341282341642,Potassium phosphate,2.4967368849582217,76.76399128412069,101.8851256666667,9.305688202192492,0.33553147315979,0.1362789151989653,1000000.0
27.32884658064516,43.0,1279.0,Windrow,None,None,0.6292491869918699,11.0,78.89735828907064,9.855792263625196,94.0,1.3131080382311004,0.0,10.0,5.986969533395047,None,Poultry manure,Gypsum,Straw,Intermittent ,54.84724253474647,MgO,2.4967368849582217,51.60475268959862,103.17710900000002,10.223336912616894,0.3335887193679809,0.1474262868111728,1000000.0
27.32884658064516,21.0,250.0,Reactor,Poultry manure,None,0.6292491869918699,5.0,60.0,5.0,68.0,0.9944298071330786,1.0,29.0,6.701318872175527,None,Poultry manure,Calcium magnesium phosphate fertilizer,Byproduct,Intermittent ,29.340542885989603,Ferric salt,2.4967368849582217,62.49997017335861,102.70228000000004,6.104175213578431,0.42415452003479,0.2011392946950649,1000000.0
27.328846580645163,19.0,1383.0,Reactor,Straw,None,0.6292491869918699,0.0,58.0,8.231187312853557,51.0,0.4308700160894609,1.0,23.0,6.087815296839718,None,Poultry manure,Organic acid,Soil,Intermittent ,57.22418907898228,Sodium salt,2.4967368849582217,31.260784177956133,99.34383700000004,8.725464098029555,0.3078488111495971,0.1513727914416167,1000000.0
27.32884658064516,0.0,1205.0,Windrow,Straw,None,0.6292491869918699,0.0,73.24319073348765,10.620445233320254,94.0,1.6445311118434915,0.0,38.0,3.854548598608224,None,Poultry manure,Organic acid,Sawdust,Intermittent ,33.02266883839091,Mature compost,2.4967368849582217,34.006263836052675,101.926739,8.269826086224777,0.1941937208175659,0.161717185140168,1000000.0
27.32884658064516,62.0,665.0,Reactor,Byproduct,None,0.6292491869918699,5.0,71.66949469199768,9.38576292817724,105.0,1.0795497761552322,1.0,17.0,8.880605054260494,None,Poultry manure,DCD,None,Intermittent ,25.57210187881321,LB Culture,2.4967368849582217,24.30335180690793,101.61354400000003,7.923455015957627,0.3064821064472198,0.1601380562546295,1000000.0
27.32884658064516,13.0,659.0,Reactor,Poultry manure,None,0.6292491869918699,8.0,62.50710527715669,9.79749456607738,116.0,0.835702333453324,1.0,36.0,5.309892856385739,None,Poultry manure,Gypsum,Soil,Intermittent ,33.169322027020485,Inorganic acid,2.4967368849582217,49.7153368777818,102.45462200000004,8.176421707687425,0.33553147315979,0.1546295324066103,1000000.0
27.32884658064516,28.0,183.0,Reactor,Straw,None,0.6292491869918699,3.0,73.65470653917741,6.0,93.0,0.931658304630357,1.0,38.0,6.79019157830508,None,Poultry manure,DCD,Husk,Intermittent ,43.04912364841762,Potassium phosphate,2.4967368849582217,96.4440925082248,106.08102000000004,8.725464098029555,0.3022046387195587,0.1800350126952679,1000000.0
27.32884658064516,55.0,302.0,Windrow,Green waste,None,0.6292491869918699,1.0,62.0,6.0,79.0,0.5431649017655487,0.0,36.0,8.36093335877635,None,Poultry manure,DCD,Plastic tube pieces,Intermittent ,34.555336891701856,Phosphogypsum,2.4967368849582217,34.11356836083532,105.85858200000006,9.571079173234702,0.2969594597816467,0.1210755076620068,1000000.0
27.32884658064516,48.0,807.0,Windrow,Poultry manure,None,0.6292491869918699,15.0,56.0,7.0,54.0,1.421500230925781,1.0,36.0,2.411578301612969,None,Poultry manure,Calcium magnesium phosphate fertilizer,Sawdust,Intermittent ,52.46401316746823,Lime,2.4967368849582217,49.75867242883546,104.15660800000003,10.988419566701891,0.2216816246509552,0.170511803209835,1000000.0
27.32884658064516,62.0,1176.0,Trough,Poultry manure,None,0.6292491869918699,0.0,64.0,7.0,110.0,0.0155933732037325,1.0,21.0,8.605601894691512,None,Poultry manure,DCD,Green Waste,Intermittent ,35.94554709235051,LB Culture,2.4967368849582217,15.32939559782072,105.745111,8.43325146309708,0.589080810546875,0.1635931730856382,1000000.0
27.32884658064516,6.0,21.0,Reactor,Mature compost,None,0.6292491869918699,23.0,70.70414417797014,7.0,74.0,0.0607802922110751,1.0,19.0,9.741092281458142,None,Poultry manure,Biochar,None,Intermittent ,34.36024554203749,Carbonatite,2.4967368849582217,54.35539849527788,108.3360306666667,10.233853908632966,1.0475497245788574,0.1943920729684512,1000000.0
27.328846580645163,17.0,938.0,Trough,Mature compost,None,0.6292491869918699,8.0,73.65610171029685,11.166984184525733,75.0,0.4078870746291003,1.0,37.0,6.034319015152285,None,Poultry manure,Gypsum,Soil,Intermittent ,37.418853316739614,Sodium phosphates,2.4967368849582217,24.446168291473622,102.29086200000005,8.763933582510539,0.33553147315979,0.1553642350169082,1000000.0
27.32884658064516,1.0,945.0,Trough,Mature compost,None,0.6292491869918699,5.0,81.51412627951655,8.0,24.0,1.9157118063620369,0.0,11.0,2.724163360714778,None,Poultry manure,Biochar,Woody peat,Intermittent ,49.6866005439657,Forsterite,2.4967368849582217,46.48025544548232,104.49516100000004,4.351256436007075,-0.0544136017560958,0.1494395910033434,1000000.0
27.32884658064516,33.0,907.0,Windrow,None,None,0.6292491869918699,17.0,51.0,6.0,99.0,1.6149476071947897,0.0,11.0,2.395306428041235,None,Poultry manure,DCD,Soil,Intermittent ,37.72367525689108,Mature compost,2.4967368849582217,71.93990177496119,103.77494200000004,11.066779114998834,0.3344297707080841,0.1232629470566066,1000000.0
27.32884658064516,12.0,593.0,Trough,Straw,None,0.6292491869918699,9.0,76.32811924529602,8.0,19.0,1.7477883526795026,1.0,24.0,9.442761676927432,None,Poultry manure,Calcium magnesium phosphate fertilizer,Woody peat,Intermittent ,26.5816024690786,Sulfur,2.4967368849582217,86.9084679167737,100.3486866666667,9.305688202192492,0.2186496257781982,0.2097168109559663,1000000.0
27.328846580645163,16.0,482.0,Reactor,Poultry manure,None,0.6292491869918699,10.0,73.51964021310533,6.0,48.0,1.845143229432861,1.0,30.0,4.571092159910325,None,Poultry manure,Calcium magnesium phosphate fertilizer,Green Waste,Intermittent ,38.560262441438766,Sodium salt,2.4967368849582217,40.09884171056013,102.85512500000004,9.267218717711508,0.5094867944717407,0.1692540732672224,1000000.0
27.328846580645163,8.0,569.0,Windrow,Green waste,None,0.6292491869918699,27.0,59.0,5.0,80.0,0.4757155881074071,1.0,21.0,6.526359923896038,None,Poultry manure,DCD,Woody peat,Intermittent ,49.99582262290369,Gypsum,2.4967368849582217,33.643667829523714,103.26033200000003,9.144330392603198,0.2768523693084717,0.1412699653428384,1000000.0
27.32884658064516,26.0,1100.0,Reactor,Poultry manure,None,0.6292491869918699,4.0,52.0,6.0,120.0,1.7780805733338945,1.0,42.09749308315352,7.064546335841584,None,Poultry manure,MgSO₄,Straw,Intermittent ,44.64155138078719,Labile carbon source,2.4967368849582217,105.106363744983,99.69489200000004,9.047238211276785,0.3053663969039917,0.1550706187497105,18.52599838519679
27.32884658064516,12.0,290.0,Trough,Mature compost,None,0.6292491869918699,7.0,50.0,10.567802838780374,87.0,1.9994901434154988,0.0,40.10076439819662,7.015933412289068,None,Poultry manure,Gypsum,Sawdust,Intermittent ,55.65982608905843,Sodium phosphates,2.4967368849582217,100.12105758799696,102.703773,8.763933582510539,0.3323020339012146,0.1581567395892252,23.10397886116
27.328846580645163,19.0,70.0,Trough,Green waste,None,0.6292491869918699,2.0,71.79068491331105,9.928613925248296,49.0,0.8749481737385165,1.0,21.0,2.826965564709813,None,Poultry manure,Ca-superphosphate,None,Intermittent ,57.38523658694819,Sulfur,2.4967368849582217,95.94438594338176,105.28440200000004,9.351999730088806,0.2318726778030395,0.1868976382746237,1000000.0
27.328846580645163,59.0,1234.0,Trough,Mature compost,None,0.6292491869918699,0.0,59.0,6.0,122.0,1.077359555420629,0.0,22.06915661976623,6.771796795585235,None,Poultry manure,Biochar,Sawdust,Intermittent ,54.40230195977125,MgO,2.4967368849582217,20.61773645306593,103.48310800000009,11.47280537065087,0.8181488513946533,0.1315143228015535,1000000.0
27.32884658064516,0.0,0.0,Windrow,Straw,None,0.6292491869918699,1.0,66.0,10.17065272907734,42.0,0.0,0.0,11.0,2.9185472767084155,None,Poultry manure,Calcium magnesium phosphate fertilizer,Soil,None,0.0,Lignite,2.4967368849582217,40.83131928091348,97.60785900000002,8.051359796569068,0.0431349501013755,0.155056751185024,1000000.0
27.32884658064516,16.0,1071.0,Windrow,Mature compost,None,0.6292491869918699,27.0,83.508453543002,6.0,117.0,0.246572433939628,1.0,40.64369163687865,5.753753909017523,None,Poultry manure,Gypsum,Green waste,Intermittent ,32.946499823746706,Phosphogypsum,2.4967368849582217,101.47660405066291,102.58199799999998,10.112833792916655,0.4478677213191986,0.1460576570440755,19.213334368178845
27.328846580645163,5.0,1368.0,Trough,Straw,None,0.6292491869918699,29.0,81.74037126381275,9.128997440160813,116.0,1.03987470005645,0.0,31.0,3.926876290369318,None,Poultry manure,DCD,Sawdust,Intermittent ,35.977453957750136,Sulfur,2.4967368849582217,69.81007310125858,108.66164500000004,7.747889902921467,0.280117392539978,0.1521572407538236,1000000.0
27.32884658064516,20.0,1065.0,Reactor,None,None,0.6292491869918699,2.0,79.06449531534189,9.235589666954889,67.0,1.941003930071366,1.0,13.0,4.653002492829168,None,Poultry manure,DCD,Straw,Intermittent ,32.617254995434024,MgO,2.4967368849582217,26.190415163466596,105.95110900000002,9.566687394378372,0.3053663969039917,0.1295159681041139,1000000.0
27.32884658064516,37.0,105.0,Reactor,None,None,0.6292491869918699,1.0,58.0,9.3094440830542,133.0,1.6434974335840802,1.0,38.0,6.870577128942098,None,Poultry manure,Ca-superphosphate,Sawdust,Intermittent ,54.96670210114021,Sodium salt,2.4967368849582217,45.788191680907474,104.95246200000004,9.313530245607822,0.1955568492412567,0.1856210645348185,1000000.0
27.32884658064516,78.0,551.0,Windrow,Poultry manure,None,0.6292491869918699,16.0,71.60187363117588,6.0,83.0,0.817611683091759,1.0,40.0,5.542273684398618,None,Poultry manure,Calcium magnesium phosphate fertilizer,Sawdust,Intermittent ,39.96666080015473,Phosphogypsum,2.4967368849582217,20.329727151274877,104.22151900000004,10.112833792916655,0.2216816246509552,0.1578264744716241,1000000.0
27.32884658064516,33.0,1322.0,Windrow,Mature compost,None,0.6292491869918699,1.0,73.71833863542022,9.78708945540074,76.0,1.104398632630426,0.0,12.0,6.958774746902035,None,Poultry manure,Biochar,Soil,Intermittent ,24.599819681531557,Forsterite,2.4967368849582217,17.43637457395611,100.60149000000006,10.62442064548486,0.3940105438232422,0.1227390459449328,1000000.0
27.32884658064516,8.0,372.0,Windrow,Green waste,None,0.6292491869918699,14.0,81.57237450112532,10.398656963264704,54.0,1.7751738243884194,0.0,25.0,4.906944669089782,None,Poultry manure,Gypsum,Plastic tube pieces,Intermittent ,49.12959529159144,Calcium magnesium phosphate fertilizer,2.4967368849582217,36.52863761374464,102.14862100000002,9.144330392603198,0.2559021711349487,0.1832064461856115,1000000.0
27.32884658064516,12.0,434.0,Reactor,None,None,0.6292491869918699,4.0,49.84881583664292,6.0,125.0,0.3518969691098395,1.0,34.0,2.1931417689733004,None,Poultry manure,DCD,Straw,Intermittent ,25.642780295342195,Forsterite,2.4967368849582217,48.77721119475461,103.82242900000004,8.944738062464722,0.3053663969039917,0.1525806175037668,1000000.0
27.32884658064516,55.0,999.0,Reactor,Mature compost,None,0.6292491869918699,29.0,82.44717693483186,8.0,64.0,0.3854289760699758,1.0,42.230333149636536,7.173019437180324,None,Poultry manure,DCD,Straw,Intermittent ,48.58093517337751,Sulfur,2.4967368849582217,105.43803043877143,104.43081500000002,9.267218717711508,0.332487016916275,0.1612310314409603,23.10914942630756
27.32884658064516,2.0,1016.0,Windrow,Mature compost,None,0.6292491869918699,11.0,54.0,7.0,34.0,0.2071806949329044,0.0,42.63168207202208,3.727115073677605,None,Poultry manure,Calcium magnesium phosphate fertilizer,Woody peat,Intermittent ,59.98472747753691,Inorganic acid,2.4967368849582217,106.44009309702967,104.10407400000004,5.831367378350437,0.2503825724124908,0.1049193649711007,24.263717379000934
27.32884658064516,36.0,202.0,Reactor,Poultry manure,None,0.6292491869918699,6.0,72.74989392656563,6.0,54.0,1.991735911566771,1.0,16.0,7.175604365474339,None,Poultry manure,Ca-superphosphate,Byproduct,Intermittent ,54.94454944851877,Zeolite,2.4967368849582217,43.332110763774615,102.42886400000002,8.388903611047727,0.4264160394668579,0.1589131373396593,1000000.0
27.328846580645163,29.0,1151.0,Windrow,None,None,0.6292491869918699,2.0,58.0,9.846242335261053,94.0,0.0605302572246857,1.0,30.0,5.185006761403117,None,Poultry manure,MgO,Sawdust,Intermittent ,27.3569878830222,Mature compost,2.4967368849582217,52.74580391051085,99.04408400000004,10.933933992677268,0.310495913028717,0.1326497038441332,1000000.0
27.328846580645163,6.0,389.0,Reactor,Mature compost,None,0.6292491869918699,3.0,51.0,11.105388624159104,100.0,0.6769345119209551,1.0,24.000000000000004,4.475593381796652,None,Poultry manure,Calcium magnesium phosphate fertilizer,Green Waste,Intermittent ,59.22851615559283,Organic acid,2.4967368849582217,46.58279175308371,107.18144300000004,8.169034340401213,0.5486456155776978,0.1588571889788563,1000000.0
27.32884658064516,45.0,728.0,Reactor,Green waste,None,0.6292491869918699,5.0,83.70219647031851,9.32840216195104,45.0,0.7511208668354565,1.0,44.08552257867751,8.666977018466472,None,Poultry manure,Calcium magnesium phosphate fertilizer,Green waste,Intermittent ,47.28849225893023,Lignite,2.4967368849582217,110.0699503148426,105.35080600000003,10.788827236563415,0.3827088475227356,0.1511270799012122,20.760291681178504
27.32884658064516,16.0,287.0,Trough,Straw,None,0.6292491869918699,1.0,70.0,8.18037662741348,72.0,0.482803272063963,0.0,29.0,6.233872897971637,None,Poultry manure,Ca-superphosphate,Green Waste,Intermittent ,39.64924307040566,Carbonatite,2.4967368849582217,46.01624552023218,105.37476300000004,9.547174865154991,0.5161535143852234,0.1815183506236002,1000000.0
27.32884658064516,31.0,773.0,Trough,Byproduct,None,0.6292491869918699,8.0,56.3192110070932,8.674671207422428,99.0,1.9599060337590972,1.0,23.976036463937596,2.468537438808581,None,Poultry manure,Calcium magnesium phosphate fertilizer,Straw,Intermittent ,58.922998860655866,Potassium phosphate,2.4967368849582217,33.20089145980525,100.83217400000004,8.509330875273925,0.2203318625688552,0.1575527848834298,1000000.0
27.32884658064516,3.0,72.0,Windrow,Green waste,None,0.6292491869918699,26.0,66.0,5.0,84.0,0.8359218801105299,0.0,42.82910209304056,9.412991703097145,None,Poultry manure,Organic acid,Soil,Intermittent ,31.02457947770594,Lignite,2.4967368849582217,106.93299894533574,100.17165500000004,9.202930415306076,0.277505099773407,0.1631594814913251,22.553343216489047
27.328846580645163,44.0,1328.0,Windrow,Green waste,None,0.6292491869918699,16.0,69.0,11.365302845822717,85.0,1.811734104362448,0.0,26.0,8.216249283419755,None,Poultry manure,Gypsum,Green waste,Intermittent ,47.059324854790425,MgO,2.4967368849582217,58.56064266242713,102.562796,10.223336912616894,0.4478677213191986,0.1720433577209483,1000000.0
27.328846580645163,43.0,300.0,Windrow,None,None,0.6292491869918699,16.0,61.00000000000001,6.0,69.0,1.126403903417318,1.0,29.0,5.325538236598281,None,Poultry manure,Calcium magnesium phosphate fertilizer,None,Intermittent ,40.86995810924789,Lime,2.4967368849582217,50.20217829225593,104.04151300000004,10.988419566701891,0.2450607120990753,0.1766792751960796,1000000.0
27.32884658064516,34.0,1229.0,Reactor,Green waste,None,0.6292491869918699,1.0,73.1668406475584,7.0,116.0,0.889509145355708,1.0,11.0,8.166609774545442,None,Poultry manure,Calcium magnesium phosphate fertilizer,Green waste,Intermittent ,52.456181979452,Carbonatite,2.4967368849582217,26.68169651660341,105.42685600000004,8.944738062464722,0.3827088475227356,0.1555321890200163,1000000.0
27.32884658064516,11.0,578.0,Trough,Green waste,None,0.6292491869918699,21.0,70.0,9.352268084629188,124.0,0.1742909890031692,1.0,30.0,6.652704376670815,None,Poultry manure,DCD,Husk,Intermittent ,53.051881528821646,Sodium phosphates,2.4967368849582217,72.75137521535859,104.53292400000002,9.305688202192492,0.3153926134109497,0.1341395359246641,1000000.0
27.32884658064516,25.0,1213.0,Trough,Straw,None,0.6292491869918699,4.0,51.0,5.0,109.0,0.7963656819999281,0.0,45.561234206597966,2.922387592582385,None,Poultry manure,Ca-superphosphate,None,Intermittent ,39.17484408170564,LB Culture,2.4967368849582217,113.7544139678334,104.73688400000005,8.96894105797044,0.2318726778030395,0.1501112913482274,18.22433797259738
27.32884658064516,1.0,332.0,Reactor,Mature compost,None,0.6292491869918699,15.0,50.0,10.73273274492815,26.0,0.2089562463048477,1.0,39.0,2.7403729764187013,None,Poultry manure,Calcium magnesium phosphate fertilizer,Sawdust,Intermittent ,46.95077033352297,LB Culture,2.4967368849582217,22.789497199573795,104.34132500000004,5.663825661522376,0.120820365846157,0.160746887911705,1000000.0
27.32884658064516,7.0,1375.0,Reactor,None,None,0.6292491869918699,4.0,61.0,5.0,114.0,1.2762804556657696,1.0,37.0,5.383496104649785,None,Poultry manure,Ca-superphosphate,Plastic tube pieces,Intermittent ,41.955108225015024,MgO,2.4967368849582217,83.20195080986103,107.06881100000004,8.427270191420181,0.2141747027635574,0.1562868039871534,1000000.0
27.750007374763435,81.0,464.0,Windrow,Mature compost,None,0.6292491869918699,30.0,82.08280875752081,6.0,115.0,1.7008589343926817,1.0,13.70423229255112,6.745257979830717,None,Poultry manure,Microbiological agent,Soil,Intermittent ,41.78473305880929,Labile carbon source,2.4967368849582217,48.25020586092902,98.70270900000004,9.24683054141526,0.3344297707080841,0.1412147816952648,1000000.0
27.32884658064516,2.0,269.0,Reactor,Straw,None,0.6292491869918699,13.0,56.0,5.0,43.0,1.076802692685898,1.0,11.0,2.2559856321299554,None,Poultry manure,Calcium magnesium phosphate fertilizer,Sawdust,Intermittent ,37.11614658945482,MgCl₂,2.4967368849582217,80.9367615587533,104.97919400000004,6.187368603497252,0.2524513006210327,0.1576956973961359,1000000.0
27.328846580645163,15.0,889.0,Trough,Byproduct,None,0.6292491869918699,0.0,73.76970693652447,6.0,90.0,1.2980688765694557,0.0,22.1981172076268,8.598888708276142,None,Poultry manure,None,Woody peat,Intermittent ,28.471168187594955,None,2.4967368849582217,14.29756390561838,98.80844400000004,9.58712483099219,0.3070486187934875,0.1432181437886754,1000000.0
27.328846580645163,17.0,723.0,Reactor,None,None,0.6292491869918699,1.0,54.0,10.372945454636485,119.0,1.8182955420998843,1.0,17.0,7.690601243390058,None,Poultry manure,DCD,Green waste,Intermittent ,57.29002836065743,Ca-superphosphate,2.4967368849582217,19.269769587772203,105.98934900000005,8.944738062464722,0.4556360840797424,0.1617042019202361,1000000.0
27.32884658064516,16.0,11.0,Reactor,Mature compost,None,0.6292491869918699,29.0,70.56286438231142,11.802215877416316,79.0,1.941782563379612,1.0,31.0,4.579848145808748,None,Poultry manure,Calcium magnesium phosphate fertilizer,Plastic tube pieces,Intermittent ,54.51101993850393,Ferric salt,2.4967368849582217,98.09832614619658,105.44348700000003,10.271482479850963,0.2197657525539398,0.2055121696011078,1000000.0
27.32884658064516,35.0,975.0,Reactor,Green waste,None,0.6292491869918699,24.0,81.41040554172568,5.0,125.0,1.1908905305883632,1.0,35.379562168442625,5.620713966552292,None,Poultry manure,DCD,Straw,Intermittent ,49.10410872224935,Gypsum,2.4967368849582217,20.846674658977086,104.49572600000002,9.077583184786288,0.332487016916275,0.1375445845382126,1000000.0
27.32884658064516,0.0,619.0,Reactor,Mature compost,None,0.6292491869918699,2.0,58.0,9.748929634457811,66.0,0.835687389932952,1.0,13.0,5.039821212113119,None,Poultry manure,Inorganic acid,Green waste,Intermittent ,34.990309546105024,Inorganic acid,2.4967368849582217,99.32533671364033,100.51689900000002,5.609359524615945,0.3413861691951751,0.1439007240338436,1000000.0
27.983953258158703,30.0,1304.0,Trough,Straw,None,0.6292491869918699,15.0,80.12022551510921,9.386664694775376,102.0,1.0010069121705556,0.0,33.0,6.539869274673543,None,Poultry manure,DCD,Woody peat,Intermittent ,33.75722997074263,MgCl₂,2.4967368849582217,77.8333186685096,104.02930600000002,8.998807865287107,0.332487016916275,0.1650773964158815,1000000.0
27.328846580645163,62.0,28.0,Reactor,Poultry manure,None,0.6292491869918699,25.0,74.57992116546342,5.0,101.0,0.7024665230334228,1.0,32.0,9.74152332490586,None,Poultry manure,Calcium magnesium phosphate fertilizer,Woody peat,Intermittent ,47.18032366160721,Calcium magnesium phosphate fertilizer,2.4967368849582217,80.70515162346483,105.89445300000008,9.077583184786288,0.2175479233264923,0.1900425102985982,1000000.0
27.32884658064516,47.0,872.0,Reactor,Straw,None,0.6292491869918699,8.0,65.0,7.0,122.0,0.7705563586142867,1.0,37.0,8.772443074124004,None,Poultry manure,Biochar,Plastic tube pieces,Intermittent ,33.06041207721415,Lignite,2.4967368849582217,45.4638399103502,102.92536200000002,11.741033655775144,0.8402864933013916,0.1719248995460146,1000000.0
27.32884658064516,27.0,1390.0,Trough,Straw,None,0.6292491869918699,4.0,58.0,8.0,130.0,0.2539107179011084,0.0,16.0,2.8085223723094463,None,Poultry manure,None,Straw,Intermittent ,46.20784837066691,Biochar,2.4967368849582217,54.97055495237089,99.90757900000004,9.011485270281632,0.3053663969039917,0.1111493810805833,1000000.0
27.328846580645163,34.0,649.0,Windrow,Straw,None,0.6292491869918699,0.0,76.32827013418768,7.062521669183057,77.0,0.7916687443342647,0.0,38.0,8.835899939959898,None,Poultry manure,Gypsum,Straw,Intermittent ,44.30827340989197,Mature compost,2.4967368849582217,52.52644772393441,104.09778300000002,10.933933992677268,0.3053663969039917,0.157488304872309,1000000.0
27.32884658064516,43.0,1043.0,Windrow,None,None,0.6292491869918699,5.0,57.0,7.0,110.0,0.5779002162097802,1.0,19.0,7.653589312376646,None,Poultry manure,Gypsum,Plastic tube pieces,Intermittent ,41.68153451017949,Urea,2.4967368849582217,35.3302049832236,103.73784100000005,8.763933582510539,0.2969594597816467,0.1244344457850208,1000000.0
27.32884658064516,4.0,314.0,Reactor,Byproduct,None,0.6292491869918699,27.0,66.59750407758142,8.0,19.0,1.4477694366100862,1.0,38.0,3.105973933474842,None,Poultry manure,DCD,Soil,Intermittent ,33.47321591214241,Gypsum,2.4967368849582217,64.5063377264464,102.40311100000008,7.049090188565412,0.2837012410163879,0.1995857878220085,1000000.0
27.32884658064516,80.0,957.0,Trough,Straw,None,0.6292491869918699,18.0,72.6005032037681,8.0,98.0,0.8220423293354353,0.0,33.0,9.55187117367956,None,Poultry manure,DCD,Soil,Intermittent ,51.26759395754696,MgCl₂,2.4967368849582217,53.09052822336695,104.08697800000004,8.998807865287107,0.3344297707080841,0.1857667643000513,1000000.0
27.32884658064516,49.0,764.0,Windrow,None,None,0.6292491869918699,27.0,61.0,8.646585310090465,61.0,0.7332876541775675,0.0,21.0,5.8266895752403,None,Poultry manure,Mg(OH)₂,Woody peat,Intermittent ,28.58048412972603,Microbiological agent,2.4967368849582217,78.64281510049483,98.370988,10.353109452610733,0.332487016916275,0.1430066605921155,1000000.0
27.32884658064516,43.0,1374.0,Reactor,Byproduct,None,0.6292491869918699,8.0,82.4874522413372,8.0,99.0,1.3263254763704715,1.0,33.0,3.503797948290296,None,Poultry manure,Calcium magnesium phosphate fertilizer,Husk,Intermittent ,53.34878224934536,Calcium magnesium phosphate fertilizer,2.4967368849582217,20.26398251929208,101.63518600000005,8.501688823142178,0.2446828484535217,0.1877245960617185,1000000.0
27.32884658064516,1.0,1047.0,Trough,Mature compost,None,0.6292491869918699,2.0,83.32561664759689,5.0,23.0,1.2188744461989909,0.0,27.0,6.167980800434497,None,Poultry manure,Organic acid,Green Waste,Intermittent ,34.74593421727074,Sulfur,2.4967368849582217,95.37343924716052,101.988355,6.412963389152298,0.289733737707138,0.1476876728704045,1000000.0
27.32884658064516,0.0,1297.0,Trough,None,None,0.6292491869918699,11.0,61.0,8.149387416380321,79.0,1.896864533363265,1.0,24.0,6.608215692589104,None,Poultry manure,MgSO₄,None,Intermittent ,44.97044273253457,Potassium phosphate,2.4967368849582217,98.25636713591972,100.29221900000002,6.686256475826373,0.2057825475931167,0.1725105667593284,1000000.0
27.32884658064516,31.0,1380.0,Windrow,Poultry manure,None,0.6292491869918699,12.0,55.99999999999999,11.863969614844642,98.0,1.9719610496511504,1.0,24.0,3.39261239642734,None,Poultry manure,Gypsum,Soil,Intermittent ,53.34811774134568,Mature compost,2.4967368849582217,61.76524831118989,102.50313200000002,11.066779114998834,0.33553147315979,0.1707714762657923,1000000.0
27.32884658064516,35.0,1067.0,Windrow,Mature compost,None,0.6292491869918699,30.0,53.0,11.677118758870966,124.0,1.210741999782149,1.0,35.0,4.448314475083947,None,Poultry manure,Potassium phosphate,Sawdust,Intermittent ,36.49714885441805,Sulfur,2.4967368849582217,19.49765416504185,99.05818000000004,9.305688202192492,0.3366207778453827,0.1485684093563912,1000000.0
27.32884658064516,30.0,888.0,Trough,Green waste,None,0.6292491869918699,11.0,82.20823120825936,7.0,62.0,0.8199074275344289,1.0,19.0,5.971085256976173,None,Poultry manure,Microbiological agent,Green Waste,Intermittent ,28.434872043163104,Gypsum,2.4967368849582217,84.0791846846853,97.188399,9.144330392603198,0.5824140906333923,0.174601761702165,1000000.0
27.328846580645163,46.0,360.0,Trough,Straw,None,0.6292491869918699,6.0,68.0,9.15820328217837,73.0,1.9590561223698757,1.0,25.0,2.5811646368211107,None,Poultry manure,Gypsum,Green waste,Intermittent ,52.27416285554281,Sand,2.4967368849582217,86.33206829242776,102.694472,8.763933582510539,0.4556360840797424,0.1725124659548937,1000000.0
27.32884658064516,38.0,212.0,Windrow,Green waste,None,0.6292491869918699,26.0,80.17571054886619,8.00883129000621,74.0,1.8429399457652649,1.0,16.0,5.698207596321216,None,Poultry manure,DCD,Sawdust,Intermittent ,34.41753661321092,Lignite,2.4967368849582217,90.53255435721113,104.80454766666668,10.988419566701891,0.3366207778453827,0.1963318551510262,1000000.0
27.32884658064516,23.0,1202.0,Windrow,Byproduct,None,0.6292491869918699,6.0,51.0,6.0,85.0,1.4624215860047638,1.0,45.27730291196316,6.226489596296913,None,Poultry manure,DCD,Husk,Intermittent ,35.23186251837434,Microbiological agent,2.4967368849582217,113.04551223172471,102.50316900000004,9.556752125692164,0.3033203780651092,0.1591084937133421,17.76472426021818
27.32884658064516,2.0,23.0,Reactor,Poultry manure,None,0.6292491869918699,24.0,73.44257774188925,8.0,112.0,0.3574673703289877,1.0,24.0,6.884679454875981,None,Poultry manure,MgO,Soil,Intermittent ,55.18561081128832,Labile carbon source,2.4967368849582217,77.34975437200002,102.944772,6.635436674122888,0.277505099773407,0.2176444389222633,1000000.0
27.32884658064516,19.0,26.0,Trough,None,None,0.6292491869918699,30.0,65.0,9.277953160592684,64.0,0.3277856981319753,1.0,29.0,5.085184679364559,None,Poultry manure,Zeolite,Plastic tube pieces,Intermittent ,37.07624799640791,MgO,2.4967368849582217,51.53309106182878,100.51611300000002,10.223336912616894,0.3115368783473968,0.1856542018667862,1000000.0
27.32884658064516,6.0,650.0,Trough,None,None,0.6292491869918699,6.0,57.0,11.439109898121476,127.0,1.0786650497351162,0.0,44.319643961467015,3.846508670413215,None,Poultry manure,Ca-superphosphate,None,Intermittent ,35.647630934490515,Organic acid,2.4967368849582217,110.65448980681062,106.02725600000004,8.702310335270614,0.2670220732688904,0.1527724404633633,20.14577571371348
27.32884658064516,29.0,1154.0,Windrow,Mature compost,None,0.6292491869918699,15.0,77.54708868538378,9.000183101544813,98.0,0.1375609050233741,1.0,36.0,5.269369203303896,None,Poultry manure,None,Plastic tube pieces,Intermittent ,55.39833737915983,None,2.4967368849582217,32.025242726015904,98.49198400000002,10.383482157910755,0.3115368783473968,0.1406909936865781,1000000.0
27.32884658064516,72.0,692.0,Trough,Mature compost,None,0.6292491869918699,15.0,58.0,6.0,83.0,1.7721411023191007,1.0,31.954355305039563,1.93116415275125,None,Poultry manure,Calcium magnesium phosphate fertilizer,None,Intermittent ,32.7064077165316,Ca-superphosphate,2.4967368849582217,41.67870502951807,104.05036566666668,9.144330392603198,0.2450607120990753,0.1707399053707431,1000000.0
27.32884658064516,38.0,1176.0,Reactor,Green waste,None,0.6292491869918699,28.0,68.0,8.0,84.0,0.5886766648567454,1.0,37.0,4.4510736392528045,None,Poultry manure,Organic acid,Green waste,Intermittent ,36.155843703951554,Microbiological agent,2.4967368849582217,47.41040954972762,98.460625,10.238214554054162,0.4478677213191986,0.1623925526831565,1000000.0
27.32884658064516,45.0,561.0,Windrow,None,None,0.6292491869918699,14.0,51.0,11.168466174619994,78.0,1.0774269536008882,0.0,13.0,8.142744826162584,None,Poultry manure,Zeolite,Green waste,Intermittent ,58.06283233569557,Ca-superphosphate,2.4967368849582217,71.04813828168412,98.42322900000003,9.144330392603198,0.4478677213191986,0.1755088294656582,1000000.0
29.169932925551905,3.0,541.0,Reactor,Straw,None,0.6292491869918699,22.0,63.178131406654245,4.318952643908353,26.0,1.5003148313024672,1.0,23.0,6.257003934230567,None,Poultry manure,Microbiological agent,Straw,Intermittent ,50.94239660610637,Sulfur,2.4967368849582217,88.42741035112444,100.92206600000004,7.709420418440485,0.2755623459815979,0.174497806140233,1000000.0
27.32884658064516,26.0,1061.0,Reactor,Straw,None,0.6292491869918699,28.0,65.0,9.061627455512422,107.0,1.2962921196800818,1.0,14.0,3.422100937020025,None,Poultry manure,DCD,None,Intermittent ,51.11483681254201,Mature compost,2.4967368849582217,26.188766378507182,104.41418500000005,11.000031907181924,0.317987859249115,0.1626147152242679,1000000.0
27.32884658064516,30.0,1269.0,Trough,Straw,None,0.6292491869918699,24.0,61.00000000000001,8.0,85.0,1.7630063735049304,0.0,30.0,6.3569603461939,None,Poultry manure,Gypsum,Woody peat,Intermittent ,40.0608093430848,MgSO₄,2.4967368849582217,61.04655952778947,102.70804500000004,10.223336912616894,0.332487016916275,0.161105801060759,1000000.0
27.32884658064516,10.0,695.0,Reactor,Byproduct,None,0.6292491869918699,1.0,77.0665889742489,9.99823023777393,87.0,0.1850742688472118,1.0,13.0,5.004608225852111,None,Poultry manure,Calcium magnesium phosphate fertilizer,Green Waste,Intermittent ,58.816519119700246,Ca-superphosphate,2.4967368849582217,99.13860274380283,102.27320600000004,8.501688823142178,0.5154448747634888,0.1517733688622681,1000000.0
27.328846580645163,64.0,198.0,Reactor,Green waste,None,0.6292491869918699,5.0,70.0,5.0,71.0,0.6702281896740918,1.0,12.0,8.815913103427015,None,Poultry manure,Biochar,Sawdust,Intermittent ,55.93230084071996,MgSO₄,2.4967368849582217,53.24516401854585,104.32791700000006,12.104585336179124,0.8181488513946533,0.1456930535458645,1000000.0
27.32884658064516,33.0,13.0,Trough,Poultry manure,None,0.6292491869918699,21.0,76.77286504012147,10.738215845657615,52.0,0.7128709519320453,1.0,16.0,2.5989794831186392,None,Poultry manure,Ca-superphosphate,None,Intermittent ,33.043618229434074,K₂SO₄,2.4967368849582217,49.20732928323438,103.43536166666668,10.105602927763936,0.2450607120990753,0.1974794260792284,1000000.0
27.32884658064516,1.0,785.0,Windrow,None,None,0.6292491869918699,0.0,58.0,8.0,77.0,1.2092914437549218,0.0,26.0,4.3405532929264,None,Poultry manure,Biochar,Byproduct,Intermittent ,36.81737639337828,Lime,2.4967368849582217,71.56488923134201,106.87886400000004,1.8428231210941093,0.1225567087531089,0.1529553342701733,1000000.0
27.328846580645163,68.0,813.0,Reactor,Poultry manure,None,0.6292491869918699,28.0,53.0,8.404006576861086,126.0,0.565887141570798,1.0,24.0,4.632289266999147,None,Poultry manure,Ca-superphosphate,Green Waste,Intermittent ,47.73087552272009,Sulfur,2.4967368849582217,38.20885633162322,101.520721,9.855284865289777,0.5083850622177124,0.1468569834751401,1000000.0
27.32884658064516,30.0,1398.0,Reactor,Mature compost,None,0.6292491869918699,8.0,52.0,6.0,94.0,1.8177966065086155,1.0,40.56575406006196,3.996423634014281,None,Poultry manure,Calcium magnesium phosphate fertilizer,None,Intermittent ,35.28684392139896,Gypsum,2.4967368849582217,101.28201442790044,104.44787000000004,8.944738062464722,0.2461624145507812,0.1672055242544984,20.129457410935583
27.32884658064516,60.0,616.0,Reactor,None,None,0.6292491869918699,18.0,83.66026400108481,7.0,61.0,1.7816283905993728,1.0,27.0,4.262930505472934,None,Poultry manure,Calcium magnesium phosphate fertilizer,Sawdust,Intermittent ,38.40222713822623,MgSO₄,2.4967368849582217,29.228015001946627,104.15660800000003,10.108442014060325,0.2216816246509552,0.1594926006720923,1000000.0
27.32884658064516,5.0,1376.0,Reactor,Green waste,None,0.6292491869918699,25.0,56.0,7.0,89.0,0.62169058742564,1.0,16.0,7.275426452559594,None,Poultry manure,Biochar,Husk,Intermittent ,31.629926768472775,Inorganic acid,2.4967368849582217,97.18429714139036,103.49006066666666,9.465537553855665,1.0450631380081177,0.1386483722075436,1000000.0
27.32884658064516,24.0,1292.0,Reactor,Mature compost,None,0.6292491869918699,3.0,52.0,6.999999999999999,133.0,0.3567025591584971,1.0,23.0,6.138590880720646,None,Poultry manure,Potassium phosphate,Green Waste,Intermittent ,37.38955641774282,Sodium phosphates,2.4967368849582217,35.011048091970814,98.21720200000004,8.725464098029555,0.589080810546875,0.1277061702331013,1000000.0
27.32884658064516,7.0,589.0,Reactor,None,None,0.6292491869918699,22.0,76.23361799880699,8.519563358561815,129.0,1.90663383309882,1.0,15.0,3.39156769357564,None,Poultry manure,DCD,Green Waste,Intermittent ,32.203603351355206,MgCl₂,2.4967368849582217,66.83290742405357,105.42550566666664,7.146571506074382,0.5251467823982239,0.1635186915017156,1000000.0
27.32884658064516,5.0,107.0,Trough,Straw,None,0.6292491869918699,25.0,82.82984963010313,6.0,108.0,0.9462830932770994,1.0,33.0,7.8527004001145055,None,Poultry manure,Biochar,Husk,Intermittent ,45.36875045102423,Microbiological agent,2.4967368849582217,81.99156144330206,104.372552,11.121614263427976,1.0450631380081177,0.2033891279587069,1000000.0
27.32884658064516,10.0,1394.0,Reactor,Poultry manure,None,0.6292491869918699,14.0,68.0,5.0,30.0,1.2352281853481404,1.0,31.0,7.2811678803451745,None,Poultry manure,Ca-superphosphate,Green Waste,Intermittent ,35.21217688711186,LB Culture,2.4967368849582217,39.76840363738117,101.80547866666669,9.035038972475096,0.5083850622177124,0.1808378595703453,1000000.0
27.32884658064516,4.0,535.0,Windrow,Green waste,None,0.6292491869918699,14.0,81.5866680040562,8.0,113.0,0.0675424084147116,0.0,27.0,4.821513187888696,None,Poultry manure,Calcium magnesium phosphate fertilizer,Straw,Intermittent ,35.279623702128106,MgSO₄,2.4967368849582217,58.79226175508758,106.02683300000004,8.665538613345872,0.2506653666496277,0.1533817903879837,1000000.0
27.32884658064516,82.0,1319.0,Windrow,None,None,0.6292491869918699,3.0,78.87049395841643,8.0,129.0,0.5904142592656831,1.0,19.0,6.654950437557031,None,Poultry manure,DCD,Byproduct,Intermittent ,28.08252886922041,Sand,2.4967368849582217,91.2158263905073,105.03867800000005,7.839306947950442,0.4970818161964416,0.1529562132766071,1000000.0
27.32884658064516,20.0,594.0,Reactor,None,None,0.6292491869918699,2.0,76.30642008169929,5.0,76.0,1.5623004608689306,1.0,13.0,7.120931488969613,None,Poultry manure,Biochar,Straw,Intermittent ,22.78375833923564,Urea,2.4967368849582217,17.948382712327792,99.68440600000004,11.377776752289156,0.3915281295776367,0.1102417422365386,1000000.0
27.496433173636923,3.0,844.0,Reactor,Byproduct,None,0.6292491869918699,4.0,73.22232226626677,8.062957942708653,21.0,2.3282906068784848,1.0,15.149287293422145,3.627090515932207,None,Poultry manure,Calcium magnesium phosphate fertilizer,Woody peat,Intermittent ,35.89746996635671,Sodium phosphates,2.4967368849582217,40.1067946343192,100.67456100000004,6.913063091521918,0.2269719392061233,0.1333708937113449,1000000.0
27.32884658064516,73.0,865.0,Reactor,Poultry manure,None,0.6292491869918699,23.0,52.0,8.872298336840402,77.0,1.5511164749350872,1.0,21.0,3.392946839535665,None,Poultry manure,Biochar,None,Intermittent ,56.719303601119066,Microbiological agent,2.4967368849582217,51.56857458677136,101.74855100000003,13.168672778102373,1.00738525390625,0.1741495573183711,1000000.0
27.32884658064516,58.0,652.0,Trough,Mature compost,None,0.6292491869918699,21.0,62.0,9.292469004187222,121.0,1.8021552522205624,1.0,16.0,7.993559649834489,None,Poultry manure,Calcium magnesium phosphate fertilizer,Soil,Intermittent ,32.318019764200145,Microbiological agent,2.4967368849582217,43.73466463325092,103.58047966666668,10.353109452610733,0.2194907069206237,0.139959772379572,1000000.0
27.32884658064516,7.0,1003.0,Windrow,None,None,0.6292491869918699,13.0,80.65745852573824,9.067821205759524,104.0,0.5314879328635247,1.0,18.0,3.117949749725188,None,Poultry manure,None,None,Intermittent ,56.970066736819525,None,2.4967368849582217,54.929022587845886,99.85316500000005,8.825683858639735,0.2644796669483185,0.167368240945585,1000000.0
27.32884658064516,40.0,703.0,Trough,Straw,None,0.6292491869918699,5.0,51.0,6.0,43.0,1.3769672650214926,1.0,38.0,8.919911156049515,None,Poultry manure,Calcium magnesium phosphate fertilizer,Husk,Intermittent ,46.12341727186441,Organic acid,2.4967368849582217,69.58589009597264,105.44247700000004,9.841727538228804,0.2292773723602295,0.1530051888781559,1000000.0
27.32884658064516,14.0,1369.0,Trough,Green waste,None,0.6292491869918699,0.0,81.94301043187744,7.0,110.0,0.1147468487582237,0.0,27.0,6.45507162095091,None,Poultry manure,DCD,Green Waste,Intermittent ,46.74167266842691,MgO,2.4967368849582217,74.2875769771354,105.67725000000002,9.68158229293494,0.589080810546875,0.1150002305164535,1000000.0
27.32884658064516,58.0,941.0,Trough,Straw,None,0.6292491869918699,16.0,58.0,6.0,84.0,1.2237791333578592,0.0,13.0,3.1850410783824685,None,Poultry manure,Ca-superphosphate,Green waste,Intermittent ,58.39274354894549,Sodium salt,2.4967368849582217,46.05550805121353,101.376614,9.89375434977076,0.374940425157547,0.1567112359765005,1000000.0
27.32884658064516,4.0,677.0,Windrow,Mature compost,None,0.6292491869918699,2.0,52.0,10.010902191162163,61.0,0.976292468299286,0.0,45.109498786615134,4.744151447954502,None,Poultry manure,Biochar,Green Waste,Intermittent ,59.09559904810378,K₂SO₄,2.4967368849582217,112.62654948252016,107.94779900000005,8.197354197783968,1.2696737051010132,0.1575192696695208,18.868888904770092
27.32884658064516,44.0,286.0,Windrow,Mature compost,None,0.6292491869918699,1.0,62.0,7.459209665547841,103.0,1.6743206531202803,1.0,25.0,4.397127196821075,None,Poultry manure,Gypsum,Husk,Intermittent ,35.41474733613719,MgCl₂,2.4967368849582217,20.47524900603156,104.13533000000002,8.865962742965541,0.3022046387195587,0.1576952194407009,1000000.0
27.32884658064516,42.0,43.0,Windrow,Green waste,None,0.6292491869918699,9.0,78.43366899961134,8.246364509705547,105.0,1.67975747044685,1.0,10.0,3.1966401759944,None,Poultry manure,DCD,Sawdust,Intermittent ,36.95182093851477,Phosphogypsum,2.4967368849582217,74.62813609370804,104.45779200000008,10.112833792916655,0.3377224802970886,0.2030494383239332,1000000.0
27.678410481085827,77.0,989.0,Trough,None,None,0.6292491869918699,16.0,52.04425852809312,10.19601086836932,107.0,0.9425187628808954,1.0,36.0,3.282001336744307,None,Poultry manure,Calcium magnesium phosphate fertilizer,Green waste,Intermittent ,45.586442469623165,Calcium magnesium phosphate fertilizer,2.4967368849582217,30.024592318827622,104.05909100000002,9.144330392603198,0.374940425157547,0.1645449100911344,1000000.0
27.32884658064516,28.0,848.0,Reactor,Poultry manure,None,0.6292491869918699,15.0,70.03583326648786,8.557328697180024,80.0,0.892367170039345,1.0,19.0,2.7791745880748966,None,Poultry manure,Biochar,Byproduct,Intermittent ,48.07414134828255,MgHPO₄,2.4967368849582217,95.29044473371412,101.17584300000004,10.017545682546316,1.1216511726379397,0.1662488919455149,1000000.0
27.32884658064516,15.0,1380.0,Windrow,Byproduct,None,0.6292491869918699,0.0,83.28202953921824,5.0,39.0,0.3670579212602081,0.0,22.0,4.442211952038857,None,Poultry manure,DCD,Husk,Intermittent ,44.2549507593528,Inorganic acid,2.4967368849582217,85.57642750551167,102.89084500000004,7.800119676181789,0.3033203780651092,0.1250490138010337,1000000.0
27.32884658064516,61.0,923.0,Windrow,Mature compost,None,0.6292491869918699,6.0,52.0,8.37078327116065,89.0,0.208929461332179,0.0,32.0,5.022916233113167,None,Poultry manure,Calcium magnesium phosphate fertilizer,Husk,Intermittent ,54.74446511553259,Mature compost,2.4967368849582217,41.40442696701033,103.95429600000004,10.933933992677268,0.2292773723602295,0.1329390885506958,1000000.0
27.32884658064516,41.0,491.0,Reactor,Byproduct,None,0.6292491869918699,23.0,80.45907355774332,8.248413828018972,100.0,1.312281135301968,1.0,24.0,5.052654030085499,None,Poultry manure,Calcium magnesium phosphate fertilizer,Husk,Intermittent ,38.26367108335792,Biochar,2.4967368849582217,60.32000569861597,100.91019100000004,8.634533945463744,0.2435811460018158,0.1933418095874609,1000000.0
27.32884658064516,13.0,133.0,Reactor,Straw,None,0.6292491869918699,2.0,72.04218241531277,6.0,88.0,1.888488547336915,1.0,12.0,4.676355577006687,None,Poultry manure,Ca-superphosphate,Green Waste,Intermittent ,36.19737120008205,MgCl₂,2.4967368849582217,60.9754446555874,105.50164500000004,9.217596631461465,0.5161535143852234,0.1590780358521828,1000000.0
27.32884658064516,2.0,204.0,Windrow,Green waste,None,0.6292491869918699,3.0,64.0,11.25727099545688,82.0,1.1729851522955783,0.0,24.0,6.227371805838534,None,Poultry manure,Calcium magnesium phosphate fertilizer,None,Intermittent ,50.34882802227382,Mature compost,2.4967368849582217,31.445613197518856,106.13368800000006,8.457703471712202,0.2656375169754028,0.1561404866053031,1000000.0
27.32884658064516,40.0,720.0,Trough,None,None,0.6292491869918699,3.0,80.35458990936547,6.0,92.0,0.3107176086948897,0.0,41.352580354771824,3.6041605584638496,None,Poultry manure,Biochar,Green waste,Intermittent ,29.316488995861725,Calcium magnesium phosphate fertilizer,2.4967368849582217,103.24651265995756,101.49724300000004,10.62442064548486,1.1140072345733645,0.1159226077012311,17.91011903522007
27.32884658064516,20.0,783.0,Reactor,Green waste,None,0.6292491869918699,16.0,68.0,8.0,75.0,0.9469560522773828,1.0,31.0,6.016528166552526,None,Poultry manure,MgO,Sawdust,Intermittent ,41.88488480508129,Phosphogypsum,2.4967368849582217,74.92416528666902,98.32095200000003,9.997938894360086,0.3366207778453827,0.1686167761114841,1000000.0
27.32884658064516,61.0,1.0,Reactor,Poultry manure,None,0.6292491869918699,1.0,64.0,6.0,78.0,0.6750794306723282,1.0,14.0,5.116689283292539,None,Poultry manure,Biochar,Woody peat,Intermittent ,54.90248995417496,MgHPO₄,2.4967368849582217,75.76175192670713,105.51395500000008,12.011547132500132,0.4247717261314392,0.1858421338606281,1000000.0
27.32884658064516,2.0,621.0,Reactor,Green waste,None,0.6292491869918699,1.0,56.05333812711618,11.490858216051322,54.0,0.718853808086062,1.0,31.0,4.858179823076908,None,Poultry manure,None,Soil,Intermittent ,32.491213010027494,Forsterite,2.4967368849582217,62.12069895965824,102.72958100000004,6.668552935997143,0.25092414021492,0.1226536929283789,1000000.0
27.32884658064516,21.0,225.0,Trough,None,None,0.6292491869918699,3.0,55.0,7.0,123.0,0.6812083471851307,1.0,30.0,7.787936665773789,None,Poultry manure,Ca-superphosphate,Straw,Intermittent ,33.43473338887202,Sodium phosphates,2.4967368849582217,38.58467610822916,104.79955300000002,9.351999730088806,0.1904273629188537,0.1474976203147346,1000000.0
27.32884658064516,27.0,964.0,Reactor,Poultry manure,None,0.6292491869918699,0.0,67.0,9.370873153204748,94.0,0.4495665168239364,1.0,36.0,7.984865701219467,None,Poultry manure,Organic acid,Byproduct,Intermittent ,35.68780818112226,Zeolite,2.4967368849582217,34.21123967721316,98.89443000000004,7.80083746346946,0.4970818161964416,0.1496075697365709,1000000.0
27.328846580645163,7.0,178.0,Trough,None,None,0.6292491869918699,5.0,52.0,9.228267558189684,48.0,0.7264444398644134,0.0,33.0,9.673632616357006,None,Poultry manure,Gypsum,Plastic tube pieces,Intermittent ,48.6136786071634,Lime,2.4967368849582217,85.54363438694573,105.66361600000003,9.07008529298451,0.2404562085866928,0.1469977353004711,1000000.0
27.328846580645163,26.0,1288.0,Reactor,Byproduct,None,0.6292491869918699,5.0,63.0,10.97514003604342,53.0,1.7245156381410576,1.0,21.0,5.140190774680594,None,Poultry manure,Gypsum,Woody peat,Intermittent ,45.755180968469936,Organic acid,2.4967368849582217,13.297212532539906,100.99321300000004,9.47222993243562,0.3070486187934875,0.1409416258482567,1000000.0
27.32884658064516,4.0,126.0,Reactor,Mature compost,None,0.6292491869918699,4.0,68.0,6.0,18.0,1.6323601655852713,1.0,23.0,4.854604445426841,None,Poultry manure,Microbiological agent,None,Intermittent ,41.20775386101487,Potassium phosphate,2.4967368849582217,67.11527101167974,102.127434,7.167665798758533,0.2512917220592499,0.2000751162927041,1000000.0
27.32884658064516,4.0,258.0,Reactor,Straw,None,0.6292491869918699,21.0,51.0,9.50787441925933,133.0,1.1205585474386592,1.0,39.0,9.113808417109778,None,Poultry manure,DCD,Soil,Intermittent ,33.1911594941845,Mg(OH)₂,2.4967368849582217,38.06878336084837,107.24531666666672,7.510245274161338,0.2788896560668945,0.1704573989038821,1000000.0
27.32884658064516,65.0,1176.0,Trough,Poultry manure,None,0.6292491869918699,29.0,63.0,10.472016987801869,95.0,1.737223598841936,1.0,38.0,8.32305296473091,None,Poultry manure,Calcium magnesium phosphate fertilizer,Green waste,Intermittent ,48.788549882202815,Forsterite,2.4967368849582217,48.63943967006929,104.05909100000002,9.144330392603198,0.374940425157547,0.1686497548755569,1000000.0
27.32884658064516,2.0,1064.0,Windrow,Mature compost,None,0.6292491869918699,31.0,60.0,6.0,86.0,0.7565566065221163,0.0,45.45854066940213,4.5288570498959935,None,Poultry manure,None,Woody peat,Intermittent ,31.651046131533636,None,2.4967368849582217,113.49801522566972,100.064844,7.866480956062607,0.2755623459815979,0.1393579651042014,21.778426444664973
27.32884658064516,56.0,167.0,Reactor,Byproduct,None,0.6292491869918699,5.0,57.0,10.988658459025055,64.0,0.6313676628185108,1.0,10.0,4.51185324388219,None,Poultry manure,DCD,Husk,Intermittent ,58.957177078891206,Ca-superphosphate,2.4967368849582217,62.026601353625615,103.22393800000005,8.501688823142178,0.3033203780651092,0.1798728587557669,1000000.0
27.328846580645163,55.0,914.0,Trough,Green waste,None,0.6292491869918699,23.0,81.3995522164262,6.212130490296092,88.0,0.1471861097513296,1.0,21.0,6.076256525114318,None,Poultry manure,DCD,Green waste,Intermittent ,42.11555788867729,Biochar,2.4967368849582217,21.851526235168123,104.561585,9.144330392603198,0.4478677213191986,0.1809599209183598,1000000.0
27.32884658064516,27.0,981.0,Trough,Green waste,None,0.6292491869918699,3.0,60.0,5.999999999999999,71.0,0.1405479608395847,0.0,34.0,4.956511550735764,None,Poultry manure,Ca-superphosphate,None,Intermittent ,41.33356499746473,MgCl₂,2.4967368849582217,78.59435837446014,104.73688400000005,9.284343839278373,0.2318726778030395,0.1200233198808135,1000000.0
27.32884658064516,66.0,207.0,Reactor,Straw,None,0.6292491869918699,24.0,56.0,10.480702315778478,91.0,1.9791750894001812,1.0,34.0,2.887223751830009,None,Poultry manure,Ca-superphosphate,None,Intermittent ,53.530920950552726,MgCl₂,2.4967368849582217,60.21502470373311,101.635639,9.350441753783029,0.2450607120990753,0.1753446683795682,1000000.0
27.32884658064516,17.0,573.0,Trough,Poultry manure,None,0.6292491869918699,26.0,61.0,11.40544764141528,66.0,1.9713158203129424,1.0,32.0,7.974623511134002,None,Poultry manure,Gypsum,Soil,Intermittent ,58.31624682786397,Mg(OH)₂,2.4967368849582217,42.30555852960522,102.59134200000004,9.362481633374063,0.3344297707080841,0.1590688748155129,1000000.0
27.32884658064516,28.0,345.0,Reactor,Mature compost,None,0.6292491869918699,5.0,79.54578618540089,8.33117195294531,114.0,1.0866802614526268,1.0,37.0,2.809078755379532,None,Poultry manure,DCD,Byproduct,Intermittent ,49.257137865326094,Potassium phosphate,2.4967368849582217,30.424208423457674,105.12180100000002,7.80083746346946,0.4970818161964416,0.1732686263469592,1000000.0
27.32884658064516,8.0,536.0,Reactor,Green waste,None,0.6292491869918699,23.0,75.53090838477806,10.318196993391478,99.0,1.9926983926604729,1.0,33.0,7.528887239773232,None,Poultry manure,Calcium magnesium phosphate fertilizer,Byproduct,Intermittent ,49.28331445941056,LB Culture,2.4967368849582217,67.88432872671684,102.63298600000002,5.511613923049128,0.4488781988620758,0.1647612705727608,1000000.0
27.32884658064516,26.0,1285.0,Windrow,Green waste,None,0.6292491869918699,8.0,60.0,12.030568054298698,112.0,1.6971840551778756,1.0,16.0,9.751502520071933,None,Poultry manure,Gypsum,Plastic tube pieces,Intermittent ,42.442757371465085,MgSO₄,2.4967368849582217,38.56214583144608,102.82919400000004,9.68158229293494,0.3126385807991028,0.1558439446922651,1000000.0
27.32884658064516,14.0,659.0,Windrow,Straw,None,0.6292491869918699,26.0,81.49239445359751,8.0,61.0,0.9381551161001092,0.0,37.0,5.682351042805229,None,Poultry manure,Gypsum,Plastic tube pieces,Intermittent ,34.51664419670871,Phosphogypsum,2.4967368849582217,55.04400787269701,102.389712,10.112833792916655,0.3115368783473968,0.1693142570076482,1000000.0
27.32884658064516,65.0,348.0,Windrow,Green waste,None,0.6292491869918699,5.0,71.40304325067316,9.373826056801017,73.0,0.2165049791939732,0.0,13.0,5.5761218127156695,None,Poultry manure,Zeolite,Soil,Intermittent ,53.71585558906367,MgHPO₄,2.4967368849582217,24.98840846629304,99.67921200000006,8.865962742965541,0.3078488111495971,0.1040934183787939,1000000.0
27.32884658064516,58.0,1033.0,Windrow,Mature compost,None,0.6292491869918699,18.0,52.0,7.0,70.0,1.2127066318903883,1.0,25.0,2.0590541798827315,None,Poultry manure,Biochar,Sawdust,Intermittent ,35.85251967437093,LB Culture,2.4967368849582217,89.99618460635828,102.17386800000004,10.14749945054919,0.8391847610473633,0.1715551465367091,1000000.0
27.32884658064516,20.0,1261.0,Trough,Straw,None,0.6292491869918699,3.0,71.41594185586892,9.957601265529654,109.0,0.4451599773593406,1.0,38.0,7.607178550443768,None,Poultry manure,Ca-superphosphate,Plastic tube pieces,Intermittent ,58.85234417577036,Clay,2.4967368849582217,50.82077960817465,105.16546200000003,9.547174865154991,0.1820203959941864,0.1833877692285134,1000000.0
27.328846580645163,15.0,799.0,Reactor,Mature compost,None,0.6292491869918699,26.0,83.62592582549158,11.953473585706403,22.0,1.4222853472817631,1.0,39.0,5.029957678173211,None,Poultry manure,Ca-superphosphate,Soil,Intermittent ,44.09505151801846,MgHPO₄,2.4967368849582217,39.548969882933946,101.11915700000002,9.350441753783029,0.2194907069206237,0.1572202600781251,1000000.0
27.32884658064516,23.0,56.0,Windrow,None,None,0.6292491869918699,2.0,70.0,5.0,67.0,1.249037826079795,0.0,44.06628960601311,5.455662695573336,None,Poultry manure,Ca-superphosphate,Woody peat,Intermittent ,34.52412992760128,MgCl₂,2.4967368849582217,110.02193064258402,104.79537900000004,9.284343839278373,0.1904273629188537,0.1373487294612635,19.524439955945518
27.32884658064516,16.0,425.0,Windrow,None,None,0.6292491869918699,30.0,57.0,7.0,64.0,0.1410275983705851,0.0,41.82243982823967,4.923343331163052,None,Poultry manure,Calcium magnesium phosphate fertilizer,Byproduct,Intermittent ,39.49255645419974,Labile carbon source,2.4967368849582217,104.4196281381118,103.447779,6.561018917501334,0.4163860976696014,0.1406467729037923,20.42958209738156
27.32884658064516,3.0,1088.0,Trough,None,None,0.6292491869918699,26.0,67.0,10.817895785964248,62.0,1.8172450541748792,0.0,19.0,7.9401126986633,None,Poultry manure,Biochar,Husk,Intermittent ,46.58395793827451,Forsterite,2.4967368849582217,86.59956924988182,102.94945100000004,9.553926252365052,1.0436784029006958,0.18713999642947,1000000.0
29.6527647928068,18.0,252.0,Windrow,None,None,0.6292491869918699,4.0,72.17123833584023,9.879401002952688,45.0,0.3685577123023677,0.0,21.0,4.393772512131711,None,Poultry manure,DCD,Green waste,Intermittent ,51.64172044564239,Clay,2.4967368849582217,40.09258446789901,105.98710700000004,9.011485270281632,0.4556360840797424,0.162983153548503,1000000.0
27.32884658064516,7.0,1391.0,Windrow,Green waste,None,0.6292491869918699,24.0,79.61401736116575,8.665792532053814,62.0,0.0092893417707928,1.0,37.0,3.3717987272375853,None,Poultry manure,Inorganic acid,Soil,Intermittent ,35.92991101982806,Inorganic acid,2.4967368849582217,88.90457985482331,99.60964100000004,6.7905702809275645,0.2788896560668945,0.1348747581463643,1000000.0
27.32884658064516,28.0,24.0,Windrow,Green waste,None,0.6292491869918699,28.0,76.34353772863619,9.345461885960104,30.0,0.5665803595070724,0.0,14.0,4.823313926334266,None,Poultry manure,DCD,Green Waste,Intermittent ,43.65884047335925,MgSO₄,2.4967368849582217,43.01063132239359,106.11263500000004,10.223336912616894,0.581312358379364,0.1642466431968144,1000000.0
27.32884658064516,22.0,1213.0,Reactor,Green waste,None,0.6292491869918699,2.0,81.39141519935191,5.0,108.0,0.3263503539471066,1.0,44.98420809549277,2.6387468751566736,None,Poultry manure,Calcium magnesium phosphate fertilizer,Plastic tube pieces,Intermittent ,25.768441703216503,Biochar,2.4967368849582217,112.31373159265304,102.26396200000003,8.944738062464722,0.1820203959941864,0.1604901619964708,17.198167325393175
27.32884658064516,33.0,1093.0,Reactor,Straw,None,0.6292491869918699,31.0,62.0,9.40586162141032,57.0,0.1837216782361828,1.0,40.0,5.202155872532628,None,Poultry manure,Biochar,None,Intermittent ,58.41689597064622,Lime,2.4967368849582217,23.55197165543492,101.74855100000003,12.08581781180148,1.00738525390625,0.1438081390758712,1000000.0
27.32884658064516,74.0,1201.0,Trough,Mature compost,None,0.6292491869918699,20.0,66.0,8.0,86.0,1.3525193892439125,0.0,45.198071175462296,8.604886598122148,None,Poultry manure,Organic acid,Straw,Intermittent ,42.7792870213162,Sand,2.4967368849582217,112.84769143274372,99.30045100000002,9.305688202192492,0.332487016916275,0.1598349497590493,25.928907784763403
27.32884658064516,47.0,892.0,Reactor,Straw,None,0.6292491869918699,10.0,57.0,9.44731375177956,97.0,1.6042351637803312,1.0,15.0,4.106080657583489,None,Poultry manure,Gypsum,Husk,Intermittent ,52.83025665280425,Calcium magnesium phosphate fertilizer,2.4967368849582217,83.56670300065191,101.80098900000004,9.077583184786288,0.3164943158626556,0.1873241040339192,1000000.0
27.32884658064516,42.0,535.0,Windrow,None,None,0.6292491869918699,0.0,55.0,9.128208008367364,75.0,1.5653123807690037,0.0,29.0,4.795649474776403,None,Poultry manure,Calcium magnesium phosphate fertilizer,None,Intermittent ,43.94309259602306,Microbiological agent,2.4967368849582217,66.50273034565481,105.22193500000004,9.811354832928778,0.2318726778030395,0.1400754980824565,1000000.0
27.32884658064516,40.0,671.0,Trough,None,None,0.6292491869918699,10.0,70.0,10.796731384315144,104.0,0.36256374082167,0.0,26.0,7.431094559761788,None,Poultry manure,Calcium magnesium phosphate fertilizer,Sawdust,Intermittent ,42.52207091379361,MgHPO₄,2.4967368849582217,83.29416352671637,103.31837300000004,8.998807865287107,0.2227833271026611,0.1654921795801596,1000000.0
27.32884658064516,4.0,425.0,Reactor,Poultry manure,None,0.6292491869918699,11.0,67.0,11.104210092549971,88.0,0.538822726865984,1.0,17.0,3.923078461069548,None,Poultry manure,Gypsum,None,Intermittent ,58.1841428184831,Phosphogypsum,2.4967368849582217,24.289012661120974,106.25646800000004,8.440140595089064,0.2655813694000244,0.1816023039578202,1000000.0
27.32884658064516,43.0,206.0,Trough,None,None,0.6292491869918699,6.0,75.1021876677105,9.566677386163285,108.0,1.9657485671640569,0.0,21.0,9.589725423388971,None,Poultry manure,MgSO₄,Straw,Intermittent ,39.71878068760469,Ferric salt,2.4967368849582217,85.21839769523852,98.90821900000005,9.011485270281632,0.3067557215690613,0.1705182310912127,1000000.0
27.328846580645163,23.0,478.0,Trough,Poultry manure,None,0.6292491869918699,11.0,65.0,9.7724312004849,54.0,1.09012325701744,1.0,29.0,9.736947255075552,None,Poultry manure,DCD,Green waste,Intermittent ,53.68810681252036,Zeolite,2.4967368849582217,70.02925288870992,104.83404800000002,9.305688202192492,0.4489694237709045,0.1741411778286235,1000000.0
27.32884658064516,1.0,539.0,Trough,Green waste,None,0.6292491869918699,6.0,56.0,8.705469278647957,42.0,0.8752465821449744,0.0,38.0,3.71228126888554,None,Poultry manure,MgSO₄,Sawdust,Intermittent ,43.796317771281934,Microbiological agent,2.4967368849582217,27.712322046612897,101.55449900000004,7.460384639570536,0.0124338855966925,0.1539615671986148,1000000.0
27.32884658064516,13.0,523.0,Reactor,Straw,None,0.6292491869918699,23.0,80.24462290531761,6.0,62.0,0.5795887140944678,1.0,27.0,6.075227544321776,None,Poultry manure,Gypsum,Green waste,Intermittent ,33.74037415462848,LB Culture,2.4967368849582217,60.20731876205374,102.829697,8.499349377601735,0.4478677213191986,0.1705157985673348,1000000.0
27.32884658064516,5.0,900.0,Windrow,Green waste,None,0.6292491869918699,13.0,54.0,5.0,84.0,0.8601219811542653,1.0,38.0,2.088228593758707,None,Poultry manure,DCD,None,Intermittent ,35.00884833908787,Mg(OH)₂,2.4967368849582217,32.850531800769524,107.89158466666667,7.576992481978246,0.2644796669483185,0.1654682610794872,1000000.0
27.32884658064516,1.0,1147.0,Windrow,None,None,0.6292491869918699,8.0,76.63594743585898,8.0,90.0,1.7422398117170537,1.0,31.0,5.662762389138469,None,Poultry manure,DCD,Plastic tube pieces,Intermittent ,47.44295932241014,MgO,2.4967368849582217,14.035553608066492,106.77883300000003,7.3306120995767,0.0131870778277516,0.1965090336619016,1000000.0
27.32884658064516,55.0,1081.0,Windrow,Straw,None,0.6292491869918699,1.0,72.7657189558598,9.741121817187045,111.0,1.7934339391963106,1.0,30.0,9.963585058216252,None,Poultry manure,DCD,Woody peat,Intermittent ,30.81873083854372,Sulfur,2.4967368849582217,88.01950504372168,105.07005700000002,8.763933582510539,0.3053663969039917,0.1576053153179985,1000000.0
27.32884658064516,3.0,962.0,Reactor,Straw,None,0.6292491869918699,16.0,74.84419270538727,11.902526129370266,41.0,0.1165828911885533,1.0,40.0,5.338955869436094,None,Poultry manure,Calcium magnesium phosphate fertilizer,Straw,Intermittent ,34.52124529874689,Inorganic acid,2.4967368849582217,51.35858653747966,104.3463706666667,6.7238230731106565,0.2492808997631073,0.1507293761799893,1000000.0
27.32884658064516,38.0,499.0,Windrow,Green waste,None,0.6292491869918699,11.0,69.0,8.744509108672057,77.0,1.6965899117975474,0.0,31.0,2.1179470924902457,None,Poultry manure,Calcium magnesium phosphate fertilizer,Green Waste,Intermittent ,40.23427029479941,Mature compost,2.4967368849582217,55.28110223985566,104.19179300000002,11.066779114998834,0.5094867944717407,0.1658299054104266,1000000.0
27.32884658064516,71.0,1080.0,Windrow,Green waste,None,0.6292491869918699,28.0,80.96353285686482,9.099698826456596,92.0,3.5000345192108777,0.0,30.000000000000004,6.861002926170519,None,Poultry manure,Calcium magnesium phosphate fertilizer,Byproduct,Intermittent ,37.19233976416068,Phosphogypsum,2.4967368849582217,51.57572349904211,103.447779,8.787828197799278,0.3951676785945892,0.1560020239849891,1000000.0
27.328846580645163,37.0,1075.0,Trough,Mature compost,None,0.6292491869918699,13.0,62.99999999999999,6.0,46.0,0.5096146960724857,1.0,19.0,7.574849101865628,None,Poultry manure,DCD,Husk,Intermittent ,38.68261454228265,Clay,2.4967368849582217,53.09203530472416,104.58834500000005,9.144330392603198,0.3153926134109497,0.169930421877274,1000000.0
27.32884658064516,1.0,1132.0,Trough,Mature compost,None,0.6292491869918699,0.0,67.0,6.0,77.0,0.941350744697704,1.0,39.0,7.416360875404176,None,Poultry manure,Biochar,Green waste,Intermittent ,31.803073331781288,Forsterite,2.4967368849582217,85.52213466073015,106.19141200000004,4.351256436007075,0.0940294712781906,0.1751866445603072,1000000.0
27.32884658064516,20.0,1298.0,Trough,Mature compost,None,0.6292491869918699,18.0,63.0,9.356404882380662,43.0,1.7402726185061284,1.0,40.77352029484366,9.907262954424068,None,Poultry manure,Ca-superphosphate,None,Intermittent ,47.05731505929088,Ferric salt,2.4967368849582217,101.8007520497288,101.635639,9.68001998747656,0.2450607120990753,0.1741267111164505,23.654952859940924
27.32884658064516,68.0,981.0,Windrow,Straw,None,0.6292491869918699,3.0,59.00000000000001,9.981179949579811,103.0,0.1717690865048469,1.0,32.0,3.677977927586772,None,Poultry manure,DCD,Green waste,Intermittent ,37.86976455193521,Organic acid,2.4967368849582217,36.937595522943965,105.98934900000005,9.841727538228804,0.4556360840797424,0.1351156588123308,1000000.0
27.32884658064516,8.0,644.0,Reactor,Mature compost,None,0.6292491869918699,1.0,64.0,5.0,16.0,0.4813964963139066,1.0,34.0,5.641295890605891,None,Poultry manure,MgSO₄,Soil,Intermittent ,47.67745374109791,MgSO₄,2.4967368849582217,98.21770200468964,98.61049200000004,9.566687394378372,0.2522141635417938,0.1455023947235819,1000000.0
