Turning times,Initial C/N (%),V2_Ventilation Interval (min),Additive_3,V4_Ventilation Day,V1_Ventilation Type,Application Rate (%DW),Additive_2,Material_3,V5_Ventilation rate (L/min/kg iniDW),Additive_4,Compost volume (m3),Material_Main,Initial Moisture Content (%),Material_2, Composting Method,Initial GI (%),V3_Ventilation Duration (min),Period (d),Initial pH,Additive_1,M1_is Enclosed,Initial TN (%),Initial TC (%),Final GI (%),NH3-N loss (%),N2O-N loss (%),CH4-C loss (%),CO2-C loss (%)
2.0,23.0,0.0,4.0,59.0,0.0,6.188947033536587,3.0,2.0,0.943398478556513,1.0,0.08,4,68.0,2.0,2.0,27.32884658064516,0.0,64.0,7.0,18.0,1.0,0.875,29.231080533578947,105.523066,6.146842403341082,0.6607433557510376,0.20099189240887427,1000000.0
3.0,18.0,0.0,4.0,69.0,0.0,9.328360780443138,8.0,5.0,1.3196571103278532,1.0,0.08,4,53.0,13.0,1.0,27.32884658064516,0.0,120.0,5.0,31.0,0.0,0.875,28.474823097036342,106.23852600000002,4.008384464884119,0.6796333193778992,0.15786036268058737,1000000.0
19.0,30.0,0.0,4.0,3.0,0.0,9.558914665047247,3.0,0.0,0.03094827298059677,1.0,0.08,4,53.99999999999999,4.0,0.0,27.328846580645163,0.0,133.0,7.0,34.0,1.0,0.875,30.64510349034532,110.98738000000002,7.216505343698484,0.6426041722297668,0.18505286667254214,1000000.0
1.0,45.3222627024864,0.0,4.0,76.0,0.0,8.78773837025238,2.0,3.0,1.5648994606010413,1.0,0.08,4,62.98713726429521,13.0,2.0,27.32884658064516,0.34974089434303274,119.0,10.057010653118407,34.0,0.0,0.9649214811537081,39.656979864675606,111.57681799999999,1000000.0,1000000.0,1000000.0,1000000.0
19.0,17.0,0.0,4.0,7.0,0.0,4.872995340249466,15.0,0.0,0.35726681381350933,1.0,0.08,4,72.61330810040914,4.0,2.0,27.32884658064516,0.0,34.0,7.0,37.0,0.0,0.875,32.91276768177731,107.31852600000002,6.1318069314565085,0.5208320021629333,0.16775889386955511,1000000.0
13.0,30.0,0.0,4.0,4.0,0.0,5.105761086722311,2.0,2.0,1.1870936521990347,1.0,0.08,4,81.77102004548833,8.0,0.0,27.32884658064516,0.0,27.0,7.0,34.0,1.0,0.875,34.83747060541513,110.35370400000002,6.981919471753437,0.5497182011604309,0.23070976346082187,1000000.0
15.0,23.0,0.0,4.0,53.0,0.0,5.034866737839761,7.0,2.0,0.5696833946792605,1.0,0.08,4,52.0,4.0,0.0,27.32884658064516,0.0,82.0,7.0,35.0,1.0,0.875,8.674150321256116,108.999525,4.286751149249235,0.5727634429931641,0.2002939270207597,1000000.0
0.0,36.0,0.0,4.0,0.0,2.0,8.078433536710527,0.0,3.0,0.0,1.0,0.08,4,63.0,12.0,0.0,27.32884658064516,0.0,98.0,5.0,33.0,1.0,0.875,18.326057151280423,107.75231700000006,6.909376151583489,0.182043194770813,0.1628067646942382,1000000.0
8.0,41.99940767348022,0.0,4.0,0.0,2.0,9.87217883724035,3.0,2.0,0.0,1.0,0.08,4,52.0,0.0,0.0,27.32884658064516,0.0,56.0,11.092050772420034,31.0,1.0,0.875,36.74948171429519,104.59606749999999,4.676150414439596,0.6644315123558044,0.16655882138699762,20.89110668873565
24.0,35.0,0.0,4.0,14.0,0.0,6.32907260197821,5.0,3.0,1.0658822079125674,1.0,0.08,4,71.40781333100654,2.0,1.0,27.32884658064516,0.0,58.0,7.0,36.0,1.0,0.875,33.474579637447476,110.91854500000001,6.039919879856204,0.545119047164917,0.2031261235048668,1000000.0
14.0,12.0,0.0,4.0,9.0,0.0,2.5091682137905407,6.0,5.0,0.3940741308096878,1.0,0.08,4,77.30199420242985,2.0,2.0,27.32884658064516,0.0,62.0,6.0,35.0,0.0,0.875,28.477060215296454,106.07587500000001,6.039578433944572,0.5497182011604309,0.1661045470060192,1000000.0
9.0,37.0,0.0,4.0,60.0,0.0,6.8890656773397065,15.0,3.0,1.7011105229058485,1.0,0.08,4,64.0,2.0,2.0,27.32884658064516,0.08278240034603969,109.0,5.0,38.0,0.0,0.875,27.360245891288002,106.70022900000004,2.1245439975452256,0.5653309226036072,0.16506804121273283,1000000.0
2.0,26.0,42.0,4.0,49.0,1.0,7.163026571914064,0.0,0.0,1.782367585954399,1.0,0.08,4,78.02478691945208,4.0,0.0,27.32884658064516,33.731234986466546,122.0,10.79156039201677,36.0,1.0,0.875,21.07305142013164,106.081669,7.520279490396933,1.0507774353027344,0.17129249600160865,1000000.0
7.0,39.0,0.0,4.0,81.0,0.0,4.657677165018222,3.0,5.0,1.3003957299909077,1.0,0.08,4,70.0,0.0,0.0,27.328846580645163,0.0,125.0,6.0,35.0,1.0,0.875,24.8931419731584,109.71075600000002,6.984266355194449,0.5718567371368408,0.2263184373614917,1000000.0
9.0,20.0,0.0,4.0,42.0,0.0,5.4008424862749695,0.0,3.0,1.1387310527623487,1.0,0.08,4,56.0,13.0,1.0,27.32884658064516,0.0,132.0,7.0,31.0,1.0,0.875,4.965944958620137,109.60651700000003,6.75167981025776,0.5823831558227539,0.22754660042455935,1000000.0
2.0,30.0,0.0,4.0,28.0,0.0,7.8035091607708535,13.0,5.0,1.492139188708191,1.0,0.08,4,69.0,2.0,2.0,27.32884658064516,0.0,63.0,7.0,35.0,1.0,0.875,29.912762774341793,106.895713,6.1341538148975205,0.7361441254615784,0.19212112393601455,1000000.0
17.0,31.0,294.0,4.0,5.0,1.0,7.8094728001731415,5.0,2.0,1.019749451242773,1.0,0.08,4,67.0,2.0,2.0,27.32884658064516,1.871468516028667,73.0,6.0,30.0,1.0,0.875,6.549548208559924,110.82217500000003,7.120908181989957,0.7746384143829346,0.17774878217681425,1000000.0
17.0,44.15369829239253,0.0,4.0,0.0,2.0,6.089753879576334,2.0,2.0,0.0,1.0,0.08,4,81.22971708331053,14.0,1.0,27.399937773467826,0.0,15.0,5.619570171532248,34.0,1.0,0.875,38.63448600584346,107.13046200000008,6.750921025157904,0.5494934916496277,0.18852641503271989,26.81498742142105
30.0,40.0,0.0,4.0,37.0,0.0,3.7210036603352643,3.0,0.0,1.88513161737371,1.0,0.08,4,79.06839230593874,5.0,2.0,27.32884658064516,0.0,106.0,8.0,36.0,1.0,0.875,29.440002572256375,108.69928999999998,6.14449551990007,0.5497182011604309,0.18883695799711112,1000000.0
24.0,11.0,0.0,4.0,61.0,0.0,7.349608073099171,3.0,2.0,0.18884433947571133,1.0,0.08,4,78.43140951442035,8.0,2.0,27.32884658064516,0.0,114.0,8.0,19.0,1.0,0.875,10.998793073823562,106.46318899999999,6.131668856215877,0.6104692816734314,0.17691783169366046,1000000.0
5.0,30.0,0.0,4.0,12.0,0.0,5.72453115104054,11.0,5.0,1.9025574396958773,1.0,0.08,4,63.0,14.0,1.0,27.32884658064516,0.0,20.0,5.0,37.0,0.0,0.875,26.685422313871115,107.96926000000006,6.754026693698772,0.5605821013450623,0.20691090839403029,1000000.0
24.0,33.89195839932864,0.0,4.0,2.0,0.0,3.840864319307107,0.0,4.0,0.16408725192059692,1.0,0.08,4,52.99117736098777,4.0,1.0,27.32884658064516,0.37985281616118205,22.0,8.0,34.0,0.0,0.875,21.683412449921676,109.70266600000001,-0.8654994769649343,0.7238808870315552,0.19213966365697854,1000000.0
7.0,37.0,415.0,4.0,36.0,1.0,3.4075498488971068,7.0,3.0,0.7161125060587954,1.0,0.08,4,51.0,12.0,0.0,27.32884658064516,0.7086714049112031,73.0,7.0,31.0,1.0,0.875,11.3617687857752,109.31911300000002,5.772453950911294,0.7601466178894043,0.16394462823818687,1000000.0
0.0,16.0,0.0,4.0,67.0,0.0,2.440918979920572,1.0,3.0,0.2048084611317116,1.0,0.08,4,71.7016763515957,2.0,1.0,27.328846580645166,0.2979147908726698,87.0,7.000000000000002,38.0,0.0,0.875,23.315674259958037,113.70966100000001,1.6765024950879746,0.6681881546974182,0.12396444230781674,1000000.0
8.0,35.0,0.0,4.0,4.0,0.0,8.13807363140899,2.0,0.0,0.05396560422157437,1.0,0.08,4,70.0,4.0,0.0,27.32884658064516,0.0,94.0,11.833470645804773,34.0,1.0,0.875,6.176881520505607,107.84035100000001,6.981919471753437,0.6796979308128357,0.1848733259443159,1000000.0
23.0,40.17145758234309,308.0,4.0,48.0,1.0,6.169403811609885,0.0,2.0,1.2925850002014272,1.0,0.08,4,83.94510133842122,0.0,0.0,27.32884658064516,1.1963971218493197,123.0,6.0,30.0,1.0,0.875,35.150025384550204,110.83831800000002,8.053622201829283,0.6465256810188293,0.1697368599752046,21.926166190107352
0.0,44.76646120455868,0.0,4.0,0.0,2.0,3.626231329835802,3.0,3.0,0.0,1.0,0.08,4,60.0,12.0,2.0,27.32884658064516,0.0,15.0,5.0,31.0,1.0,0.875,39.17065355398884,108.58485200000008,6.571616271258808,0.13248643279075623,0.17733252992091827,26.798256848166837
30.0,25.0,0.0,4.0,37.0,0.0,6.681001647986358,1.0,2.0,0.042532619797805093,1.0,0.08,4,50.0,12.0,1.0,27.32884658064516,0.0,71.0,9.36771186280744,35.0,0.0,0.875,9.98981491647348,106.945233,4.056511487753556,0.6123406887054443,0.13675068719893918,1000000.0
23.0,42.75733263791918,0.0,4.0,36.0,0.0,3.7836229408723216,3.0,3.0,1.0326980470475948,1.0,0.08,4,83.77980086286559,0.0,0.0,27.32884658064516,0.0,99.0,7.0,18.0,1.0,0.875,37.41266605817928,105.408231,6.981919471753437,0.4831394553184509,0.21008471742623638,22.057109578634225
2.0,29.0,0.0,4.0,21.0,0.0,9.517362749562306,1.0,2.0,0.13621543188519847,1.0,0.08,4,73.90047207120182,3.0,0.0,27.32884658064516,0.0,64.0,10.08106495116157,36.0,1.0,0.875,5.003619101595293,108.345911,7.218852227139496,0.7092655897140503,0.16924756035778427,1000000.0
29.0,22.0,907.0,4.0,82.0,1.0,5.0864724481577195,1.0,4.0,0.813025486394268,1.0,0.08,4,68.0,8.0,2.0,27.328846580645163,4.131724685769312,129.0,5.0,37.0,0.0,0.875,15.447202449566268,109.377381,7.1801727266312465,1.0348937511444092,0.15976704610292106,1000000.0
9.0,27.0,0.0,4.0,68.0,0.0,9.484740106096098,1.0,9.0,1.185482156849871,1.0,0.08,4,71.83144208704353,4.0,1.0,27.328846580645163,0.0,121.0,7.0,36.0,1.0,0.875,20.895749113827925,108.16640400000004,6.274505751801249,0.5872179269790649,0.19594889480776634,1000000.0
7.0,32.0,0.0,4.0,0.0,2.0,4.931038874146243,3.0,3.0,0.0,1.0,0.08,4,75.59473957677656,4.0,1.0,27.32884658064516,0.0,122.0,6.0,37.0,1.0,0.875,13.254748591319284,106.85346300000006,6.041507978197361,0.6408568024635315,0.1759395953210876,1000000.0
0.0,34.0,1217.0,4.0,58.0,1.0,5.140563400364775,2.0,4.0,1.6524885645146181,1.0,0.08,4,69.0,4.0,2.0,27.32884658064516,22.142148731413425,91.0,7.0,36.0,0.0,0.875,30.24847003417859,105.56611200000002,7.2985673846985915,0.35410213470458984,0.1502736729800686,1000000.0
0.0,33.18299855271913,0.0,4.0,34.0,0.0,7.583322883848635,6.0,5.0,0.5106234887292722,1.0,0.08,4,73.57551785844255,2.0,1.0,27.32884658064516,0.0,60.0,6.0,36.0,1.0,0.875,30.221599716332257,108.715902,5.756039485913244,0.16491417586803436,0.16520576523842118,1000000.0
7.0,12.0,0.0,4.0,48.0,0.0,4.2596117407415965,1.0,3.0,1.263379807156392,1.0,0.08,4,62.0,2.0,0.0,27.32884658064516,0.0,67.0,6.0,33.0,1.0,0.875,8.695186074757341,111.43035300000005,6.971439691510258,0.6746342778205872,0.1831861752711087,1000000.0
13.0,12.0,0.0,4.0,9.0,0.0,6.3064647868891885,1.0,3.0,1.3821772555873693,1.0,0.08,4,57.0,8.0,1.0,27.32884658064516,0.0,108.0,8.098657238168233,38.0,0.0,0.875,6.2958326237608375,108.891022,6.027093216172013,0.5823831558227539,0.16744697993626237,1000000.0
30.0,20.0,0.0,4.0,81.0,0.0,7.998678403030613,0.0,9.0,1.0248414586414623,1.0,0.08,4,70.16311782783208,13.0,0.0,27.32884658064516,0.0,118.0,7.146860723837129,37.0,1.0,0.875,34.92487152757991,108.44638600000003,7.6936794021549835,0.5872179269790649,0.2232102148810005,1000000.0
14.0,12.0,0.0,4.0,34.0,0.0,9.130109771954608,3.0,4.0,1.0386323604501682,1.0,0.08,4,62.0,6.0,2.0,27.32884658064516,0.0,72.0,5.0,36.0,0.0,0.875,13.56729988506604,108.361401,6.366254728160922,0.641227126121521,0.15284325365724807,1000000.0
6.0,22.0,0.0,4.0,17.0,0.0,5.440551147634851,1.0,0.0,1.2902811499802338,1.0,0.08,4,75.77429499040025,14.0,2.0,27.32884658064516,0.0,103.0,9.921771325011083,28.0,1.0,0.875,5.546958431213619,107.65986600000001,6.858602333742637,0.6419693231582642,0.21628991914687296,1000000.0
1.0,29.0,0.0,4.0,32.0,0.0,8.717146902432948,3.0,9.0,1.430088742213611,1.0,0.08,4,77.12007848298664,13.0,2.0,27.32884658064516,0.0,58.0,8.0,37.0,1.0,0.875,9.713597591488309,108.10976499999998,6.806960928303709,0.05683533847332001,0.20296454164310457,1000000.0
24.0,12.601995160162218,0.0,4.0,15.0,0.0,6.150520857150539,3.0,3.0,1.663791005251422,1.0,0.08,4,83.65402608086112,4.0,0.0,27.32884658064516,0.0,114.0,6.0,35.0,1.0,0.875,22.22508159757458,110.11009100000001,6.969092808069246,0.5497182011604309,0.19273104222524007,1000000.0
24.0,30.0,0.0,4.0,6.0,0.0,7.606547188378891,8.0,0.0,0.3575455857175487,1.0,0.08,4,63.0,4.0,1.0,27.32884658064516,0.0,17.0,7.0,31.0,0.0,0.875,29.48836863776603,108.25884000000002,6.039919879856204,0.5719393491744995,0.19265696189711087,1000000.0
28.0,43.654136122298475,0.0,4.0,7.0,0.0,3.69294287865445,2.0,4.0,1.406940617556762,1.0,0.08,4,81.66251569358893,5.0,1.0,27.32884658064516,0.0,79.0,5.0,34.0,0.0,0.875,38.19736910701116,108.34678900000003,6.039919879856204,0.5497182011604309,0.18184408699670335,21.380669900496656
2.0,19.0,0.0,4.0,0.0,2.0,4.355337201129467,0.0,0.0,0.0,1.0,0.08,4,62.0,5.0,0.0,27.32884658064516,0.0,17.0,7.521205625123836,38.0,1.0,0.875,28.77015010068895,107.94811700000005,6.983507570094593,0.6814594268798828,0.16163626667972825,1000000.0
15.0,21.887495773341485,0.0,4.0,84.0,0.0,8.322046632936036,0.0,5.0,1.3059363665442814,1.0,0.08,4,75.44775561066965,0.0,1.0,27.328846580645163,0.0,93.0,5.0,31.0,1.0,0.875,26.157550527709716,106.93603600000004,6.039919879856204,0.5256856083869934,0.1902020059901073,1000000.0
7.0,31.61166729477427,0.0,4.0,49.0,0.0,4.823489479181124,1.0,2.0,1.282402275948542,1.0,0.08,4,51.0,2.0,0.0,27.9349852320046,0.0,93.0,8.69646292133608,35.0,1.0,0.875,12.741435856863012,107.833296,4.004038254434751,0.6746342778205872,0.20080835787334927,1000000.0
8.0,36.0,1082.0,4.0,37.0,1.0,4.452044117562179,8.0,3.0,2.9025847760740193,1.0,0.08,4,52.0,3.0,1.0,27.32884658064516,2.174863246729193,59.0,9.905945095740208,38.0,1.0,0.875,15.749834458558379,106.95607,4.405123933556145,1.117102861404419,0.14376939945400466,1000000.0
29.0,40.65420797208814,0.0,4.0,1.0,0.0,6.03683794885249,5.0,3.0,1.2137220272272433,1.0,0.08,4,57.0,2.0,2.0,27.32884658064516,0.3895172939376362,72.0,10.042785557019918,34.0,0.0,0.875,35.57243197557712,109.81020099999999,1.6026601473233517,0.7221096754074097,0.1774646933283526,21.875633830092465
23.0,14.0,0.0,4.0,1.0,0.0,8.78549994234314,2.0,3.0,0.20961408057118658,1.0,0.08,4,57.0,12.0,1.0,27.32884658064516,0.0,51.0,7.0,35.0,0.0,0.875,32.45904988484946,110.09318400000001,7.183335007208176,0.6394559144973755,0.10783424394720781,1000000.0
9.0,30.0,0.0,4.0,31.0,0.0,5.423000069355906,3.0,0.0,1.2518903010304936,1.0,0.08,4,76.26534256669049,3.0,2.0,27.32884658064516,0.0,60.0,5.0,37.0,1.0,0.875,28.989144347012534,110.07770400000001,6.14449551990007,0.5497182011604309,0.19097592528784268,1000000.0
5.0,35.0,0.0,4.0,30.0,0.0,8.739420547060943,7.0,5.0,0.583601973561898,1.0,0.08,4,59.0,14.0,0.0,27.32884658064516,0.0,91.0,7.0,31.0,1.0,0.875,25.874500398109504,107.242653,7.930612157541045,0.7229651808738708,0.22537610304351768,1000000.0
1.0,23.0,0.0,4.0,0.0,2.0,6.600029627543765,5.0,5.0,0.0,1.0,0.08,4,52.02340281545954,0.0,1.0,27.32884658064516,0.0,84.0,7.0,34.0,1.0,0.875,32.46839862819148,106.59772600000005,2.7327966682936413,0.07507044076919556,0.2003533222706582,1000000.0
30.0,42.92841611698525,0.0,4.0,42.0,0.0,7.86256280845949,7.0,2.0,1.8983429624915427,1.0,0.08,4,49.99999999999999,14.0,1.0,27.328846580645163,0.0,87.0,7.187050059782113,36.0,1.0,0.875,37.59723619751522,109.31550700000001,4.056511487753556,0.6543300151824951,0.19068077217972612,1000000.0
0.0,20.0,0.0,4.0,80.0,0.0,3.0655002184694506,0.0,3.0,0.607129832781649,1.0,0.08,4,63.0,5.0,2.0,27.32884658064516,0.0,131.0,9.591928584379446,30.0,1.0,0.875,30.09466775441257,108.93239549999998,5.86061512595711,0.5055645704269409,0.14587104164761244,1000000.0
0.0,34.0,0.0,4.0,0.0,2.0,6.02247361739066,2.0,0.0,0.0,1.0,0.08,4,76.50219174646762,0.0,2.0,27.32884658064516,0.0,84.0,6.0,34.0,0.0,0.875,10.363434676846136,107.75231700000006,5.859856340857254,0.16105365753173828,0.10348474948741684,1000000.0
0.0,36.0,0.0,4.0,44.0,0.0,5.625497398712579,6.0,0.0,0.28448106894043756,1.0,0.08,4,81.02447535272368,12.0,2.0,27.328846580645163,0.0,81.0,5.0,34.0,0.0,0.875,26.48796571155199,110.14270200000001,6.513110511717374,0.12236820161342621,0.1373888169767673,1000000.0
11.0,40.471226946346626,0.0,4.0,8.0,0.0,8.23159772720367,2.0,2.0,1.5728290113612033,1.0,0.08,4,53.0,13.0,2.0,27.32884658064516,0.0,117.0,7.0,33.0,0.0,0.875,35.4123235780533,110.82373100000002,4.16108712779742,0.641227126121521,0.16259389216432205,22.30636574482492
7.0,37.0,0.0,4.0,5.0,0.0,9.219476031600454,2.0,4.0,1.1680033363141906,1.0,0.08,4,77.46500248576737,6.0,2.0,27.32884658064516,0.0,26.0,11.295360147527504,33.0,0.0,0.875,6.338156236899903,107.027976,6.381428275286127,0.6845153570175171,0.17895119830306927,1000000.0
1.0,45.20765667644843,1042.0,4.0,32.0,1.0,6.397200758450314,5.0,5.0,1.8052968064005448,1.0,0.08,4,52.0,4.0,0.0,27.32884658064516,0.588408338902926,117.0,9.979991586554949,36.0,1.0,0.875,39.556699591892375,108.99038,-0.761754467543485,0.11847280710935593,0.15481352194634498,20.216690866325017
11.0,22.0,0.0,4.0,29.0,0.0,8.247620856617377,3.0,9.0,1.369665372517341,1.0,0.08,4,73.08524016453705,4.0,0.0,27.32884658064516,0.0,129.0,8.030469936612437,33.0,1.0,0.875,19.373811355656038,106.82583100000002,6.981919471753437,0.5918170809745789,0.21363414476101494,1000000.0
13.0,35.0,91.0,4.0,49.0,1.0,4.875706960337273,3.0,2.0,1.374333166023459,1.0,0.08,4,62.0,13.0,0.0,27.32884658064516,4.369382596362643,53.0,7.0,33.0,1.0,0.875,27.704830152130516,110.232652,8.229692537357474,1.0310860872268677,0.19131863524565623,1000000.0
8.0,41.68631887204647,0.0,4.0,0.0,2.0,7.999096694420927,2.0,3.0,0.0,1.0,0.08,4,78.2224535099354,14.0,2.0,27.32884658064516,0.0,21.0,5.0,31.0,1.0,0.875,36.47552901304066,107.19740000000007,6.85549666520177,0.6937041282653809,0.1724257891336368,27.59681100157433
15.0,40.0,0.0,4.0,9.0,0.0,5.350795953914558,13.0,9.0,0.6911644694126962,1.0,0.08,4,63.0,5.0,2.0,27.32884658064516,0.0,14.0,8.386229037605743,30.0,0.0,1.2943765127986695,11.877765685891339,104.26572700000003,1000000.0,1000000.0,1000000.0,1000000.0
11.0,41.46054687747259,0.0,4.0,32.0,0.0,2.2173439251256117,2.0,3.0,1.996023942478388,1.0,0.08,4,50.0,14.0,1.0,27.32884658064516,0.0,121.0,10.710466685304793,34.0,1.0,0.875,36.27797851778851,106.266372,4.056511487753556,0.6051058769226074,0.20954667910312993,25.61835923256331
4.0,30.0,0.0,4.0,5.0,0.0,8.389126002610055,1.0,5.0,0.32217747079906256,1.0,0.08,4,53.999999999999986,8.0,2.0,27.328846580645163,0.0,83.0,7.1535690432565495,38.0,0.0,0.875,12.115225195277954,111.15722900000003,6.146842403341082,0.7328010201454163,0.17524655840245387,1000000.0
4.0,16.0,0.0,4.0,0.0,2.0,4.874529506640482,5.0,0.0,0.0,1.0,0.08,4,61.0,5.0,0.0,27.32884658064516,0.0,60.0,9.095642459633272,30.0,1.0,0.875,24.337718435043836,105.24065249999998,6.983507570094593,0.6785809993743896,0.15457819218949434,1000000.0
6.0,30.0,0.0,4.0,15.0,0.0,2.9611661404603637,5.0,2.0,1.7745890828333342,1.0,0.08,4,58.3536485194545,2.0,2.0,27.32884658064516,1.5887988972861904,80.0,6.0,37.0,0.0,0.875,31.73809387929733,112.98907700000004,7.333374395399731,0.7791847586631775,0.18956747083448025,1000000.0
3.0,13.0,0.0,4.0,71.0,0.0,8.485223101945143,3.0,2.0,1.9883269820032659,1.0,0.08,4,70.0,13.0,0.0,27.32884658064516,0.0,80.0,10.674340441267747,38.0,1.0,0.875,20.30221080893991,108.06827099999998,7.683199621911805,0.7032893896102905,0.16497377203691863,1000000.0
0.0,41.61432982525435,0.0,4.0,28.0,0.0,6.640130340430135,1.0,9.0,1.078009246198536,1.0,0.08,4,75.30395818240376,4.0,1.0,27.328846580645163,0.38703640813875023,34.0,7.26068415406762,34.0,0.0,0.875,36.41253859709755,110.90904600000003,1.6765024950879746,0.30754777789115906,0.16498707486180164,1000000.0
22.0,16.0,0.0,4.0,54.0,0.0,6.3838287417014214,2.0,3.0,1.5689390684550453,1.0,0.08,4,82.48914698214847,3.0,1.0,27.32884658064516,0.0,107.0,7.0,22.0,0.0,0.875,20.638789557544033,106.07660900000005,6.039919879856204,0.5497182011604309,0.1765753330487505,1000000.0
19.0,31.0,0.0,4.0,20.0,0.0,9.51446910145619,9.0,3.0,0.45099927712979415,1.0,0.08,4,63.0,2.0,2.0,27.32884658064516,0.0,132.0,6.000000000000001,36.0,0.0,0.875,28.361624072806745,106.46633500000003,6.319816847203826,0.5634625554084778,0.18074550679937976,1000000.0
0.0,40.15144423361374,1233.0,4.0,51.0,1.0,7.348557362574723,1.0,3.0,0.4548453007655273,1.0,0.08,4,74.44387662732794,3.0,1.0,27.32884658064516,57.44737558659546,126.0,7.0,38.0,0.0,0.875,35.13251370441202,106.75208200000003,7.193991744654727,0.40502724051475525,0.12154714149082424,18.983126104949815
17.0,15.0,0.0,4.0,49.0,0.0,5.660087307771011,5.0,2.0,0.17030475960721447,1.0,0.08,4,66.0,5.0,2.0,27.32884658064516,0.0,85.0,10.711172656069568,35.0,0.0,0.875,25.06291984082723,106.72808299999998,6.0852309752587805,0.5618592500686646,0.12694106265222657,1000000.0
8.0,40.0,0.0,4.0,33.0,0.0,5.954919329169939,1.0,2.0,1.2972241681876429,1.0,0.08,4,71.63363869487601,2.0,1.0,27.32884658064516,0.0,58.0,5.0,30.0,0.0,0.875,7.229689400910519,109.63862200000003,6.039919879856204,0.6371518969535828,0.17976090303319048,1000000.0
13.0,37.0,439.0,4.0,41.0,1.0,7.332296967662467,6.0,5.0,0.4293026196477723,1.0,0.08,4,76.75150196581154,4.0,0.0,27.328846580645163,1.200598739768659,115.0,5.0,31.0,1.0,0.875,13.49691451738869,107.54793799999997,8.053622201829283,0.7587405443191528,0.1780662601227078,1000000.0
1.0,18.0,0.0,4.0,0.0,0.0,7.449631125364734,3.0,0.0,1.567514120443999,1.0,0.08,4,72.69802547939736,14.0,0.0,27.32884658064516,0.0,63.0,7.0,33.0,1.0,0.875,21.55870621915688,108.82058000000005,6.909376151583489,0.4462033212184906,0.2080175784401197,1000000.0
29.0,21.0,174.0,4.0,30.0,1.0,2.962904730432392,6.0,2.0,1.357031232380759,1.0,0.08,4,75.56196685436697,2.0,0.0,27.32884658064516,0.4769237608973098,101.0,6.0,34.0,1.0,0.875,18.332494146079014,108.218939,1.7903240274204084,0.6998283863067627,0.20434309380691565,1000000.0
21.0,23.0,0.0,4.0,45.0,0.0,9.405558494375683,13.0,3.0,1.8213218121043446,1.0,0.08,4,50.0,13.0,0.0,27.32884658064516,0.0,85.0,6.0,37.0,1.0,0.875,24.463612800885347,106.85902900000002,5.433128234223001,0.643724262714386,0.18873634251002572,1000000.0
7.0,18.0,0.0,4.0,46.0,0.0,9.366981463157165,6.0,2.0,0.019999829686383253,1.0,0.08,4,79.10891009691437,14.0,2.0,27.32884658064516,0.0,81.0,8.0,28.0,1.0,0.875,21.219749545356425,105.17326700000001,7.033923661046395,0.6845153570175171,0.1902190047643598,1000000.0
25.0,12.0,0.0,4.0,76.0,0.0,2.7929159640504375,5.0,2.0,1.712687825357383,1.0,0.08,4,64.0,13.0,2.0,27.32884658064516,0.0,104.0,8.0,30.0,0.0,0.875,30.231280831761143,107.71632000000001,6.784164241976144,0.5823831558227539,0.16005211757779503,1000000.0
7.0,11.0,0.0,4.0,51.0,0.0,9.38867494938559,0.0,3.0,1.7502721857478005,1.0,0.08,4,79.810228743701,3.0,0.0,27.32884658064516,0.0,117.0,8.319799395463475,34.0,1.0,0.875,16.394037423680757,108.80642800000001,7.206025563455303,0.6845153570175171,0.19519949401107298,1000000.0
3.0,22.09698963578247,0.0,4.0,34.0,0.0,4.675988356096428,3.0,9.0,0.13651295110906103,1.0,0.08,4,56.0,2.0,2.0,27.328846580645163,0.0,60.0,5.0,35.0,0.0,0.875,4.4165135917350185,109.63479500000001,6.146842403341082,0.6774006485939026,0.17282219144436664,1000000.0
30.0,30.0,0.0,4.0,32.0,0.0,7.172401607573161,0.0,2.0,0.43375656751322916,1.0,0.08,4,70.0,13.0,1.0,27.32884658064516,0.0,103.0,8.0,37.0,1.0,0.875,32.71590738916665,108.69525,6.75167981025776,0.6058701276779175,0.21175361277581556,1000000.0
0.0,28.0,0.0,4.0,33.0,0.0,7.821809461331662,1.0,5.0,0.8588038632814741,1.0,0.08,4,52.0,13.0,1.0,27.32884658064516,0.0,100.0,9.559438846263099,17.0,0.0,0.875,21.495953590009776,103.97629799999999,3.4875713155550994,0.19371725618839264,0.1733645183320737,1000000.0
15.0,21.0,0.0,4.0,9.0,0.0,2.878389758956012,7.0,2.0,1.271984477194869,1.0,0.08,4,70.0,12.0,2.0,27.32884658064516,0.3265532313023059,101.0,6.0,38.0,1.0,0.875,12.2429832469754,108.479988,2.3151788628247583,0.7217022776603699,0.22685997132248953,1000000.0
1.0,19.0,0.0,4.0,3.0,0.0,5.807652567922741,3.0,5.0,0.9707953237314294,1.0,0.08,4,68.0,13.0,2.0,27.328846580645163,0.0,125.0,10.688381530683486,37.0,1.0,0.875,34.49879708971626,107.285129,6.572375056358664,0.38082849979400635,0.18379196618752439,1000000.0
8.0,33.0,0.0,4.0,16.0,0.0,6.593142123738901,10.0,2.0,0.1798514787088903,1.0,0.08,4,82.82344325637575,13.0,1.0,27.32884658064516,0.0,102.0,7.084974053144663,35.0,1.0,0.875,24.739786785937397,107.88344700000003,6.75167981025776,0.5294650793075562,0.20281888718324387,1000000.0
11.0,17.0,0.0,4.0,81.0,0.0,2.5576348897953736,0.0,3.0,1.2712093913842788,1.0,0.08,4,79.94795813196218,8.0,1.0,27.32884658064516,0.0,98.0,8.0,33.0,1.0,0.875,33.59496282403484,108.41335600000001,6.039919879856204,0.5497182011604309,0.21902390662925017,1000000.0
26.0,20.0,0.0,4.0,67.0,0.0,9.93072315768666,1.0,0.0,1.7140155875319525,1.0,0.08,4,54.0,4.0,0.0,27.32884658064516,0.0,78.0,8.002364208353887,34.0,1.0,0.875,14.888134087590068,108.721681,7.216505343698484,0.6426041722297668,0.20463590787903957,1000000.0
12.0,39.0,0.0,4.0,16.0,0.0,4.09662627803534,6.0,5.0,0.5287327776289352,1.0,0.08,4,82.60932848180629,8.0,2.0,27.328846580645163,0.0,117.0,7.0,31.0,0.0,0.875,12.421646085343268,105.58207700000001,6.0852309752587805,0.5497182011604309,0.17734270437212568,1000000.0
3.0,15.0,0.0,4.0,27.0,0.0,2.488346923514926,0.0,4.0,1.1410628532257967,1.0,0.08,4,56.0,12.0,0.0,27.32884658064516,0.0,79.0,6.0,33.0,1.0,0.875,7.256942268394517,109.80836000000004,7.6960262855959956,0.6778478026390076,0.176415294816074,1000000.0
14.0,38.18679567290625,0.0,4.0,17.0,0.0,8.96104710675425,1.0,9.0,1.210330110556561,1.0,0.08,4,54.0,4.0,1.0,27.32884658064516,0.0,111.0,8.67035204653798,33.0,1.0,0.875,19.99739513022112,104.75558700000002,6.274505751801249,0.640779972076416,0.1900126064202474,1000000.0
4.0,16.0,0.0,4.0,45.0,0.0,7.9841319137150935,6.0,3.0,0.5684572670292098,1.0,0.08,4,65.0,0.0,0.0,27.32884658064516,0.0,88.0,8.134271957427956,35.0,1.0,0.875,33.31721171752419,109.03423,6.984266355194449,0.6545161604881287,0.1760476675170696,1000000.0
5.0,18.0,0.0,4.0,65.0,0.0,6.110281654553212,2.0,3.0,1.9890073862012143,1.0,0.08,4,67.0,2.0,2.0,27.32884658064516,0.0,94.0,8.417786426487018,35.0,1.0,0.875,18.98574926856943,108.69638200000001,6.146842403341082,0.6422831416130066,0.17174016179434862,1000000.0
8.0,13.0,0.0,4.0,44.0,0.0,9.725092414000997,13.0,2.0,1.894024723880213,1.0,0.08,4,83.97145368082717,5.0,2.0,27.32884658064516,0.0,105.0,8.0,33.0,0.0,0.875,25.524612374793865,105.53804600000004,6.511540275345246,0.608771562576294,0.1689471721712414,1000000.0
24.0,25.0,997.0,4.0,51.0,1.0,4.018392504421043,12.0,2.0,1.5680292962315798,1.0,0.08,4,61.0,13.0,2.0,27.32884658064516,4.124696500606482,107.0,7.0,33.0,1.0,0.875,27.314132812520697,107.60827600000002,7.507866200662182,0.912811279296875,0.15515031760675768,1000000.0
25.0,19.95398388384698,0.0,4.0,52.0,0.0,3.422113838075888,0.0,5.0,0.7421064917750873,1.0,0.08,4,72.71757808559093,4.0,2.0,27.32884658064516,0.0,54.0,7.0,37.0,1.0,0.875,25.15546606684961,109.01035499999998,6.14449551990007,0.545119047164917,0.19148204843158323,1000000.0
25.0,40.547304992106774,0.0,4.0,56.0,0.0,7.62778755448651,2.0,3.0,0.2029295227457941,1.0,0.08,4,71.1147727272891,13.0,1.0,27.328846580645163,0.0,95.0,7.0,38.0,1.0,0.875,35.47889186809343,110.69772500000003,6.75167981025776,0.5876650810241699,0.19091810627683975,24.132216596614953
15.0,38.0,0.0,4.0,56.0,0.0,4.846317427534704,1.0,3.0,0.26941987374242604,1.0,0.08,4,66.0,14.0,0.0,27.32884658064516,0.0,103.0,9.52171593029803,36.0,1.0,0.875,28.105239792225394,106.891219,7.6936794021549835,0.5618592500686646,0.18335536537009103,1000000.0
14.0,24.0,0.0,4.0,62.0,0.0,9.825192920417331,1.0,3.0,0.7524386378418457,1.0,0.08,4,53.0,4.0,0.0,27.32884658064516,0.0,69.0,11.29468770407033,36.0,1.0,0.875,27.757594807910984,106.89315900000001,4.52133702119428,0.6426041722297668,0.18090579739855295,1000000.0
25.0,25.0,0.0,4.0,46.0,0.0,3.2308173790338497,8.0,0.0,0.5600040463573461,1.0,0.08,4,53.0,13.0,0.0,27.32884658064516,0.0,62.0,7.0,35.0,1.0,0.875,34.01820658842023,108.18034500000002,4.998511079650791,0.525324821472168,0.21052884533628002,1000000.0
4.0,16.0,0.0,4.0,14.0,0.0,4.607545294701082,0.0,3.0,0.5024526517320016,1.0,0.08,4,71.84241752661048,4.0,2.0,27.32884658064516,0.0,82.0,11.041337498830316,33.0,0.0,0.875,4.823572574024626,108.41150499999999,6.146842403341082,0.6607433557510376,0.14998697377199868,1000000.0
28.0,32.0,0.0,4.0,17.0,0.0,6.958863624432006,1.0,5.0,0.9336277365649666,1.0,0.08,4,74.07056139068068,4.0,1.0,27.32884658064516,0.0,25.0,5.0,30.0,0.0,0.875,19.01312922576394,107.29011200000005,6.039919879856204,0.5569530129432678,0.17782195273230453,1000000.0
8.0,43.40315995650234,335.0,4.0,6.0,1.0,5.852820957308901,6.0,5.0,1.333111769736084,1.0,0.08,4,56.0,14.0,2.0,27.32884658064516,0.5100303728553279,19.0,6.876217409646431,38.0,1.0,0.875,37.97776496193955,108.64711300000003,1.7802576211266732,0.7484307885169983,0.17192625710820675,26.48329433095108
20.0,40.99468248391199,0.0,4.0,39.0,0.0,4.01638584805409,3.0,5.0,1.5967440206340338,1.0,0.08,4,65.0,12.0,0.0,27.32884658064516,0.0,92.0,5.0,34.0,1.0,0.875,35.870347173422985,108.35082900000002,7.6936794021549835,0.5618592500686646,0.21570196438780145,27.049843460235472
4.0,32.0,0.0,4.0,47.0,0.0,8.06376500138889,3.0,0.0,1.0389388056790443,1.0,0.08,4,83.91753961607623,5.0,2.0,27.328846580645163,0.023113969369081125,70.0,10.968918658068553,31.0,0.0,0.875,12.89656311535014,108.6343565,5.985548305860315,0.7078885436058044,0.15818048476377256,1000000.0
29.0,23.0,0.0,4.0,26.0,0.0,3.8409287401314245,11.0,4.0,1.7614336397880932,1.0,0.08,4,73.61243947459869,14.0,1.0,27.32884658064516,1.3102253411999758,52.0,7.0,35.0,1.0,0.875,4.255870284004108,107.88716899999996,7.9974763469576935,0.6973154544830322,0.23783011383740288,1000000.0
5.0,39.0,0.0,4.0,6.0,0.0,9.32149510141318,12.0,2.0,0.27316149470203555,1.0,0.08,4,67.0,4.0,1.0,27.32884658064516,0.0,74.0,6.0,33.0,0.0,0.875,14.915541916141368,107.76146200000005,6.276852635242261,0.7219135761260986,0.1784964224770246,1000000.0
4.0,33.0,0.0,4.0,20.0,0.0,2.6723197979208173,7.0,5.0,1.474193649191891,1.0,0.08,4,51.0,14.0,2.0,27.32884658064516,0.0,123.0,6.0,35.0,1.0,0.875,18.170742050995226,108.04184000000001,3.819109688341646,0.6643374562263489,0.21929704916647452,1000000.0
26.0,23.0,0.0,4.0,39.0,0.0,3.0222452701029625,0.0,5.0,0.6331334102443265,1.0,0.08,4,78.42758971896248,3.0,2.0,27.32884658064516,0.0,87.0,10.123648883385616,21.0,0.0,0.875,22.560500510299835,104.39167300000001,6.14449551990007,0.5497182011604309,0.173880732032983,1000000.0
21.0,10.0,0.0,4.0,47.0,0.0,5.854541384535889,5.0,2.0,0.21931719276412887,1.0,0.08,4,84.09454482244627,4.0,2.0,27.32884658064516,0.0,68.0,7.0,36.0,1.0,0.875,32.70153853143266,111.00811200000004,6.072404311574588,0.5528213381767273,0.16939448631534443,1000000.0
1.0,27.0,0.0,4.0,42.0,0.0,4.622861997135863,0.0,0.0,1.9128945709110232,1.0,0.08,4,65.18193164797172,0.0,1.0,27.328846580645163,0.0,95.0,11.565589398975423,38.0,1.0,0.875,23.82142576382861,108.115515,5.756039485913244,0.06284762173891068,0.20280219915239686,1000000.0
25.0,35.0,1365.0,4.0,14.0,1.0,2.2913214449028434,3.0,0.0,1.4783763601594364,1.0,0.08,4,80.79229945338743,6.0,2.0,27.32884658064516,1.7353082127865882,103.0,6.0,35.0,1.0,0.875,18.37745797420355,111.06190700000003,7.1801727266312465,0.709732174873352,0.17981765378909517,1000000.0
4.0,35.0,0.0,4.0,35.0,0.0,7.054707636333331,7.0,9.0,1.9700795322130378,1.0,0.08,4,71.21607102093179,4.0,1.0,27.32884658064516,0.0,68.0,4.560493641499544,37.0,1.0,0.875,31.665171669444966,107.16128900000004,6.042266763297216,0.7114275693893433,0.20986906268448888,1000000.0
19.0,22.053300587940676,0.0,4.0,48.0,0.0,7.98961209436018,13.0,0.0,1.8548208141146536,1.0,0.08,4,81.89135060043915,14.0,0.0,27.32884658064516,0.0,90.0,7.0,33.0,1.0,0.875,18.17285371996573,106.87454500000001,7.89371068478215,0.5720387697219849,0.22307261958234958,1000000.0
8.0,40.69903929930244,0.0,4.0,19.0,0.0,2.576730449052445,2.0,9.0,0.233225334972208,1.0,0.08,4,79.79630502570127,13.0,0.0,27.32884658064516,0.0,131.0,8.25447419600392,25.0,1.0,0.875,35.611659386889635,104.78889000000002,7.6936794021549835,0.6413038969039917,0.24395320497443318,20.237310681751975
2.0,16.0,0.0,4.0,18.0,0.0,5.706133505525414,7.0,3.0,0.9317804585894915,1.0,0.08,4,66.0,8.0,0.0,27.32884658064516,0.0,108.0,8.0,35.0,1.0,0.875,15.33086067755027,108.48055799999999,6.984266355194449,0.6678638458251953,0.18957525487805935,1000000.0
18.0,40.0,0.0,4.0,43.0,0.0,7.075087559464238,0.0,2.0,0.36692621055023333,1.0,0.08,4,54.0,0.0,0.0,27.32884658064516,0.0,60.0,8.0,36.0,1.0,0.875,22.866649967903125,108.588086,6.981919471753437,0.5709154605865479,0.19744001433429778,1000000.0
8.0,14.0,0.0,4.0,36.0,0.0,4.3704984730043686,9.0,0.0,0.7042807553255159,1.0,0.08,4,58.0,13.0,1.0,27.32884658064516,0.0,126.0,5.0,38.0,0.0,0.875,24.40988564706123,107.34421400000005,6.75167981025776,0.5548952221870422,0.1513511072312323,1000000.0
6.0,18.0,0.0,4.0,75.0,0.0,5.443827612849189,6.0,3.0,1.2548533974015486,1.0,0.08,4,83.97652826147356,13.0,1.0,27.32884658064516,0.0,120.0,4.396266737177146,37.0,0.0,0.875,30.93288748524334,108.96631000000004,6.754026693698772,0.6419693231582642,0.19550530055120383,1000000.0
19.0,13.493268106126752,0.0,4.0,16.0,0.0,6.320874674207429,1.0,3.0,1.0671089099746522,1.0,0.08,4,67.63474374743392,2.0,0.0,27.328846580645163,0.0,81.0,11.667153391205233,20.0,1.0,0.875,17.556068479049987,105.72282399999999,6.969092808069246,0.545119047164917,0.2112946328282643,1000000.0
7.0,30.0,0.0,4.0,72.0,0.0,7.09475783450407,7.0,9.0,0.9253734739867125,1.0,0.08,4,51.0,6.0,2.0,27.32884658064516,0.0,81.0,6.0,37.0,0.0,0.875,25.053712416941572,106.28065900000003,3.1073497579400975,0.7253184914588928,0.18139886590714505,1000000.0
25.0,21.0,0.0,4.0,16.0,0.0,6.737820508973267,5.0,0.0,0.7661870342308097,1.0,0.08,4,77.21482898807663,8.0,0.0,27.32884658064516,0.0,122.0,7.0,38.0,1.0,0.875,9.027740690131152,110.50573500000002,6.981919471753437,0.5569530129432678,0.21961463220699923,1000000.0
7.0,39.0,0.0,4.0,73.0,0.0,5.146752716312176,11.0,2.0,0.08978337176703,1.0,0.08,4,58.0,0.0,2.0,27.328846580645163,0.0,109.0,6.0,30.0,1.0,0.875,17.640075579327785,105.65516100000002,6.087577858699793,0.585443377494812,0.17527019153000775,1000000.0
4.0,39.0,0.0,4.0,71.0,0.0,5.545975221000935,0.0,3.0,0.10659330954548163,1.0,0.08,4,58.0,3.0,1.0,27.32884658064516,0.0,118.0,7.611104233555282,37.0,1.0,0.875,31.65210151456907,112.98535600000002,6.042266763297216,0.6739571690559387,0.1866675413674253,1000000.0
5.0,26.0,0.0,4.0,83.0,0.0,6.158837857826307,13.0,0.0,1.4302339879971815,1.0,0.08,4,65.86188501245977,14.0,0.0,27.32884658064516,0.0,109.0,6.0,34.0,1.0,0.875,33.33024920898667,107.77337200000004,7.896057568223162,0.691878080368042,0.21993419759017208,1000000.0
6.0,33.516577214164705,0.0,4.0,4.0,0.0,3.4631513273180117,1.0,4.0,1.549392809358044,1.0,0.08,4,59.0,5.0,2.0,27.32884658064516,0.895043375565443,124.0,8.0,37.0,0.0,0.875,23.40798649868792,110.42690200000003,7.92832853491438,0.7791847586631775,0.18595067420181483,1000000.0
16.0,11.0,0.0,4.0,1.0,0.0,7.386448455313251,5.0,0.0,0.34547416874960435,1.0,0.08,4,70.61418920811155,14.0,1.0,27.32884658064516,0.0,98.0,7.613255271069932,30.0,0.0,0.875,23.018094361662776,109.26621400000002,6.738094361473713,0.604098916053772,0.18089150049085825,1000000.0
6.0,17.0,1061.0,4.0,13.0,1.0,6.637536445187926,2.0,2.0,0.5618690205910426,1.0,0.08,4,71.83899996786334,8.0,1.0,27.328846580645163,4.306024682977454,122.0,10.654088295447501,36.0,1.0,0.875,19.838266706279793,109.87161,7.077943970028394,0.9925280213356018,0.14023019628598737,1000000.0
4.0,19.0,0.0,4.0,13.0,0.0,5.02359647082439,0.0,3.0,0.32361183665470916,1.0,0.08,4,58.0,0.0,1.0,27.47892328438976,0.0,30.0,5.035037979578942,38.0,0.0,0.875,28.848084017122147,111.04282300000003,6.042266763297216,0.6084437370300293,0.17310720323171702,1000000.0
2.0,35.0,0.0,4.0,6.0,0.0,7.3463450878194525,2.0,2.0,1.9397601971800686,1.0,0.08,4,65.0,2.0,0.0,27.32884658064516,0.0,71.0,8.34235804211238,28.0,1.0,0.875,27.13787655260662,108.21160999999998,6.984266355194449,0.7382346391677856,0.2162543761088352,1000000.0
15.0,38.0,0.0,4.0,0.0,2.0,6.680023894011924,3.0,3.0,0.0,1.0,0.08,4,55.0,12.0,2.0,27.32884658064516,0.0,108.0,8.0,38.0,0.0,0.875,24.64512069683342,104.264776,6.85549666520177,0.5907967686653137,0.12947777783455303,1000000.0
1.0,34.0,0.0,4.0,21.0,0.0,9.405149752693934,8.0,5.0,1.360236279271856,1.0,0.08,4,66.0,0.0,1.0,27.32884658064516,0.0,66.0,8.0,35.0,0.0,0.875,30.189182744615447,106.450846,5.990625357858291,0.095773845911026,0.20216223456172622,1000000.0
10.0,34.0,0.0,4.0,17.0,0.0,7.13331440505524,13.0,0.0,1.2154789222154594,1.0,0.08,4,79.59663966032352,13.0,2.0,27.32884658064516,0.0,22.0,8.0,35.0,0.0,0.875,16.599461247287348,106.54207500000001,6.843566861858064,0.5902438163757324,0.1927990511073092,1000000.0
27.0,40.13745094029474,0.0,4.0,22.0,0.0,4.415302229412929,2.0,4.0,0.11798923656547869,1.0,0.08,4,56.0,0.0,1.0,27.328846580645163,0.0,87.0,7.0,31.0,1.0,0.875,35.1202695727579,107.63817700000001,6.039919879856204,0.5101643800735474,0.20195307858113537,19.081791801444915
10.0,18.0,0.0,4.0,53.0,0.0,8.694147806000826,1.0,4.0,0.1354253733156785,1.0,0.08,4,50.611531814213,0.0,1.0,27.32884658064516,0.0,126.0,7.769769737533418,20.0,1.0,0.875,13.230134420752037,105.79782600000004,3.57933742929705,0.5690083503723145,0.17214082997504065,1000000.0
13.0,29.0,0.0,4.0,28.0,0.0,5.6330708343220035,0.0,3.0,1.7572455503167999,1.0,0.08,4,60.0,14.0,2.0,27.32884658064516,0.0,94.0,8.015037141367214,35.0,1.0,0.875,24.20795727571392,108.921572,6.856255450301625,0.5823831558227539,0.20594107009321944,1000000.0
4.0,40.0,0.0,4.0,28.0,0.0,7.599073347264278,2.0,3.0,1.5278004705140076,1.0,0.08,4,78.01975568836767,2.0,2.0,27.32884658064516,0.0,127.0,6.0,37.0,1.0,0.875,20.484172020752265,112.16829600000003,6.146842403341082,0.7078885436058044,0.17482989108314942,1000000.0
4.0,38.0,0.0,4.0,35.0,0.0,9.305160914415634,0.0,3.0,0.79996026478468,1.0,0.08,4,58.0,0.0,1.0,27.32884658064516,0.0,62.0,8.0,28.0,1.0,0.875,29.652961447458594,108.104853,6.276852635242261,0.6672875881195068,0.2262099333010877,1000000.0
7.0,38.0,698.0,4.0,48.0,1.0,7.841268164911438,2.0,9.0,1.167945535288655,1.0,0.08,4,54.0,13.0,0.0,27.32884658064516,1.1642629231800061,61.0,7.0,30.0,1.0,0.875,5.169945925254502,108.30655200000001,8.442927103942525,0.8072797060012817,0.1620180056202689,1000000.0
11.0,16.0,497.0,4.0,79.0,1.0,8.424107195106886,1.0,3.0,0.3425232784734036,1.0,0.08,4,75.39105939777477,3.0,2.0,27.32884658064516,12.921240015361375,99.0,7.0,37.0,1.0,0.875,22.00531621531292,105.25064100000003,7.1801727266312465,1.0942615270614624,0.11991595258675117,1000000.0
16.0,17.0,0.0,4.0,25.0,0.0,5.277088891827558,7.0,9.0,1.784914896879024,1.0,0.08,4,54.0,6.0,0.0,27.32884658064516,0.26699472150936815,113.0,8.376391729226953,31.0,1.0,0.875,7.1846546546223635,106.044317,2.0004433573891727,0.6977866291999817,0.18335925298685887,1000000.0
16.0,31.0,0.0,4.0,65.0,0.0,4.334944689265225,5.0,5.0,1.0427469593291945,1.0,0.08,4,53.0,12.0,1.0,27.32884658064516,0.0,121.0,7.0,38.0,0.0,0.875,32.933999819709825,108.53739500000002,4.056511487753556,0.5823831558227539,0.19175604264220508,1000000.0
18.0,40.514070020328624,0.0,4.0,61.0,0.0,3.20185575116935,0.0,5.0,1.951797963148939,1.0,0.08,4,65.0,2.0,0.0,27.32884658064516,0.0,89.0,8.089492362674726,37.0,1.0,0.875,35.449811267787545,108.09526600000002,6.981919471753437,0.5618592500686646,0.19116889632750955,25.205355532681796
15.0,41.84284790531186,0.0,4.0,12.0,0.0,9.374573834543044,1.0,0.0,1.7793631829714909,1.0,0.08,4,83.44807914432153,14.0,1.0,27.32884658064516,0.9644172528763644,87.0,8.0,18.0,0.0,1.2475772643275116,36.61249191714788,107.959305,1000000.0,1000000.0,1000000.0,1000000.0
6.0,19.0,398.0,4.0,57.0,1.0,3.1814832555373878,12.0,4.0,1.1577517169764273,1.0,0.08,4,63.0,12.0,0.0,27.32884658064516,3.7413407095502538,83.0,10.454911732620566,31.0,1.0,0.875,19.433282115137764,105.85847,7.907237509069164,0.8149629235267639,0.15157592167095724,1000000.0
0.0,28.0,0.0,4.0,27.0,0.0,5.032919892826347,1.0,3.0,1.5080436977211462,1.0,0.08,4,54.0,3.0,1.0,27.32884658064516,0.0,126.0,8.879456051715346,25.0,0.0,0.875,4.607287372238876,106.80909199999998,5.756039485913244,0.1348734200000763,0.18481980090555677,1000000.0
12.0,10.0,0.0,4.0,81.0,0.0,3.6455028918839014,1.0,5.0,0.4791200540899816,1.0,0.08,4,62.0,6.0,2.0,27.32884658064516,0.0,81.0,7.0,37.0,1.0,0.875,20.49032427451903,109.18354000000001,6.131668856215877,0.5854862928390503,0.1717109177721967,1000000.0
28.0,22.0,0.0,4.0,7.0,0.0,7.86825185774409,6.0,9.0,1.2854774137534248,1.0,0.08,4,77.78406166167407,14.0,1.0,27.32884658064516,0.0,82.0,7.0,34.0,1.0,0.875,10.506757148867138,106.08801900000002,6.75167981025776,0.5918170809745789,0.2239499023943689,1000000.0
14.0,16.0,0.0,4.0,67.0,0.0,6.29901362084372,2.0,3.0,1.4375642742593042,1.0,0.08,4,58.0,6.0,0.0,27.32884658064516,0.0,82.0,5.0,35.0,1.0,0.875,18.735659951768717,110.10605100000002,6.981919471753437,0.5823831558227539,0.18386248963363827,1000000.0
4.0,29.0,0.0,4.0,4.0,0.0,8.021281898879623,0.0,0.0,1.6437339721858222,1.0,0.08,4,61.0,2.0,0.0,27.32884658064516,0.0,32.0,10.091405693028953,24.0,1.0,0.875,30.95838384868918,104.35643799999997,6.984266355194449,0.7328010201454163,0.24936895350391367,1000000.0
23.0,30.0,0.0,4.0,45.0,0.0,9.003919510298394,2.0,0.0,1.6726894625209576,1.0,0.08,4,50.0,4.0,2.0,27.32884658064516,0.0,74.0,10.317200368118913,31.0,1.0,0.875,30.964525803421502,106.7167485,3.683913069340914,0.663949728012085,0.16705566305385394,1000000.0
4.0,24.0,0.0,4.0,0.0,2.0,3.7781439255469005,2.0,0.0,0.0,1.0,0.08,4,64.0,13.0,2.0,27.32884658064516,0.0,87.0,7.0,37.0,0.0,0.875,34.216525483949354,108.54127700000006,6.857843548642782,0.6785809993743896,0.14096672585238415,1000000.0
2.0,40.0,0.0,4.0,1.0,0.0,8.086708131712454,13.0,4.0,1.809830320335998,1.0,0.08,4,66.0,4.0,0.0,27.32884658064516,0.0,116.0,5.0,34.0,1.0,0.875,24.37630427473689,106.72471300000001,7.1835388527217585,0.757604718208313,0.20853644585939535,1000000.0
2.0,23.0,0.0,4.0,0.0,2.0,8.543860610616465,5.0,0.0,0.0,1.0,0.08,4,78.91376293344317,3.0,1.0,27.32884658064516,0.0,95.0,10.17515401182235,37.0,0.0,0.875,4.710081151997039,105.454276,6.473921960247631,0.7125123739242554,0.12905603556807943,1000000.0
0.0,22.585821545181666,873.0,4.0,53.0,1.0,4.018358018860044,2.0,3.0,1.439258459352636,1.0,0.08,4,82.5857213015289,3.0,0.0,27.32884658064516,56.80710705884696,69.0,8.886240209531667,31.0,1.0,0.875,20.284155925195964,104.61016600000002,7.636327265023265,0.3527061939239502,0.15246528159514897,1000000.0
21.0,17.0,0.0,4.0,3.0,0.0,5.036554185451011,15.0,3.0,0.2327155179157514,1.0,0.08,4,62.0,12.0,0.0,27.32884658064516,0.0,67.0,5.0,36.0,1.0,0.875,10.353852771224794,106.98020900000003,7.89371068478215,0.5580961108207703,0.15622238761603158,1000000.0
6.0,35.0,0.0,4.0,0.0,2.0,6.0481884271050035,1.0,3.0,0.0,1.0,0.08,4,57.0,13.0,0.0,27.32884658064516,0.0,129.0,7.0,36.0,1.0,0.875,9.888336829233278,107.86931700000007,7.69526750049614,0.676568329334259,0.18754725318375873,1000000.0
21.0,45.43630574094144,0.0,4.0,55.0,0.0,4.498677390133687,12.0,5.0,0.35676495574563183,1.0,0.08,4,54.999999999999986,6.0,2.0,27.32884658064516,0.0,63.0,5.0,37.0,0.0,0.875,39.75676752332376,104.896019,6.0852309752587805,0.5663873553276062,0.16012000504622928,27.043736703710856
19.0,42.59541861395371,0.0,4.0,22.0,0.0,2.905797760349337,0.0,3.0,1.3910041807243887,1.0,0.08,4,63.0,13.0,0.0,27.32884658064516,0.0,47.0,7.0,33.0,1.0,0.875,37.2709912872095,108.81160300000002,7.6936794021549835,0.5823831558227539,0.2362330690403297,26.858598652726705
18.0,40.536519604618746,0.0,4.0,60.0,0.0,5.8379093459219495,0.0,0.0,0.4450262310216708,1.0,0.08,4,66.62276903662601,13.0,0.0,28.37874151078569,1.9105331245783574,81.0,8.0,30.0,1.0,0.875,9.510843500538904,110.32426900000002,8.439811867326238,0.7422041296958923,0.21261859268431454,1000000.0
29.0,15.770359840963184,0.0,4.0,64.0,0.0,6.42055839584508,0.0,3.0,0.8792171615186852,1.0,0.08,4,67.0,4.0,1.0,27.32884658064516,0.0,71.0,7.0,37.0,0.0,0.875,8.218740897516575,111.14664200000003,6.039919879856204,0.545119047164917,0.18289729424901133,1000000.0
3.0,42.63518179977408,0.0,4.0,30.0,0.0,2.3940799523057716,5.0,4.0,1.907591210676558,1.0,0.08,4,80.88299756209402,2.0,0.0,27.32884658064516,0.0,84.0,6.0,31.0,1.0,0.875,37.30578407480232,108.55593900000002,6.984266355194449,0.6653425097465515,0.21333192515809643,17.734032617383775
3.0,40.43186447837603,0.0,4.0,2.0,0.0,7.657961362612189,0.0,0.0,1.3926417968087768,1.0,0.08,4,54.0,8.0,2.0,27.32884658064516,1.7615324415304208,119.0,6.0,37.0,1.0,0.875,35.37788141857902,113.17184700000003,7.39263894004102,0.8450774550437927,0.1875214989227829,19.254498273366792
1.0,12.0,0.0,4.0,0.0,2.0,6.629590659070829,0.0,5.0,0.0,1.0,0.08,4,59.0,14.0,2.0,27.32884658064516,0.0,59.0,5.0,36.0,1.0,0.875,34.313487807357404,106.12794200000006,6.5587896075746155,0.2039191722869873,0.1271624463906848,1000000.0
19.0,31.0,0.0,4.0,33.0,0.0,8.626498082866153,2.0,2.0,0.8528667895436253,1.0,0.08,4,77.52751080539787,0.0,0.0,27.32884658064516,0.0,45.0,7.0,35.0,1.0,0.875,11.788677614168996,108.27628700000001,7.216505343698484,0.5256856083869934,0.1887340994237245,1000000.0
6.0,19.0,442.0,4.0,6.0,1.0,2.9547337602113544,12.0,2.0,1.7048312379572366,1.0,0.08,4,67.0,14.0,2.0,27.32884658064516,56.40123585527121,29.0,7.0,37.0,1.0,0.875,26.007052954213602,105.76031300000002,7.510213084103194,0.8239693641662598,0.1898195938576122,1000000.0
24.0,35.0,0.0,4.0,8.0,0.0,2.3951043271479016,5.0,2.0,1.0463053252782242,1.0,0.08,4,61.0,13.0,0.0,27.328846580645166,0.27570038869484353,19.0,7.0,37.0,1.0,0.875,26.998075254430162,113.995252,2.712203287790724,0.7145670056343079,0.2407110607371727,1000000.0
14.0,15.0,0.0,4.0,29.0,0.0,3.6604872732371465,15.0,0.0,1.4313151994915592,1.0,0.08,4,68.0,2.0,2.0,27.32884658064516,0.0,31.0,5.0,30.0,1.0,0.875,11.51434157007067,106.06080100000003,6.1318069314565085,0.5208320021629333,0.19171893611658786,1000000.0
10.0,15.342918535177716,0.0,4.0,0.0,2.0,7.5414480336610685,1.0,3.0,0.0,1.0,0.08,4,50.0,6.0,2.0,28.570318241882937,0.0,56.0,5.0,34.0,1.0,0.875,13.467831088674286,105.35089600000003,3.406312480535963,0.6651285290718079,0.11536663044281402,1000000.0
2.0,14.0,0.0,4.0,67.0,0.0,5.486934053426919,0.0,9.0,1.010403452718757,1.0,0.08,4,73.4322213625538,5.0,0.0,27.32884658064516,0.0,81.0,8.125669037596147,34.0,1.0,0.875,10.827898035005283,108.795927,6.984266355194449,0.6648953557014465,0.18526380633894365,1000000.0
7.0,31.0,0.0,4.0,48.0,0.0,4.102895114760566,11.0,3.0,0.8720800114062888,1.0,0.08,4,71.11328267488217,5.0,2.0,27.32884658064516,0.0,78.0,8.054488922330407,36.0,1.0,0.875,29.762111109157786,106.053628,6.087577858699793,0.5178493857383728,0.20498368108584458,1000000.0
8.0,41.953366672749084,0.0,4.0,3.0,0.0,5.758748966673039,5.0,3.0,0.0783643030241874,1.0,0.08,4,77.9386489194884,0.0,0.0,27.32884658064516,0.0,128.0,8.0,22.0,1.0,0.875,36.70919583865545,105.59583700000002,6.981919471753437,0.5751724243164062,0.20994934822810038,16.83326272628352
24.0,27.0,0.0,4.0,7.0,0.0,2.5051953836122047,1.0,2.0,0.6247042113107559,1.0,0.08,4,69.0,8.0,0.0,27.32884658064516,0.0,117.0,6.0,25.0,1.0,0.875,27.522589992027754,105.93796100000003,6.981919471753437,0.545119047164917,0.24008993385423374,1000000.0
0.0,32.0,915.0,4.0,15.0,1.0,2.4648563408293267,12.0,2.0,1.5485419344962297,1.0,0.08,4,81.96323497202727,3.0,2.0,27.32884658064516,25.226323686551886,90.0,5.0,36.0,1.0,0.875,13.277476090741281,105.17582600000003,7.239302840057302,0.3394356071949005,0.16792994610782674,1000000.0
13.0,36.0,0.0,4.0,14.0,0.0,8.954796181797413,1.0,3.0,1.3280778806993938,1.0,0.08,4,68.0,4.0,0.0,27.32884658064516,0.0,125.0,10.691803200014723,23.0,1.0,0.875,19.906467987466414,105.450084,7.216505343698484,0.5876650810241699,0.221430987661426,1000000.0
28.0,43.65913039934472,0.0,4.0,5.0,0.0,2.825590237745078,12.0,3.0,0.686691829913828,1.0,0.08,4,71.25557387936698,3.0,0.0,27.32884658064516,1.0443428980739795,14.0,9.964201932438835,34.0,1.0,0.875,38.20173909942663,107.04970999999998,8.263741531798047,0.65913987159729,0.2036250871158121,27.63139266022
13.0,42.90195926391076,0.0,4.0,54.0,0.0,8.055821096408689,2.0,9.0,0.36936716529661373,1.0,0.08,4,65.0,2.0,2.0,27.32884658064516,0.0,86.0,8.824411243310156,24.0,1.0,0.875,37.539214355921914,104.33741900000003,6.14449551990007,0.6039581298828125,0.1784128068594102,24.437634358441226
3.0,27.000000000000004,0.0,4.0,0.0,2.0,4.5294471386512996,3.0,0.0,0.0,1.0,0.08,4,66.0,12.0,0.0,27.328846580645163,0.0,114.0,7.0,36.0,1.0,0.875,21.00984423694751,108.52667100000004,7.69526750049614,0.6821073889732361,0.19932195332938563,1000000.0
13.0,21.0,0.0,4.0,78.0,0.0,3.5362955971165335,1.0,0.0,1.1636721384148931,1.0,0.08,4,82.81862444316808,3.0,2.0,27.32884658064516,0.3590230820634443,99.0,8.0,18.0,0.0,-0.904533187975608,26.403373043544097,107.338645,1000000.0,1000000.0,1000000.0,1000000.0
2.0,11.0,0.0,4.0,78.0,0.0,7.621045407240514,5.0,5.0,1.8963120966911204,1.0,0.08,4,54.0,12.0,2.0,27.32884658064516,0.0,82.0,8.0,25.0,0.0,0.875,12.839670467489764,105.87924400000001,6.786511125417156,0.7366916537284851,0.14449233730675434,1000000.0
6.0,40.0,0.0,4.0,54.0,0.0,8.410673057093213,0.0,4.0,0.3313101508789995,1.0,0.08,4,65.0,6.0,0.0,27.32884658064516,0.0,108.0,5.0,33.0,1.0,0.875,15.359979631788612,109.74480600000003,6.984266355194449,0.6966564059257507,0.19717189937342322,1000000.0
21.0,36.0,0.0,4.0,32.0,0.0,4.839036354898791,1.0,2.0,0.5205705357268884,1.0,0.08,4,81.9196790524874,8.0,0.0,27.32884658064516,0.0,76.0,8.0,37.0,1.0,0.875,34.316465975349665,108.693966,6.981919471753437,0.5497182011604309,0.2099414988680145,1000000.0
2.0,36.0,0.0,4.0,16.0,0.0,4.429174609282255,2.0,9.0,1.2867936598843681,1.0,0.08,4,53.0,8.0,0.0,27.32884658064516,0.0,82.0,9.784008925546612,30.0,1.0,0.875,17.7498583125546,107.2109885,4.004038254434751,0.6774006485939026,0.21043331458622655,1000000.0
19.0,28.0,0.0,4.0,79.0,0.0,3.4362759968725,0.0,3.0,1.8272848807641648,1.0,0.08,4,55.0,13.0,0.0,27.32884658064516,0.0,95.0,8.061025503560227,16.0,1.0,0.875,10.426655833273253,105.65140099999999,7.6936794021549835,0.5823831558227539,0.21739502620760046,1000000.0
4.0,11.0,0.0,4.0,7.0,0.0,2.3576296182715426,8.0,3.0,1.7941141142161123,1.0,0.08,4,69.0,3.0,2.0,27.32884658064516,0.0,114.0,6.0,33.0,0.0,0.875,24.52552982213128,108.39241400000003,6.0419253173855845,0.6036850214004517,0.1709084083371527,1000000.0
1.0,10.023928515303028,0.0,4.0,46.0,0.0,5.035238810990341,2.0,3.0,2.490849406614845,1.0,0.08,4,70.0,12.0,1.0,27.32884658064516,0.4063400225294627,95.0,10.342949706907579,33.0,1.0,0.875,24.11608567866763,111.38308799999999,2.3754357618053334,0.6808026432991028,0.16919593802457622,1000000.0
24.0,15.0,343.0,4.0,18.0,1.0,6.166954419067592,7.0,0.0,1.0678001218902278,1.0,0.08,4,53.0,14.0,1.0,27.32884658064516,3.2007640740407983,104.0,5.0,34.0,0.0,0.875,20.62600960334901,110.210992,4.792081952228377,1.015921711921692,0.1310950221562442,1000000.0
16.0,42.55418981473911,0.0,4.0,20.0,0.0,3.57798703471855,0.0,5.0,1.5367481732747814,1.0,0.08,4,84.0338500134242,14.0,1.0,27.32884658064517,0.0,115.0,7.193205953131487,34.0,0.0,0.875,37.23491608789672,109.38098200000002,6.75167981025776,0.5497182011604309,0.2015007086478941,20.56698806716238
28.0,28.000000000000004,36.0,4.0,23.0,1.0,6.413122096435795,1.0,2.0,1.7084498760809144,1.0,0.08,4,69.0,13.0,1.0,27.32884658064516,2.437999920676044,28.0,6.0,36.0,0.0,0.875,21.67396709344348,112.52626800000003,7.787357016988928,0.8712226152420044,0.19413978469199383,1000000.0
8.0,15.0,0.0,4.0,25.0,0.0,7.293223982994844,9.0,0.0,0.19102488860554212,1.0,0.08,4,76.27624080507988,12.0,1.0,27.32884658064516,0.0,96.0,7.0,38.0,1.0,0.875,12.057937563509281,107.64162400000004,6.75167981025776,0.5829813480377197,0.1626865537116965,1000000.0
0.0,11.0,0.0,4.0,66.0,0.0,8.515016510111039,0.0,4.0,1.2920386505089074,1.0,0.08,4,71.17569410826714,14.0,1.0,27.32884658064516,0.0,113.0,7.0,38.0,0.0,0.875,22.30023652967894,110.98750200000002,6.689558624575652,0.3251340091228485,0.14126089069443212,1000000.0
25.0,12.0,0.0,4.0,28.0,0.0,3.067918265823935,2.0,3.0,0.44545950057452766,1.0,0.08,4,55.0,4.0,1.0,27.32884658064516,0.0,102.0,6.0,34.0,1.0,0.875,15.858131278580606,110.08376600000003,6.027093216172013,0.5823831558227539,0.19137110053326123,1000000.0
11.0,30.0,0.0,4.0,39.0,0.0,6.065719917906061,3.0,0.0,1.045897270410161,1.0,0.08,4,63.0,4.0,1.0,27.32884658064516,0.0,67.0,11.048822863662778,33.0,0.0,0.875,20.35381481521996,106.488429,6.039919879856204,0.5823831558227539,0.1828961539223779,1000000.0
22.0,21.0,224.0,4.0,72.0,1.0,3.8551376227795147,2.0,2.0,0.13067695458721218,1.0,0.08,4,64.0,0.0,0.0,27.32884658064516,34.58458790052041,119.0,5.0,31.0,1.0,0.875,21.65342483915037,104.38137000000002,7.517932606955921,0.9626815319061279,0.14940709589364587,1000000.0
29.0,29.03930313791887,0.0,4.0,57.0,0.0,7.552009051996201,0.0,4.0,0.36799091171315634,1.0,0.08,4,68.0,4.0,1.0,27.32884658064516,0.0,101.0,6.7663040599134705,35.0,1.0,0.875,30.95561686977218,109.15890200000001,6.039919879856204,0.5876650810241699,0.20197842781617317,1000000.0
19.0,40.3614973403779,0.0,4.0,3.0,0.0,3.9944072405034268,1.0,5.0,1.1598428969581354,1.0,0.08,4,81.8330388753277,12.0,1.0,27.32884658064516,0.0,71.0,7.0,38.0,1.0,0.875,35.31631017283066,108.78211500000003,6.75167981025776,0.5497182011604309,0.2260858474335602,21.892630934227626
6.0,10.0,0.0,4.0,80.0,0.0,8.711441750216881,12.0,3.0,1.3248886981910308,1.0,0.08,4,64.0,8.0,2.0,27.328846580645163,0.0,130.0,6.549813785173617,35.0,0.0,0.875,32.52470871789795,108.27483800000003,6.27651118933063,0.7573679685592651,0.14931727026647387,1000000.0
29.0,33.0,0.0,4.0,33.0,0.0,7.807086240844301,1.0,3.0,0.9038362453686115,1.0,0.08,4,57.0,4.0,1.0,27.32884658064516,0.0,110.0,7.0,36.0,0.0,0.875,14.159670252736412,111.05562500000003,6.039919879856204,0.641227126121521,0.18719097208215357,1000000.0
