Material_Main,Period (d),Turning times,V2_Ventilation Interval (min),M1_is Enclosed, Composting Method,Additive_3,Additive_2,Additive_1,Material_3,Additive_4,Material_2,Application Rate (%DW),Compost volume (m3),V1_Ventilation Type,V4_Ventilation Day,V3_Ventilation Duration (min),V5_Ventilation rate (L/min/kg iniDW),Initial TN (%),Initial Moisture Content (%),Initial C/N (%),Initial pH,Initial TC (%)
-1.640589226066778,-3.1018838119757652,-2.520858460529887,0.0018461506884742736,-0.5053029261021195,-0.19733746988821543,0.0013636376315797685,-0.022939281877191697,-1.6091208932807677,-0.001498546251304877,0.0,-2.8976265190226993,-1.7611966840753583,-0.6640641073477108,-0.8010444698984197,-1.2792830197396632,-0.004120618064609778,-1.1818216252370672,-0.247972701698124,-1.9590167944355736,-0.920146255076231,-0.5921593792072807,-0.5028932506670346
-1.7455457462897939,1.0044434850963666,-2.9957051570812445,0.02536943806579772,0.002216819530632651,-0.22023793794715393,0.0024243585671132437,-0.023405147698773762,-2.382597568294082,-0.001576755769939163,0.0,-1.5482789524778926,-2.3401457228873666,-1.3061521596701349,0.12451909442397127,-0.6681063317450882,0.0017544901699906503,-0.4100387947750086,-1.103198043605394,0.11950302023401493,-1.0757159354885948,-0.1773628518324739,-0.8564604128654576
1.634242960556225,1.7606720217062457,4.312567392227175,0.08730585259925766,0.17499446492564918,-0.017116536309544697,0.00223081835921485,0.09359395221153434,0.9731598714206678,-0.0004522155804422061,0.0,0.7635019578140151,1.16922937733674,0.44116769494619074,0.3726759231242157,0.6526800825622335,0.06298142296898189,4.300179169051991,1.5143256409087285,1.1245976634727783,0.5466548904701563,0.40569661649393873,0.43884590370460486
-1.2886249274193928,-3.4642978930775348,0.9254288243114326,0.04078086390524097,-0.055937203806908004,-0.255083061703234,0.0012619114612841531,0.019454663708044256,-3.099051367933411,-0.0006390821999262525,0.0,0.4046512822978058,-1.7570537270151305,-0.9649480825284749,0.11416217714081157,-0.7873255691352363,-0.6165281920462201,-0.7729996861638971,0.5735005704514667,-0.1694955811928676,-0.24311835726192285,-0.7829807894114874,-0.4520041443389933
-0.9483574215893518,1.8569813553928993,5.1573926011515505,-0.08432988241898107,0.18748018828151783,0.11350833932804635,0.0019288511236436538,0.06927770963418244,0.7907836695006931,0.0006155644021426164,0.0,0.8554952296520933,1.2159359079017535,0.6483886312927886,-0.5045410404042407,1.049932535333467,-0.26085886716792306,1.239708697203901,0.6553639597201486,1.1660498389123763,0.05975263304212869,1.505513683552888,2.0976274501643504
1.6122167519565664,-1.3248624484332492,-2.698126148573257,0.03824957778515081,-0.008807986765422307,-0.3006535704174096,0.001905705719755413,0.027757097405330555,-4.716062253568008,-0.0014875562365319647,0.0,0.4506844538498297,-1.7255106518627328,-1.0328256610600797,0.06960436313697241,-1.4799928900418853,-0.0014210160863732406,-1.2702102938870696,-0.5135038757679588,0.051248832737915764,-1.0673483693673766,-0.1524416235387738,-0.3641760350181647
-1.4595361106186322,1.0829407959663107,-3.003802611662111,0.03128913869681086,-0.011363234140955534,-0.18441858389026963,0.002160365280048234,-0.0263442991436078,-3.323161087389255,-0.0012666711143779932,0.0,0.39545956104729507,-2.427742164935163,-1.5270023969308735,0.09700837388375613,0.21722201014174822,-0.016262145089306332,0.5517937822572468,-1.2027492258906578,0.28049880401620253,-0.5360646871537676,-0.4807684178132511,-0.7471575926187969
3.2076504571612183,0.8480468796113051,4.9371939608504425,0.07263119750975212,-0.3453048705355522,0.5760815125737587,0.0021695245401744884,0.057350770375499724,0.6877488822692404,0.00047188618984196325,0.0,1.1384839815180001,0.5699835169432365,0.046739696886832716,-0.35277949305848233,-0.8058535326899696,0.07308545941001275,0.12595082287191944,0.3367061786225126,0.7899595389859024,0.878695885347607,0.46782814227361197,0.12591557283820132
2.383010191227847,1.851067300012451,1.0037567074201696,0.07113710891896413,0.093081998196483,-0.01818693814883219,0.001982954243818517,-0.27620158163210373,-0.2590719366830338,-0.0006103547374042387,0.0,0.705687947831953,-2.0444788150428947,0.5126328996655308,0.2387328001581963,1.0322534811698914,0.049751086163599814,-0.17054918461563076,-0.0031544762996347977,0.7502448277854544,1.7182145824310544,0.008646248531687516,-0.47232989724590807
2.1229573404093256,1.989248902244619,3.116216307660469,0.07174063061060994,0.17225267362638907,0.05303155068080353,0.001982954243818517,0.08753653510686785,0.9285394193754577,0.00047188618984196325,0.0,0.8152985590465428,1.4800586717287012,0.4138059639564424,0.3326577080708775,1.1127053144625139,0.08066209279042875,0.7019358889123324,0.47109702559738126,1.188163938431054,2.1053552810245733,0.7148353017975481,1.634792934439912
-1.3302932179650313,-3.3727449438640935,-2.550183526146033,0.012807906421633338,-0.5874257623662071,0.19057860157807974,0.0005157077115283962,-0.015178225194954214,0.36290975273994913,-0.0016096164500477644,0.0,-2.116550346957461,0.6126357167882381,-0.4345239467964062,-0.9337189537137061,-1.3773560785943026,0.033572126497825955,-0.8102250425464249,1.1003933917072914,-1.0559149933966778,0.9621605672204149,2.3599940996268125,-0.4728967724835797
3.102402425134659,1.4459101797558391,-1.19521961447485,0.11024026829745526,0.2573605202832023,1.5643533062825905,0.0018994998297729646,0.09008612810400797,1.1149740120186298,-0.0016096164500477644,0.0,0.855604614899726,0.6688349177176297,3.805204806585797,0.7522183579032248,3.4288992087898253,0.08414420101206081,0.5946112041238913,1.09847718587479,0.6641249716239652,0.5906080278800734,0.7610423104608085,0.4927078515381326
-2.2643349390503262,-3.1773438734333967,-2.9660536474139416,0.015353663228586422,-0.6426005893340877,-0.2962694622211401,0.0013461701007200584,-0.011525225942644666,0.32398539283780886,-0.003016970197732144,0.0,0.20798137473880277,0.4595867627971495,-0.14167794327149708,-0.9163671465009627,-1.4385135109857412,-0.0030034381298027248,-0.5688433134960502,0.16980534885133736,-0.3683673559893013,0.20934241702816297,-0.18656358294399603,-0.11576154502715175
-1.3594209956546273,-3.886276159740929,0.7343649203712388,0.02637018402322048,-0.017703620971331505,-0.24689465417862946,0.002303759315152219,-0.17976939579806986,-3.1556783038651552,-0.0007827604122269056,0.0,0.4045160278187935,-2.6396542670714616,-0.9704450936912102,0.1333963489023769,-1.1575455782114354,0.06273273096405083,-0.4799093891168734,0.590981492763007,-0.21373108040257155,-0.0806536762435223,-0.5990495528738152,-0.32180605029505793
1.3992609033744312,-1.420646058312189,-2.7001742534725737,0.033727074354969994,-0.01206600223064371,-0.32805403142026346,-0.12643490814326522,-1.7207352762028931,-4.520947635723802,-0.0014875562365319647,0.0,0.4003679023081444,-2.1346899879012713,-1.0451927888859682,0.0420652276200125,-1.2956332985677859,0.001758480137905316,-1.0413658825042775,-0.36151024523879044,0.09461943921755935,-0.9325399031920809,-0.2800367329116718,-0.06585516503914639
-1.9536230931180778,-0.878317363368695,-3.6986432714221165,0.030394177489034065,0.097660626062539,-0.06620169852415528,0.0016353471295039589,0.011009952158937967,0.5324381003006594,-0.003016970197732144,0.0,-0.4346868513608751,0.775301779810809,-1.0966598533768919,0.12381861188941279,-8.141626579747426e-06,0.0067666076787695,0.1509891649157457,-1.1784250951933402,-1.3175276860228398,0.13671643083868523,-0.17812543033211228,-0.027482216655222946
-1.4509493668096294,-0.8294901548573516,-2.7405983875380278,0.0962356051946051,-0.0018323900178229043,-0.2549597060546117,0.0013758552744406777,0.024356423563993194,0.7521056671695511,-0.002927770664324946,0.0,1.1670761855263396,-1.0242703281042296,-0.6931581650090083,0.25837478652009876,-1.1122366315155452,-0.1758829912816712,0.26798040403568735,0.005452778967476478,0.16078673476110072,-0.648767409166647,-0.19345594663393414,0.05473383340776383
-1.696680841751828,-3.238914739247008,-2.51385231082382,0.017097987974249784,-0.46531008073887054,-0.14425588876955733,0.0014391119848406442,-0.012559724002231371,-2.115313175965611,-0.0014343935345666652,0.0,0.641952615999046,-1.6745668965367972,-0.7157158260552643,-0.7760872825162156,-1.2216065640204858,-0.01818727273962653,-0.7191447960639811,-0.5697156124243073,-1.3065035024581455,-0.22155986437883152,0.3215956607540154,-0.0947974433443944
-1.8418974235633874,1.3807090041387406,-3.600221520405647,0.04766742568018342,0.17898589735863155,-0.05614474194949428,0.0008588958163317547,0.01279680910322032,0.6192587165007711,-0.003016970197732144,0.0,0.911803574818187,0.9242698507916396,-1.2587384178769174,0.2702149148710208,0.6138841724522601,-0.002585247933727355,0.11537023180162852,-0.3294532995522804,-1.2536821008176462,-1.0233861337958392,0.1716879195631131,-0.08969000593590716
-2.888938790072926,-2.925531759786969,-1.850007174249326,0.020159721263056544,0.1771784474209917,-0.10343316776923796,0.0008196287010016525,-0.0036981213493261877,0.47519601956614793,-0.002927770664324946,0.0,0.9352092063530332,0.5893318423784306,-0.3046671417133632,-1.2130853466422369,-1.656854985107005,0.01704217208125502,-0.7665992870334399,-0.5474253736462263,-1.600949078936611,0.07331528499718258,-0.5523735556799948,0.29937898273798835
3.2076504571612183,0.8480468796113051,4.9371939608504425,0.07263119750975212,-0.3453048705355522,0.5760815125737587,0.0021695245401744884,0.057350770375499724,0.6877488822692404,0.00047188618984196325,0.0,1.1384839815180001,0.5699835169432365,0.046739696886832716,-0.35277949305848233,-0.8058535326899696,0.07308545941001275,0.12595082287191944,0.3367061786225126,0.7899595389859024,0.878695885347607,0.46782814227361197,0.12591557283820132
1.5879444557249844,1.3422604590099965,4.190831801813509,0.07724661034984819,0.17117108592492974,-0.01575952592519682,0.0022599024586454344,0.09797666642062296,0.9463919185515425,-0.0005885011683586088,0.0,0.833118491511924,1.169840299891069,0.3128937147899491,0.2753191671942488,0.4369676868345404,0.05828156939171436,2.6533367988356513,0.5770130501307384,1.9910468280359959,0.5242042735332103,0.5629107872627606,0.3486459654777655
3.082120956371892,1.227616502201249,-1.5613706057931158,0.0754899284527081,0.2484217656603375,1.309761991499633,0.002058937694268996,0.06635893326537122,0.6449563387238019,-0.003016970197732144,0.0,0.9437456552310294,1.2107268637942117,4.3416324288725106,0.7724540898199617,3.566906093840937,0.0872900166155004,0.8556339192053958,0.3977230283324247,0.7389227207198251,0.35123516395120363,-0.28070531915984787,0.25604642660906085
2.1367448778380185,-0.8840955471349378,-3.8039571931451444,0.04545967405562646,0.15533206656352508,-0.20740807216473411,0.001905705719755413,0.03375247475692132,0.8772905293690504,-0.003016970197732144,0.0,0.6714851311128885,1.0092625508320947,-1.121374878792627,0.19015045609437908,-0.12816161385969865,0.03802139854276635,-0.11059925221480651,-1.3592653558712327,0.13837818866264912,-1.217919783215794,-0.5045029676907594,-0.06743289047242484
-1.1162351749796406,1.6500153295159177,2.4168826270674977,0.12112157315840898,-0.47993631739442216,0.005540193915312756,0.0012246195144702081,0.04786943913825333,0.8133899430791756,0.00047188618984196325,0.0,0.9966123358363576,0.8490286982954299,0.5159893846401854,-0.7249153490395406,-1.1709662811042603,0.08532682970573108,-0.8420205422552353,0.6780765630480512,0.5284175798700685,0.8011772399234578,0.07542260198102055,0.2222678960676652
-1.69434600921827,1.3749717583332006,-3.562602078497975,0.04353321338949017,0.1838945667972405,-0.05614474194949428,0.0008588958163317547,0.011256920441336509,0.6279128865803468,-0.0016162833583378948,0.0,0.8502198007019203,0.9085366018336472,-1.2144441207628867,0.22260160145816257,0.5836588766159588,-0.01289015619342273,1.0031668951427586,-0.4027043796673877,-1.1644507004438374,-0.6582014446127736,0.3141122500585147,-0.16084151825550694
1.4612761378545989,-1.319578495762645,-2.644461077040316,0.035295325136638495,-0.009959283978777602,-0.38945438523549514,0.007732209215786748,-1.712266305322985,-4.537816834313767,-0.0014875562365319647,0.0,0.4501216574606469,-2.1091145664953905,-1.0369800198979415,0.027298535552827883,-1.3318232034272621,-0.001833598646283201,-1.077868000707504,-0.3113529920080245,0.12605634709384148,-0.8985237686291422,0.09391966528876688,-0.07454677205664434
-1.54372235512234,1.91044368103662,-2.9150428503601216,0.06495457243373089,0.2132371951605758,-0.08258098060582057,0.001436548019191004,0.0524753042543938,0.6492674103670077,-0.0015270838249306965,0.0,-0.18721020496043111,1.0916965805000973,-0.28522214949186414,0.4404193657931582,0.5808561386081487,0.04051626732288388,2.2060898391611543,1.5791305899843866,0.865783170235138,1.3511484415083916,-0.023207410260237205,0.3827190588652226
-1.2951612515666222,-3.7855216141763686,0.8314246835462684,0.040642158717318924,-0.07035853775193886,-0.23436847236332245,0.001453103798503782,0.021351953437176788,-3.15960990815478,-0.0007827604122269056,0.0,0.45530048052691874,-1.8585696026207763,-1.0640102367210567,0.15834880359234618,-1.0050614570289278,-0.5663188018779662,-0.2987266315530069,0.604356030902747,-0.3068331994147048,-0.2640849482003294,-0.766067544714446,-0.5423550374428808
-1.6501120439978714,-4.7310742516587405,1.2776662412381832,0.0594618553070263,0.06543277928583784,-0.05268671002225226,0.0015137965432541083,0.03328930141614272,0.8980979618800499,0.00047188618984196325,0.0,0.8089390967317441,1.1682336554888353,-1.194995156722471,0.2026548697559547,-1.3197842757688094,0.05067602910684893,-0.409415148851368,-0.6410155171449343,0.1750921944472574,-0.14652150050540616,-0.22473696967842216,-0.19500587058109373
-2.4235964484858057,1.0695292702088002,-3.9060627021867,0.03963694947314233,0.10867093878109746,-0.11301403722698486,0.0016353471295039589,0.005471663141485414,0.5361451539227976,-0.003016970197732144,0.0,-0.7527398101330454,0.8457283354189278,-1.6586421310782735,0.18036420676423165,-1.0082152180412751,-0.01398500790077348,-0.839151435387838,-1.623451052439657,-0.004370405983713252,-1.6565232409278663,-0.35260922464122624,-0.6357890727205733
-3.034960155890574,-1.2155242860321431,-2.859377571166932,0.037079270649377306,0.028177516567541007,-0.23608524525652272,0.0010966744044442183,0.009858134897875556,0.4860650819064748,-0.002927770664324946,0.0,-5.299634760147624,-1.46963933949237,-0.9887006679777115,0.2040292775696805,-1.2010765029301689,-0.7075764042663124,-0.12964260465352304,-0.6715459194385573,-0.24418473263004284,-1.0897075257543727,-0.9427761715053735,-0.39688978932223457
2.9529627231813027,0.7555124309277046,4.545664277292538,0.06912018164672845,-0.10161111007008074,0.6508362137347095,0.007797228925892869,0.0553101203589966,-0.22763285055595453,-0.0006103547374042387,0.0,0.9042939699035212,-0.8936291204628084,-0.06553490370722197,-0.2169103283995433,-0.7903625954759497,0.06522945452714132,-0.47897558907644205,0.5827726124375681,0.6863209483522059,0.7177781286715401,0.5692917649609833,0.15908539911160302
2.1267134199606086,1.8874590368836652,2.5742393958884633,0.059357259576876355,0.07781061452585938,0.005816618976270761,0.001982954243818517,-0.05624423156931938,-0.5537481065878133,-0.0006103547374042387,0.0,0.6217449024059141,-2.133226940849904,0.47304658239900366,0.2699000483555044,0.9923369267852942,0.06935223423274733,0.20298403962919187,-0.011060752451792149,0.5128561118338354,0.7216115892968605,-0.5118652792663435,0.09193222992370337
1.6633127357124358,1.345244279549677,3.9619581618803648,0.05999661806587452,0.17827327399193083,-0.060471804396457,0.00223081835921485,0.09132315328345285,0.9074702450840731,-0.0004522155804422061,0.0,0.7575761223277055,1.083741393216699,0.28374672194071415,0.27812690254772404,0.5860407689269536,0.05240039639959044,2.94001193411441,0.40142176205037733,-2.1271397552923004,0.22474717915825448,0.07598639196517226,0.29680883714955575
-2.260887876229076,1.0688769886533003,-3.8249257103397287,0.036987458293478714,0.1041179652715945,-0.11301403722698486,0.001356166259507499,-0.001877350259909435,0.548361325406755,-0.003016970197732144,0.0,-1.4490120628089986,0.9060647847514377,-1.5130480635406276,0.2000902367709228,-0.95478364863017,0.010133774202922073,-0.3108306185360102,-1.566229218319065,0.446253632340155,0.6996085293392827,-0.3074503945430288,-0.29633131032572557
1.4813028435890725,1.5621944205897431,3.6520785521830725,0.07496062851111115,0.16656239330070283,-0.08343390580851541,0.001296789124464869,0.08087586040854769,0.8797092643392649,0.00047188618984196325,0.0,0.7558742632679019,0.9596446598921788,0.220931143262603,0.3120907249929622,0.38283015342718857,0.04240805202517712,-0.5070426089324701,0.372221109811522,-2.0101202988139417,0.2683341763620887,-0.0055776900818910735,0.33192923617077025
-0.8352135421285495,5.368718031294144,-1.582842391996314,-0.11588324000375091,0.27668218942076367,0.07671273256556994,0.0012208433441944673,0.04403086392019005,0.8254464766307461,-0.0010911017412775766,0.0,1.0036803112416264,1.3258172963583463,0.7266471250599771,0.0767452797857265,-0.30899509537388314,-0.290356225792111,1.2120460911127038,2.0443151815217937,1.2463677649832756,1.3749303670182338,-0.20477155189432697,0.05897651017805851
-1.7039243518412932,-3.221650880551406,-2.566513763435496,0.044777178062266235,-0.38114482643949704,-0.12351229715396185,0.0005304516722177522,-0.016456403572722347,-1.982346941402156,-0.001576755769939163,0.0,0.8199158770967091,-0.1040341151395855,-0.6190268666517968,-0.6687275728814991,-1.1445894397458316,-0.010364670546333608,-0.5898702719473805,0.19985933640720696,-0.7784785382814294,0.1767093767589431,0.8158444848354995,0.32360412021671636
2.710220130062924,4.540168988685688,4.560835073079683,0.09155105948109907,0.1584429809892892,-0.014975711843242978,0.0019653664866181014,0.09195842409106228,1.0459366776262622,0.0006147394990636287,0.0,0.82743154476483,1.5696946852535398,3.0141962041005317,0.3440884776332559,-0.25321341301657097,0.10692609512842001,0.7999496361079445,1.592894642346793,1.1405671854699861,0.6623899533436086,0.181506119107017,0.4722390246596114
3.1498005349678007,0.8089468645370973,4.77148136363937,0.07479583641820357,-0.08589723347485058,0.6257922984038788,0.0021695245401744884,0.05822190350205624,0.7373589785588894,0.00047188618984196325,0.0,1.0402038151708357,-0.07679439694069148,0.031861385955819436,-0.21204903428382188,-0.7043839634571792,0.0659090723742981,0.13251196902433823,-0.12671168877402972,0.22796252120930122,0.8918940492578411,0.5350595900649657,0.23698869893626626
1.489390549358493,0.8036320866574214,4.048816146849307,0.07680021060402581,0.16189680569484605,-0.0006604874879705465,0.002458701568958389,0.0676123508947634,0.8783166157802897,0.00047188618984196325,0.0,0.6430971496239368,1.1906367700904943,0.21924384404026356,0.24846946307152265,0.11852539063975662,0.0554213597220689,-0.6851630841157159,-0.5519178226849909,0.5114345135982681,-1.3624013032131146,-0.25762092741338727,0.05046401551302786
2.0493176415506955,1.9976111352216201,3.0626642792244163,0.06780914201304421,0.17233874842409316,0.05303155068080353,0.001982954243818517,0.08386102024558587,0.9021793919445148,0.00047188618984196325,0.0,0.7915983013578504,1.2374166741382011,0.439308354710647,0.3326577080708775,1.0654755003297751,0.06669854437267976,0.5530660348788478,-0.3618459166204095,0.5408749287429604,1.088553156641409,-0.1215807985390766,1.310963960736076
-1.5363583297484227,2.206122543654646,4.950225725461581,0.09306204260804692,0.18325389895103317,0.10178996963116412,0.00198954386839398,0.08093681846745823,0.7975991840832216,0.00047188618984196325,0.0,0.8636282154063344,1.134637748452101,0.6309658979617113,0.31913903692581497,0.8070446636092428,0.06105710203589339,-3.4785025977825224,0.21124483381996045,0.6366674502964222,-0.6442512486404706,0.22882482486701533,0.48165037622501244
2.8404740408164644,4.359458584348071,4.352592892871061,0.0899350379505431,0.17829096126555588,0.017751608280178063,0.002020191906001598,0.07375548187670154,0.9207785091184251,0.0006147394990636287,0.0,-2.2314183215816095,1.390708954133054,2.907269914458983,0.3475239641046725,-0.2544989140940103,0.12525997621979307,0.815756733199579,1.5432447068733686,1.060662299802161,0.5333269826035437,-0.3315091036659186,0.5290944754224148
-2.4780872379217023,-3.501276544358182,-2.495088410530435,0.019939203213438547,-0.7015193957341956,-0.4523349349403432,0.0008807042999265992,-0.022043113012951487,0.37925171777622046,-0.0015371857640661148,0.0,-2.936099809664628,-0.06031039201675265,-0.5777610907324859,-1.271973692543316,-1.55080860156537,0.03354506683419897,-0.8664271974849584,0.8991293243462535,0.11981285229648339,0.44179187217616744,0.16269338094878044,-0.833453256692446
2.470366860720525,1.9834543324152134,1.160412729089229,0.0652221714158727,0.093081998196483,-0.04537867973584756,0.007809457739849852,0.05124555438048938,-0.13417427399623202,-0.0006103547374042387,0.0,0.8073681092706405,-1.736154410280221,0.5295252329905771,0.22926147122464924,1.005188846362639,0.05322562807110157,0.3708977803545295,0.15411532694948563,0.8071452828524411,2.093144212744758,0.36256614385141356,0.472806188439999
2.260788713439174,-3.626540958604417,-3.166490882119158,0.020020257725078518,-0.6692142766748957,-0.3260969632324795,0.0009245474476811804,-0.009720038287843895,0.48528759907672514,-0.003016970197732144,0.0,0.6515880685251664,0.44298904165027203,-0.7070414375126148,-1.1174640968828367,-1.5306491979345498,0.006887713174367228,-0.9456121790442972,-0.9950157281622491,-1.5232097515541656,-1.1515540867701015,-0.7778916978421893,-0.730785357195828
1.6739285145985003,1.188129511967836,4.164710142087848,0.06901776157288605,0.17062885413417445,-0.01233066055843069,0.00223081835921485,0.08408345197266939,0.9472510967783475,-0.0004522155804422061,0.0,0.7718323211091478,1.2408549309457388,0.32855547557959913,0.2643991559645466,0.5529487115883704,0.05725403050120686,4.291768374036185,0.23272162348144745,1.28446225361539,-0.17526599996442246,0.6470024179579992,0.12859100001956805
2.939139309935593,1.2399292930570698,-1.4749549649058902,0.07000983658774576,0.21627130466369107,1.5204245681790571,0.0018994998297729646,0.0790601792827494,1.1965794268913001,-0.003016970197732144,0.0,0.9142203230365893,-0.3923046794169127,3.981857030844049,0.7116013861108142,3.247156514966479,0.06261772776406568,0.4317774638546225,0.12312615638373348,0.4561065555370249,-0.6341393150790933,0.3235355067343564,0.09018011483589708
-2.4065796796199925,-3.5325156059215894,-2.617803908736326,0.018376425041106804,-0.6970290157773456,-0.5034056058666996,0.0008807042999265992,-0.011077021844856049,0.3571487595220542,-0.002944539511750494,0.0,-2.8139675522802703,0.40818011081079303,-0.17067594359487046,-1.278190583998785,-1.5809561875082996,0.03284112651666123,-0.7682716453239898,1.1546198697157677,-0.28468252246078596,0.40590412925483765,0.25335348339447517,-0.7332118188857366
2.3815084276270597,-0.907688728106251,-3.6716951929456827,0.0394985519437171,0.18074575740780863,-0.26556070088166706,0.0016265248497589532,0.019864883164816535,0.5783948438738095,-0.003016970197732144,0.0,-3.4899274272628147,0.8078072783581063,-1.1229145942807128,0.1753078802027096,0.07290288912298783,0.04471899673252215,-0.07493044281955422,-1.1723653670329424,0.23399907363763392,-1.0794277983276128,-0.5506308597667772,-0.0013786541848564405
-1.6934369133769376,0.8410522382630121,1.0863506000723224,-1.8151470321625427,0.023759928691441334,-0.057027390156757236,0.0014066719986338381,0.03225379098841097,0.7194505581042383,-0.000660833184019911,0.0,0.5225145992383627,1.0035515535190742,-0.873738072626145,-0.8145483971505248,-1.0338940543958794,-1.0708200734572164,-1.9565484823665447,-1.8281162158603002,-0.09033577075633216,-1.9606773087077602,-0.6416201916781366,-0.41550209729534654
-1.7896644501366001,1.05866092972637,-3.1361869365083748,0.021845143361478393,0.004505198579060397,-0.2363289858971642,0.001356166259507499,-0.023408470476228172,-2.0963926239717123,-0.001576755769939163,0.0,-1.5268978192347569,-1.5692668828038627,-1.2814008197097706,0.13221333941418598,-0.6455093884321637,0.016966053984109268,-0.3029260645551583,-1.1125212111698741,-0.16692534041338838,-1.0180195177333142,-0.2607326141136034,-0.45414816674928576
1.8945041425440736,1.6859715306600573,2.0851015161796282,0.091566606898413,0.16229717693620316,0.034573752615824314,0.0013923706567544117,0.08582025038497872,0.8642942974412257,-0.0005885011683586088,0.0,0.6538266585305256,1.2131428380773859,0.3000775545877055,0.28824001156157475,-0.42254802285856463,0.0773268792095945,-0.7095171591032468,0.06875033907995956,0.5082369490532714,-0.8222588543090887,-0.6223323625725428,0.2584696762557182
3.00690808842712,1.2527334103625942,-1.5888541258301174,0.07283733073602433,0.2832095977947348,1.462423092049726,0.0018994998297729646,0.07305071779333122,0.8444561315972201,-0.003016970197732144,0.0,0.9572251927834952,0.7446518111308352,4.074162764348573,0.7598662148407551,3.510602500345472,0.07134625435614646,0.6455390115538543,0.060744500015504084,0.5336806112254712,0.18711723138166372,0.31840225871830113,-0.6093610205152019
-1.1936604089455045,1.5035837164378332,2.0672775286326903,0.09926809867227691,-0.44663441933554054,-0.009929700898538115,0.0010334271772505794,0.038435640826313615,0.7250402749595104,-0.0006481863490150009,0.0,0.9109004203577896,0.7129980070022222,0.4189312664949459,-0.8006413917762831,-1.3148632479752693,0.07747532684502888,-1.1567655058404844,0.34555068971864933,0.3675792224702341,-0.7718056371427864,0.10980659452701144,-0.40167300128424993
-2.220439003630617,1.289292784838467,-3.844049339801951,0.03669575595147568,0.11679778874564323,-0.10913782568026767,0.001356166259507499,-0.005263323371888747,0.5254789525568418,-0.003016970197732144,0.0,-2.075118117008193,0.8914151642009298,-1.4940271362980344,0.22809963098603112,-0.8909023104406893,0.021726480241001787,-0.2130376027840297,-1.319871778624694,0.3647551927630676,0.08684275990520132,-0.29312822317146986,-0.22058727753827123
2.095705750296722,1.9057846636262519,2.859774513580382,0.05784820677840776,0.10037222747215396,0.007645307584941587,0.001982954243818517,0.07049439195634444,-0.670610310850919,-0.0005980708390749056,0.0,0.6975395797276153,-1.609460022514374,0.46714888449104247,0.28197989815593116,1.0198000056079917,0.0737503927484429,0.3865789855221558,-0.13368433580608022,0.32432362874843373,1.023870000921895,-0.3535247271789537,1.0479304336186706
3.1498005349678007,0.8089468645370973,4.77148136363937,0.07479583641820357,-0.08589723347485058,0.6257922984038788,0.0021695245401744884,0.05822190350205624,0.7373589785588894,0.00047188618984196325,0.0,1.0402038151708357,-0.07679439694069148,0.031861385955819436,-0.21204903428382188,-0.7043839634571792,0.0659090723742981,0.13251196902433823,-0.12671168877402972,0.22796252120930122,0.8918940492578411,0.5350595900649657,0.23698869893626626
-2.4594458995717643,1.2070175990527008,-3.919781685482255,0.041217007525463346,0.10867093878109746,-0.08659399154447947,0.0016353471295039589,0.0084197191146811,0.601884370248777,-0.003016970197732144,0.0,0.7763577387194691,0.8693840617305015,-1.717188488120591,0.20504025521480954,-1.0785550887933435,-0.0158171909723082,-0.8306102610926508,-1.814550071155451,0.06186796745968709,-1.3027007332819331,-0.25309910017224746,-0.5207985193232401
3.026161799625049,1.2565936348507043,-1.2819334571465109,0.10103859547105039,0.25391256918758454,1.2635425390549317,0.001652327969856047,0.08398188249250615,0.7110195955329998,-0.0016096164500477644,0.0,0.8557668940661247,0.9690885230252192,3.6967432400998046,0.7161056661665497,3.4592997570041804,0.07997493216271018,0.5067095091423224,0.7610535601039742,0.5957494992205106,0.35588177204561866,0.38222633383701793,0.49183536622940127
-2.422540657522409,1.2859589534267093,-3.7904443995483725,0.03239142178510089,0.11238645989550047,-0.10679354312041063,0.001356166259507499,-0.002710258642143467,0.5169553123343344,-0.003016970197732144,0.0,-2.0654870319877014,0.9079701487554844,-1.527337628054479,0.2224427532044275,-0.856965405622145,0.024302703241105957,-0.1767422251621468,-1.3318299905798485,-0.2288923767267371,0.8175804685709148,-0.1524346921316376,-0.3521745641094321
-2.027133423435905,1.5222620431515685,-2.987533542253201,0.0621488894504621,0.18118347326230747,-0.08599189280980926,0.001436548019191004,0.05394575090692457,0.6165760969605544,-0.0015270838249306965,0.0,-0.49932129074214276,1.0397762373015351,-0.7960274792432062,0.31692674578499724,0.49590036584378405,0.03222208836520688,-0.7112083037122281,1.138190510604969,0.07916929030015775,-0.7016658812002518,-0.4776261470994079,-0.3398188158823236
-3.0263008786982897,-2.909529114266783,-2.819316346307106,0.015321794067162896,-0.7167968540895132,-0.14227592133521358,0.0005304516722177522,-0.006715939101640979,0.3655924048216035,-0.003016970197732144,0.0,0.9070323144073673,0.34939920738280794,-0.9804606342909191,-1.1262808991585629,-1.82118724216451,-0.0003363434509431548,-1.044857066112964,-0.8714771380848328,-1.9245863906563154,-0.45240242425541083,-0.6271777645031864,-1.1180175040984783
-2.446521959957223,1.0154102842603734,-3.797197938106956,0.03629692956415372,0.10867093878109746,-0.10679354312041063,0.0016353471295039589,0.0020919325933770956,0.538978039809465,-0.003016970197732144,0.0,-0.6687355005626959,0.9040976115570967,-1.747357127916858,0.21083605456774315,-0.9371274761623253,0.004543492640806489,-0.644913546393123,-1.8844636358319407,-0.12135286087904563,-1.3621494937338228,-0.47000113307714186,-0.5120347827724296
-1.163572178838055,2.388980770898963,5.55581613860784,0.17173098056169406,0.19411453203907592,0.10862776793175931,0.00198954386839398,0.08532598044408991,0.8239230715874097,0.00047188618984196325,0.0,0.9443558314626793,1.3047782278148412,0.6750002257371189,0.35605158494328076,1.0303564009277928,0.0662408054824828,2.3190122074838118,0.5823659982082403,1.3818362861955524,0.03611659788693394,1.6848591400777682,2.322639954726924
-0.865272037761668,6.4915949807845825,-1.9203619003676136,0.11644331393378925,0.26139068772428053,0.03214990570130412,0.0012815360889447938,0.049816552941225334,0.8859253319420654,-0.001466763140826099,0.0,1.1518330351073465,1.4946372522335127,0.7773507268010127,0.7276398848878566,-0.30631708942072644,0.06679685852444799,1.5231896061486352,2.362459968109884,1.5907734284850161,1.6203245257448857,0.2837076684291765,0.1971502157756971
-1.6389912544487615,-4.152822732825756,1.2306942540826546,0.052887167235452504,0.04397679072219577,-0.03589140947135804,0.0015137965432541083,0.024136242855402168,1.0235580223698841,-0.0005922312298083253,0.0,0.7704309804544,1.3346720900748321,-0.9366428688416619,0.24590592750092732,-1.109117231726956,0.09610523036160597,-0.3863689259051869,1.0573202279884448,0.2720739875214365,0.18051812414514787,-0.27468686929312014,-0.5284339567457584
-2.992782481349359,-0.6716654088100963,-2.2766523353984294,-0.9291000911629944,0.03234646125127037,0.26014442998703835,0.0013758552744406777,0.011825593129030282,0.5208501384823847,-0.0020348741507539804,0.0,1.1278528597505726,-1.180108545316237,-0.9529596414130274,-0.5267718343386358,-0.9243536252460395,-0.4430979167034758,0.013100848299377212,-0.21609799459900803,0.02000328959938453,-0.745968124310175,-0.3316313936018743,-0.04027453523886843
2.07673040377657,1.934325317768257,2.9966726004062116,0.0628684600192983,0.11558715684724788,0.01594969051921765,0.001982954243818517,0.0755304991897332,1.0287365466559966,0.00047188618984196325,0.0,0.661270300498576,-1.4814051659063594,0.3922177140885303,0.2930644211947622,1.0335250259700757,0.08198490643779183,0.42734768856699645,0.052975090088223056,0.5280953769088623,0.9913880963278513,-0.42532804371074434,1.2881231260106676
-1.8876035106177418,-3.8323313968709756,-2.879625974266273,0.02004617716971836,-0.5839628718570369,0.015983748611521464,0.0005304516722177522,-0.012143842138415161,0.4954174910814971,-0.003016970197732144,0.0,1.011472440398086,0.5605045301997537,-0.6156203655757977,-1.0122655695669542,-1.5942881638895121,-0.01183143525527162,-0.8401548906346117,0.16722457726785106,-1.169280604599969,0.16249401528780616,0.3262903234289773,-0.20631262606622322
-1.6494153463222403,0.8884794368192761,1.067525518131346,-1.4584937744839517,-0.04200925920219621,-0.12325603950887706,0.0014066719986338381,0.02161282309548813,-0.20662533473593864,-0.0005735635261317289,0.0,0.5407598083935676,-1.1050137366036599,-0.8355048276217154,-0.7529987646922343,-1.036410634140672,-0.8966925999214157,-1.5992071403257566,-1.5354224533690974,-0.22239686653774482,-1.4805349832087904,-0.1358327759676059,0.07233193376207003
2.182260493185598,2.2406102298018817,3.0372060070046025,0.08167449139848307,0.1658332161604641,0.029990132302047327,0.001982954243818517,0.08440279709697003,0.8955844242259455,0.00047188618984196325,0.0,0.8121716666915065,1.121302418301224,0.4214481705840418,0.3302878732968359,1.1247246900394994,0.06806814303847913,0.7831496874177045,0.3894636220713544,-0.19766939800885386,1.5022553193427266,0.2711366575970174,1.247817510555525
-2.614727444802163,-3.5346259979411867,-2.610957047800153,0.018474496044452535,-0.6710900978611472,-0.5170161448062677,0.0009468574315583008,-0.022659257483638045,0.2710124962148079,-0.0029272051041347954,0.0,-3.1553171466488616,-0.18231683303328663,-0.21214149226632276,-1.2268686599839786,-1.5666469711879227,0.019793084855015478,-0.954640221509109,-1.0940443276227079,-0.5267906497992132,0.11321201808859901,-0.4967544213488187,-0.6727322065340471
2.3746366846469367,2.1382735073071233,1.4720230120686126,0.07491544410281759,0.1651858785531189,-0.048061265558003115,0.001982954243818517,0.1469056309141119,0.9624167231664623,0.00047188618984196325,0.0,0.8709054769651219,1.054811264626032,0.48195041981026304,0.2823927381457287,1.0502850677116127,0.054851836154064165,0.12476609649853444,0.2202525527407602,0.9028320719268319,2.080045002967561,0.363748879359052,0.18788821091007854
1.6171504840457374,1.206830511324457,3.7972678985412034,0.07389866476463611,0.16626241648632079,-0.05499874960857892,0.0022599024586454344,0.0775019944925806,0.915521126741007,0.00047188618984196325,0.0,0.7890179943546756,1.078011406347303,0.2204329295801267,0.2699941864089209,0.34881810765727317,0.05467837000987525,-1.0817185881631242,-0.18437134700504873,0.03645211070052921,-0.7828106366012036,-0.1572419814190563,0.057238133232934946
-2.428304036486539,-3.5368462016194364,-2.646603923919984,0.013061744820134225,-0.7626587427327611,-0.4035335359737862,0.0008807042999265992,-0.012981466539816576,0.2310099081050854,-0.002944539511750494,0.0,-3.016187278670478,0.4686724851477005,-0.4757581242316216,-1.3415546853236822,-1.6051984211850492,0.024523499742076856,-0.903266166307271,0.591444548606369,-1.298793403652767,0.31730025312928106,-0.5428181695149187,-0.6891140505282283
2.9529627231813027,0.7555124309277046,4.545664277292538,0.06912018164672845,-0.10161111007008074,0.6508362137347095,0.007797228925892869,0.0553101203589966,-0.22763285055595453,-0.0006103547374042387,0.0,0.9042939699035212,-0.8936291204628084,-0.06553490370722197,-0.2169103283995433,-0.7903625954759497,0.06522945452714132,-0.47897558907644205,0.5827726124375681,0.6863209483522059,0.7177781286715401,0.5692917649609833,0.15908539911160302
-2.2643349390503262,-3.1773438734333967,-2.9660536474139416,0.015353663228586422,-0.6426005893340877,-0.2962694622211401,0.0013461701007200584,-0.011525225942644666,0.32398539283780886,-0.003016970197732144,0.0,0.20798137473880277,0.4595867627971495,-0.14167794327149708,-0.9163671465009627,-1.4385135109857412,-0.0030034381298027248,-0.5688433134960502,0.16980534885133736,-0.3683673559893013,0.20934241702816297,-0.18656358294399603,-0.11576154502715175
-1.6350247290969777,-4.642771255448341,1.1058650028856503,0.06314435988166654,0.020289942069305053,-0.16313010052173665,0.0015137965432541083,0.025071833456067293,0.027822634802110103,-0.0006103547374042387,0.0,0.641632580136614,-1.8377662536067674,-1.2499864653653774,0.14245539809034338,-0.9998530682036146,0.06561646740407316,-0.12589501232392622,-0.08162286922961302,-0.03796310172884143,-0.27170480064272673,-0.5428467851507561,-0.18066745483528254
2.3804803603542988,-3.4027508671819455,-3.0740489007195375,0.014447907462887249,-0.7231855218523554,-0.32967889080361584,0.0010188655026013935,-0.013523447778065191,0.36153609488144756,-0.003016970197732144,0.0,-2.4016996757831226,0.35529117497230733,-0.6608345493382314,-1.0910757795700823,-1.4366298145451417,0.019285686669567977,-0.7740475310580689,-0.7329738608771156,-1.613417770947777,-0.5654648918370297,-0.011958707423415364,-0.7540654109177504
-3.034960155890574,-1.2155242860321431,-2.859377571166932,0.037079270649377306,0.028177516567541007,-0.23608524525652272,0.0010966744044442183,0.009858134897875556,0.4860650819064748,-0.002927770664324946,0.0,-5.299634760147624,-1.46963933949237,-0.9887006679777115,0.2040292775696805,-1.2010765029301689,-0.7075764042663124,-0.12964260465352304,-0.6715459194385573,-0.24418473263004284,-1.0897075257543727,-0.9427761715053735,-0.39688978932223457
-1.7618316003655645,3.115373716489928,-3.1133559853244326,0.03080676125157879,0.11373761810800548,-0.05216514517722854,0.002066212492716845,0.02088911748798501,0.48167509459502744,-0.0027545592952776857,0.0,-2.166453828452329,-2.551453367714621,0.2506814347480219,0.2993866461880619,-0.48597412286508235,0.05043911166881116,0.5983360521812553,-0.6858658145843066,0.49459802899021005,-1.0238910399557501,-0.09708026073216665,0.4372851329160846
2.4081673569175295,1.8712262226683114,1.3383256611528314,0.07113710891896413,0.09321935760117966,-0.01635824954016136,0.001982954243818517,0.19059237715927835,-0.2582394287372972,-0.0006103547374042387,0.0,0.7518984741441944,-1.2261307243914912,0.4976461861044717,0.24641902089908674,1.0686777988562013,0.049805316893266546,0.10667249393580212,0.07191256066677426,0.8732287868406422,2.0831827226475035,0.2073756024675806,0.11632867114221165
2.099699913238829,1.923459361256788,2.692713498841961,0.0615121494622727,0.11544979744255121,0.014121001910546827,0.001982954243818517,-0.1574671821217594,1.0116341451023636,0.00047188618984196325,0.0,0.6336825697762276,-1.6915037657217755,0.4111788315986174,0.28537820045387186,1.0015662241167809,0.07676897130099168,0.40233723471827226,0.08244378696441286,0.5105676741085077,1.2600083179817472,-0.4820125309297921,1.253677474674745
1.8338101957045192,-0.3150112585661616,-3.3551546856474332,0.04411132047452316,0.19623720360566543,-0.22918444652080458,0.001236897231685977,0.027618823654412032,0.6904163934415368,-0.003016970197732144,0.0,0.09358083032351185,1.087641418282126,-0.8903477686692198,0.16283883717310937,0.42094806052566397,0.039845001080904795,-0.08994933613210702,0.18765555359046715,0.28614013143031675,-0.22771886607452874,3.201311854724953,-0.028328794908684576
-1.8168960472326858,-3.617732464626088,-2.914101618887876,0.020449999744983672,-0.5615239536189106,0.04497851638164887,0.0005304516722177522,-0.01363426523663157,0.5142630333523571,-0.003016970197732144,0.0,0.9821646724064254,0.5900846567009393,-0.52573178108782,-0.9775104109029213,-1.595037742789664,-0.0018643371250650158,-0.8245516564635523,0.021972999982491952,-1.1265445385630803,0.7161964892429246,0.41317163948983837,-0.4080002440856434
1.4246397031228244,0.8014254534375549,3.4954412470901923,0.05629308617227165,0.17008428419973665,-0.04861417484128606,0.0014955882347778237,0.07663798285724044,0.8560461889665274,-0.0005885011683586088,0.0,0.6362358232240702,0.9254028088909902,0.121192729768676,0.1993777008973037,0.2210041777859163,0.03378182254869184,-1.3642193953361859,-0.7743797082640099,-3.7382722836159887,-2.0222475496063494,-0.27533166049908325,-0.6920499441281893
-1.3489110820734558,-3.8630786104570545,0.8110566744890945,0.02767673998657304,-0.024777235000275826,-0.23498225402220482,0.0021125669779325897,-0.16497368810522112,-3.095870109666694,-0.0007827604122269056,0.0,0.4063786937991601,-2.631152058904905,-0.8595543986978252,0.12766399240457876,-1.0833643095170045,0.06548097449353356,-0.40389998292455964,0.6924929068779005,-0.2116108820929339,0.07793723161625596,-0.6134623898668603,-0.2865458602740136
1.3821775412296953,-1.4386461312866603,-2.700947547645144,0.03168297760670173,-0.0274998156577577,-0.2894597267218419,-0.12643490814326522,-1.718696973943633,-4.535515646661514,-0.0014875562365319647,0.0,0.3350641445793338,-2.317714380459669,-1.0007403866907127,0.0420652276200125,-1.29597696317463,0.00482731558184156,-1.040292890041802,-0.45022286868664163,0.03471113669372214,-1.230075927919134,-0.4376353254098956,-0.0283614721843152
3.081987673271566,1.4792292929324746,-1.3729572045414686,0.06920406591252097,0.2827224226124346,1.4934025811390432,0.0018994998297729646,0.07252260286551065,1.0970571262419202,0.19398741245778095,0.0,0.08826720422574964,0.3893402904928527,3.8407114910602083,0.7326368190531478,3.8104789351954342,0.05984123904740404,0.7281980344735738,0.2758247791392108,0.851086444979395,0.2619534613209643,0.49853246201124973,0.1736079542492871
-3.0196921100869325,-2.9173155697910684,-2.7032097875033214,0.015321794067162896,0.31119366347077426,-0.11280972376996684,0.0008196287010016525,-0.005282538799224419,0.38130978123497355,-0.003016970197732144,0.0,0.867959704605961,0.42896746392552076,-1.0368754689269841,-1.2114106245698444,-1.7872336884202804,0.0029178015420066924,-1.0551298873013102,-0.8657786949779421,-1.876383573173285,-0.45160850926881535,-0.653403517577982,-1.1028111854117921
2.3299442709291416,1.8444388688419329,4.955136407139871,0.06801724833508324,0.13721663869594228,-0.02879672217250754,0.0021804720332507547,0.07362290665738463,0.9495029192241295,0.00047188618984196325,0.0,0.6415607610896318,1.3832082093256233,0.05989841071600537,0.2823209405771069,-0.3700638494304753,0.08165880697885096,-0.46103980386436144,-0.2943483335441657,0.3561053467820978,-0.5935178550598129,-0.2630345207941401,0.47114789119684164
-1.4353701991737295,3.322072965237163,-3.1867647556480625,0.04075728681409148,0.20599942139028846,0.008342662531535056,0.0010061389939156344,0.03152659375414037,0.66133334797839,-0.0024433633548185895,0.0,-2.3543634473766786,1.4439893855184134,0.43716430279371554,0.4801657419102436,-0.39682035680899413,0.06581281047928916,1.001022462829084,-0.005191841107354576,0.9348203945587442,0.5400036416783045,0.36036311063679954,2.209862431979002
-1.471287356420269,1.0829407959663107,-3.03560818514509,0.03125530584051314,-0.011363234140955534,-0.18441858389026963,0.002160365280048234,-0.0263442991436078,-3.323161087389255,-0.0012666711143779932,0.0,0.3953488342287668,-2.443783362594355,-1.5269532599900106,0.09700837388375613,0.21643690633730633,-0.016262145089306332,0.7060181481694705,-1.2411299373846971,0.47245815055675794,-0.8087096539335084,-0.493328540326059,-0.8362243850351974
-0.6827721561008844,2.624096390160921,2.7302999927888765,0.13717163903401947,0.19877575538803313,0.09663458279281621,0.00177757176592377,0.09472961830389158,0.9686449487950153,0.0014339248092626426,0.0,1.0303844098143207,1.6137782582610845,0.9583947675052115,0.4900812009663805,5.665590627236038,0.12545110650805283,1.4938869674279507,1.925132071457328,1.2300415504591073,1.220572246688062,4.58558881758225,0.7132243028530244
-2.503778731164668,-3.5144115093476413,-2.4379756401765813,0.014230626408327259,-0.7015193957341956,-0.45686525738721473,0.0009468574315583008,-0.022293978271997306,0.380454358181856,-0.001519851356450416,0.0,-2.98356991372194,-0.058165740171961376,-0.5482976552916202,-1.2802426581771549,-1.549485341474417,0.024378155030235195,-1.0397678267693646,-0.8600130725546168,0.03224254194030354,0.28423314246873344,0.11547480344661551,-0.8554288023467514
-2.3427605328544074,-3.279799456446531,-2.968303232848771,0.009756811471888767,-0.705564029691527,-0.2962694622211401,0.0012706957474591827,-0.016670517386635435,0.27340339410335324,-0.003016970197732144,0.0,-5.19196276758563,0.3163349589319042,-0.21973490593085918,-0.9272686468134267,-1.5106039309815493,-0.0020093039294369086,-0.7920784856233682,-0.3929251328659761,-0.6216925144580159,-0.32380405043527777,-0.8551595500555615,-0.746693649048901
-2.614727444802163,-3.5346259979411867,-2.610957047800153,0.018474496044452535,-0.6710900978611472,-0.5170161448062677,0.0009468574315583008,-0.022659257483638045,0.2710124962148079,-0.0029272051041347954,0.0,-3.1553171466488616,-0.18231683303328663,-0.21214149226632276,-1.2268686599839786,-1.5666469711879227,0.019793084855015478,-0.954640221509109,-1.0940443276227079,-0.5267906497992132,0.11321201808859901,-0.4967544213488187,-0.6727322065340471
2.0611432742355853,1.4025354161665402,1.7720597623372238,0.06218259918281393,0.06183097763528529,-0.0398982120590706,0.0013502921136223714,0.07503506533588476,-0.4840773883581362,-0.0007690404829923044,0.0,0.6333043499214907,-1.4621246881604395,0.2779603562537193,0.2373445279000696,-0.41324281347335234,0.04835140098160658,-0.7389820108437823,-0.32887549724897835,-1.2064754030018752,-0.9858318511091174,-0.2831917645696972,-0.18262040817764874
2.1035206118238445,1.945212031005918,2.9783827786801016,0.0673077256707961,0.16738254800799907,0.05303155068080353,0.001982954243818517,0.08352370753958564,0.8770767185771472,0.00047188618984196325,0.0,0.7393455322723349,1.0764148261863886,0.4122932520079872,0.3125440481273378,1.0902454456763675,0.04800109510384628,-0.647433450060569,0.1428674411980637,-0.7568749797479991,1.3115621246607596,0.14583587723863414,0.9982435456247047
-2.5829846885727488,-3.5066681780383564,-2.428004057454334,0.0223614840145191,-0.6755804778179972,-0.45686525738721473,0.0009468574315583008,-0.022293978271997306,0.37672718779139847,-0.001519851356450416,0.0,-2.9980228715366644,-0.20771672800122126,-0.5637262378244794,-1.2610630084741148,-1.4897319940011906,0.02426493077406923,-0.9917893728725753,-1.0958278323152844,0.01250053473853076,0.2727515757066821,0.10796096684816975,-0.80310679257748
2.068885734470053,1.9818686733382975,3.03463021060011,0.06985355608414127,0.16738254800799907,0.05303155068080353,0.001982954243818517,0.08184734168872013,0.9048414412220541,0.00047188618984196325,0.0,0.6902390301724426,1.1264296979639064,0.3892941095354252,0.3326577080708775,1.0740607481644773,0.08066209279042875,0.339782873986169,-0.11054266978341434,-1.3772731759972172,1.0484951512333374,-0.7527820726307012,0.9310671944999678
-1.3395607768868545,-4.062747716004609,0.9085034258517067,0.033990464993414446,0.00397554619998678,-0.24876677276626008,0.0025819888508598534,-0.22103282314331887,-3.093922575277528,-0.0006103547374042387,0.0,0.375037089261155,-2.7208101854060596,-1.0127405101192273,0.07191112576229024,-1.1983419476768429,0.04098390105226539,-0.7970942084698748,-0.6362024972277603,-0.1805337948913371,-0.3979976609709026,-0.6583105202179165,-0.4619588098215634
-2.0054480874792526,1.314202189247717,-3.9985000132001045,0.047139748307306564,0.09908856642106548,0.05634354677979398,0.0010921729724424896,0.006071757787791989,0.691942958770229,-0.003016970197732144,0.0,0.6329942780799429,0.9758547286842529,-1.6877346542132974,0.22257631178675083,0.5149093147043637,-0.0055796859624990276,0.025366167566774615,-1.6060481791951817,0.22081931372505864,0.4901105716315202,-0.33645601227832295,0.05212720493206169
1.4212145615859508,-1.1319349527927625,-2.389287973397898,0.04634786874281714,0.10101312767377572,-0.24860276023266883,0.0016648280663104178,0.04726132922438663,0.8653368283131592,-0.0013643717748672067,0.0,0.47361980930134295,0.9169041302348167,-0.9277235294757241,0.23863422481922753,-1.1751312925338884,0.04401342484250909,-1.8146408772506768,-0.4852127268013637,-2.2523997419182735,-0.2855611258414227,-0.6684495083013681,-1.9119896511161878
-1.6549932719581189,3.038144548325302,-3.1040085460257303,0.03123517182431468,0.1159886971736088,-0.052133409922858934,0.001985824745311081,0.0178030109956355,0.470469525798289,-0.0027545592952776857,0.0,-2.0934354166770874,-2.9424304818212352,0.22481537650672662,0.2993866461880619,-0.47633083785002917,0.05002882802161018,0.5053315733055597,-0.7549196784123214,0.3226744430800212,-1.0895788705306493,-0.01267573262274694,0.03890212067561439
