V3_Ventilation Duration (min),Initial C/N (%), Composting Method,Initial GI (%),V4_Ventilation Day,M1_is Enclosed,V2_Ventilation Interval (min),Initial Moisture Content (%),Application Rate (%DW),Additive_1,Material_Main,Additive_2,Turning times,Initial pH,V5_Ventilation rate (L/min/kg iniDW),Additive_4,Period (d),Material_2,Material_3,Additive_3,Compost volume (m3),V1_Ventilation Type,Initial TN (%),Initial TC (%),Final GI (%),NH3-N loss (%),N2O-N loss (%),CH4-C loss (%),CO2-C loss (%)
22.043870938262494,41.045401697063426,1.0,27.32884658064516,67.0,1.0,1409.0,49.37841374747968,2.5467687605199485,16.0,2,12.0,13.0,7.7793462153399755,1.1492011293917992,1.0,75.0,3.0,4.0,4.0,0.06,1.0,1.775,72.85558801228758,98.977427,8.414254071252504,0.8445119261741638,0.15644341672059114,25.868968309729972
29.986118235684252,5.4813733018026225,0.0,27.32884658064516,15.0,1.0,0.0,55.9753835805829,1.4467001532424963,18.0,2,7.0,2.0,8.643205970532387,0.8727230674923336,1.0,38.0,4.0,4.0,4.0,0.06,0.0,1.775,9.729437610699655,102.27360300000002,6.634116492085515,1.0099209547042847,0.17098728954727563,23.14506986906228
0.0,5.718402163035792,1.0,27.32884658064516,0.0,0.0,0.0,53.77213402830448,1.0198697380396389,33.0,2,10.0,15.0,5.6099453729863455,0.0,1.0,82.0,0.0,9.0,4.0,0.06,2.0,1.775,10.150163839388531,102.782942,5.437692248469117,0.6920496225357056,0.15489808025812835,22.920541333348982
0.0,5.965646129396831,2.0,27.32884658064516,0.0,0.0,0.0,44.316480055038234,2.593390783570505,6.0,2,5.0,17.0,6.142498308079152,0.0,1.0,51.0,2.0,4.0,4.0,0.06,2.0,1.775,10.912331984187055,101.63861800000002,7.2381797308349265,0.5585304498672485,0.12555024547639748,1000000.0
58.78851380939162,6.1588789958202845,2.0,27.32884658064516,44.0,0.0,0.0,64.93566882013859,4.966574809776452,4.0,2,11.0,21.0,6.949462028186902,3.452827308860468,1.0,123.0,4.0,4.0,4.0,0.06,0.0,1.775,10.932010217581004,100.139264,9.129700236507494,1.2080153226852417,0.16697103756863288,25.422306345784015
53.61922237540762,14.536265031574711,0.0,27.32884658064516,0.0,1.0,1403.0,49.13484036900842,2.9050545781883743,37.0,2,5.0,18.0,4.806358888674625,6.117285513147088,1.0,35.0,0.0,4.0,4.0,0.06,1.0,1.775,25.80187043104511,98.991702,6.073968395987558,1.047105073928833,0.13841561294946225,27.384859893752314
25.218164210194242,5.881753340201916,2.0,27.32884658064516,48.0,0.0,139.0,67.34113636189318,3.5406633356739015,33.0,2,11.0,21.0,9.947823670456714,0.46981756271442954,1.0,72.0,2.0,4.0,4.0,0.06,1.0,1.775,10.440112178858401,100.078898,9.129700236507494,1.1994662284851074,0.14628779318854426,27.04498243728282
5.602800748346153,5.984097600285137,0.0,27.328846580645163,42.0,1.0,0.0,45.02544870630353,2.4539142646274685,31.0,2,15.0,7.0,11.461685048829327,5.1798942726495225,1.0,99.0,3.0,3.0,4.0,0.06,0.0,1.775,11.510700090425342,103.53654200000003,7.584243868188251,1.1130812168121338,0.18155318768123804,1000000.0
39.6289459507366,5.447994359420724,1.0,27.32884658064516,56.0,0.0,227.0,70.03567926120601,5.48972702109555,24.0,2,15.0,16.0,6.417595506581578,5.498836699802288,1.0,65.0,3.0,0.0,4.0,0.06,1.0,1.775,9.670189987971785,100.48276700000001,2.723919446549588,1.2700343132019043,0.15939737824497538,27.085415550131614
59.04444496564495,5.131850823221562,0.0,27.32884658064516,0.0,1.0,594.0,57.10071012922071,1.3645673272153713,13.0,2,10.0,31.0,11.331131748148096,1.846514053450904,1.0,32.0,2.0,4.0,4.0,0.06,1.0,1.775,9.109035211218272,101.32807100000002,6.584754798837275,0.9895895719528198,0.14981197767650659,29.556711639989956
2.229760275848378,41.8197333111233,0.0,27.32884658064516,22.0,1.0,0.0,64.44640197474249,1.9217183238794255,15.0,2,5.0,5.0,4.659153362722813,3.1273890496081993,1.0,55.0,3.0,4.0,4.0,0.06,0.0,1.775,74.23002662724386,98.75373500000002,7.957036993285723,0.8694413304328918,0.26923180001992153,21.958966967794108
29.091182146916193,5.598567118707659,1.0,27.328846580645163,14.0,0.0,0.0,49.39776239696612,2.3292555972371947,23.0,2,1.0,12.0,10.17321025429821,5.406344683440118,1.0,99.0,5.0,5.0,4.0,0.06,0.0,1.775,9.937456635706093,101.27477400000002,8.041460946155025,0.9931448101997375,0.1523420232621193,24.10039022796022
1.5090878306252598,5.344198463775358,2.0,27.32884658064516,29.0,0.0,262.0,78.48417981076761,1.3597906148790218,30.0,2,8.0,30.0,7.701098901689303,5.716287483011527,1.0,29.0,2.0,4.0,4.0,0.06,1.0,1.775,9.48595227320126,101.55477900000004,7.16615938389755,1.0649107694625854,0.15653196332923633,25.249553620317563
0.0,7.183267284890752,0.0,27.32884658064516,0.0,1.0,0.0,50.559267055833274,0.1589947940817702,22.0,2,6.0,23.0,4.31933558070539,0.0,1.0,57.0,2.0,3.0,4.0,0.06,2.0,1.775,12.750299430681084,99.00811099999999,8.86123676033259,0.5907049179077148,0.1715968036561991,27.044381028737135
2.505075682011648,5.92011298716004,2.0,28.81131141818067,22.0,1.0,804.0,76.09861910897973,2.5585699749309487,36.0,2,0.0,1.0,8.674937066722835,6.054009620563741,1.0,63.0,3.0,9.0,4.0,0.06,1.0,1.775,9.271907665264049,102.08830900000001,7.584243868188251,1.0066639184951782,0.14442845195673024,1000000.0
36.80332959859265,6.127954943488251,2.0,27.32884658064516,50.0,1.0,0.0,58.60246569006445,0.557228476439422,10.0,2,6.0,4.0,7.6179810683450455,9.782136644102494,1.0,117.0,0.0,9.0,4.0,0.06,0.0,1.775,11.201510643517878,102.18387600000001,6.199406655723737,1.1303189992904663,0.17822696395813714,1000000.0
0.0,5.4525017223506635,0.0,27.32884658064516,0.0,1.0,0.0,64.90045355862219,2.3123684769090036,36.0,2,7.0,14.0,9.183344544208335,0.0,1.0,107.0,3.0,2.0,4.0,0.06,2.0,1.775,9.678190557172428,102.702139,6.288052354732185,0.494466632604599,0.1676860494872835,22.210126640716446
55.013888398925516,32.42464040878339,1.0,27.32884658064516,75.0,1.0,0.0,71.81086504260622,2.968822655605164,31.0,2,5.0,9.0,7.426970673782812,5.143586817968687,1.0,129.0,2.0,4.0,4.0,0.06,0.0,1.775,57.55373672559051,98.43085700000002,8.414254071252504,0.8359628319740295,0.21378539572460376,24.84032968457048
16.025520781101548,6.139940895620516,1.0,27.32884658064516,12.0,1.0,0.0,56.36797092640737,2.3738831554011393,24.0,2,2.0,9.0,9.88510724682832,4.250866470089846,1.0,75.0,0.0,4.0,4.0,0.06,0.0,1.775,12.71713248460095,102.92369800000002,6.199406655723737,1.0875015258789062,0.17084318153533676,1000000.0
0.0,5.89537910878307,1.0,27.32884658064516,0.0,0.0,0.0,46.53507327377163,0.9015994436622077,4.0,2,3.0,20.0,4.832224168649506,0.0,1.0,49.0,3.0,3.0,4.0,0.06,2.0,1.775,10.46429791808995,101.995158,7.2381797308349265,0.6138445138931274,0.1478160188310261,25.857695066792257
6.047582076934687,5.645490843036816,2.0,27.32884658064516,65.0,0.0,680.0,73.27828140651107,2.1862665520816305,30.0,2,8.0,13.0,4.5833838231333575,1.7942985298791425,1.0,74.0,14.0,9.0,4.0,0.06,1.0,1.775,10.020746246390347,98.20636499999999,7.584243868188251,1.0604002475738525,0.1723418184246549,28.276058204274186
9.958153487065786,5.029088210987163,1.0,27.328846580645163,48.0,1.0,624.0,62.94932298732459,0.0186347376110374,25.0,2,10.0,23.0,6.765864425435714,0.21294350148513363,1.0,70.0,3.0,5.0,4.0,0.06,1.0,1.775,9.50506930248793,102.52937700000003,7.165520722572368,1.0235874652862549,0.14484768739088796,1000000.0
25.761011399750803,6.9418190529727015,1.0,27.32884658064516,21.0,0.0,0.0,71.60520855620027,2.418635878405242,12.0,2,15.0,23.0,10.36889339998752,0.09117827988747162,1.0,31.0,3.0,0.0,4.0,0.06,0.0,1.775,12.321728819026545,100.62831300000002,3.8915760311476744,1.1006258726119995,0.16840158948730535,25.05810927186606
10.920322063644647,5.732898670841844,1.0,28.129719799486026,24.0,1.0,435.0,72.79960139544589,5.480483667691537,6.0,2,9.0,17.0,8.101798160270427,0.1866646196191557,1.0,55.0,0.0,0.0,4.0,0.06,1.0,1.775,10.175895140744272,99.70677099999999,1.2781960529856748,1.4208359718322754,0.16266266511188968,23.32472777198825
52.13884855077127,5.92851021995296,1.0,27.32884658064516,56.0,0.0,1326.0,70.48897082603706,4.553334109903947,25.0,2,2.0,27.0,6.9986106503162695,3.6341866943211287,1.0,69.0,3.0,5.0,4.0,0.06,1.0,1.775,10.523105640416503,100.12739799999997,9.166286590819045,1.1864420175552368,0.1567614226260772,27.161864820061375
16.02157522813839,5.596183208214769,2.0,27.32884658064516,5.0,0.0,836.0,84.01055538411192,2.925245218142536,30.0,2,5.0,27.0,9.241107688821872,6.596550962388209,1.0,38.0,3.0,4.0,4.0,0.06,1.0,1.775,9.933225194581214,102.41767700000003,9.166286590819045,1.014717698097229,0.1604942373250882,25.02945857846603
53.18209170962431,5.0251638823370035,1.0,27.32884658064516,32.0,0.0,1285.0,74.6196129125267,8.673445021495061,35.0,2,15.0,7.0,6.89697201895002,7.838954201891593,1.0,34.0,3.0,0.0,4.0,0.06,1.0,1.775,8.919665891148181,99.70416500000003,2.586356721565104,1.2892546653747559,0.1521791931087707,26.05423835776135
14.3284336272502,45.03763114623102,2.0,27.328846580645163,42.0,0.0,846.0,71.03026485284265,0.17247641407360173,13.0,2,8.0,8.0,6.923980978939969,4.412566262285118,1.0,133.0,3.0,4.0,4.0,0.06,1.0,1.775,79.94179528456006,98.64950300000001,8.414254071252504,0.8524119257926941,0.16331109773610217,24.620738623058802
0.0,7.022321158309311,2.0,27.328846580645163,0.0,1.0,0.0,43.992925508948694,0.515019764453426,6.0,2,8.0,12.0,11.57664842941636,0.0,1.0,127.0,3.0,0.0,4.0,0.06,2.0,1.775,12.464620055999028,100.90937800000002,3.5386623363456415,0.5469748973846436,0.14134495598748234,22.072146255151008
0.0,6.1680074685406066,1.0,27.32884658064516,0.0,1.0,0.0,67.4301628605871,4.483462840739031,33.0,2,0.0,14.0,4.545924676157207,0.0,1.0,130.0,5.0,3.0,4.0,0.06,2.0,1.775,10.948213256659576,98.861713,7.2381797308349265,0.5059667825698853,0.16079027975921587,23.400449607785557
35.05630589833328,45.17851542164346,0.0,27.32884658064516,27.0,1.0,412.0,77.1317337181026,0.026328642145177942,23.0,2,7.0,8.0,11.411240393892898,9.675044204240958,1.0,33.0,2.0,2.0,4.0,0.06,1.0,1.775,80.19186487341715,98.48943700000001,8.414254071252504,0.8759008646011353,0.21147636786042548,25.5064159961678
0.0,6.11007465344254,1.0,27.32884658064516,0.0,0.0,0.0,80.32854989111131,6.899686075161301,28.0,2,7.0,12.0,10.42715278424629,0.0,1.0,132.0,2.0,2.0,4.0,0.06,2.0,1.775,10.845382509860508,99.62122800000002,7.205353853204911,0.5750149488449097,0.15250574749903512,19.492531706500692
0.0,6.457507569053572,0.0,27.32884658064516,0.0,1.0,0.0,78.95399311690497,2.4075611631342797,36.0,2,12.0,19.0,6.962812416016543,0.0,1.0,33.0,0.0,4.0,4.0,0.06,2.0,1.775,11.46207593507009,102.55757299999999,5.437692248469117,0.6026800274848938,0.16385908497116222,26.335107903755485
0.0,6.356380914469714,2.0,27.32884658064516,0.0,1.0,0.0,71.39868626906258,0.36452039076358966,38.0,2,11.0,9.0,6.084589062411153,0.0,1.0,113.0,2.0,3.0,4.0,0.06,2.0,1.775,11.282576123183741,101.24367700000002,7.2381797308349265,0.5686687231063843,0.1605867336951736,21.450642298751287
1.99017225070025,42.97586459101678,1.0,27.328846580645163,0.0,1.0,0.0,81.15544993882341,2.8401075979159374,36.0,2,13.0,7.0,6.480567707570078,0.0,1.0,122.0,0.0,2.0,4.0,0.06,2.0,1.775,76.28215964905476,98.640677,5.616751318020775,1.031708836555481,0.18199874316024117,1000000.0
53.8044518091593,5.955093465214397,0.0,27.328846580645163,23.0,1.0,0.0,58.34408423988108,0.9207641196199812,19.0,2,5.0,20.0,6.407602450286291,2.8735009065055817,1.0,48.0,3.0,2.0,4.0,0.06,0.0,1.775,11.081295927225392,103.30512000000003,8.041460946155025,1.0504831075668335,0.19364532001334592,1000000.0
0.0,5.82631371555644,1.0,27.32884658064516,0.0,1.0,0.0,61.71486011851084,6.966127966833195,23.0,2,15.0,20.0,5.581071830731543,0.0,1.0,88.0,0.0,4.0,4.0,0.06,2.0,1.775,10.34170684511268,100.60535399999998,5.404866370839101,0.5759437680244446,0.16372418876390438,22.334958043245113
0.0,6.226428043108024,1.0,27.32884658064516,0.0,0.0,0.0,52.43162198124294,2.406891890327757,12.0,2,9.0,17.0,11.425589390835546,0.0,1.0,25.0,0.0,3.0,4.0,0.06,2.0,1.775,11.051909776516743,103.197537,5.437692248469117,0.7640261650085449,0.15049301228320167,26.692522523682623
34.00252119440603,6.048733491077933,0.0,27.32884658064516,63.0,1.0,0.0,63.68449010166536,2.4291162435007747,7.0,2,0.0,19.0,9.450001585445648,7.572504208204458,1.0,105.0,4.0,3.0,4.0,0.06,0.0,1.775,10.736501946663331,103.12238700000002,8.041460946155025,1.0601954460144043,0.17579436300617654,26.400256482126707
59.887998247494295,6.038361882711606,0.0,27.32884658064516,3.0,1.0,1244.0,82.84791486274858,0.7088195973440192,18.0,2,2.0,13.0,8.76764611055756,9.322381508593589,1.0,131.0,4.0,2.0,4.0,0.06,1.0,1.775,10.7180923418131,103.28236600000002,8.041460946155025,1.015243411064148,0.1723732533196472,24.3217156983555
28.297494655074562,35.51226828099699,2.0,27.32884658064516,32.0,0.0,50.0,48.26603364556031,2.8427966921501056,33.0,2,2.0,7.0,5.765611573316251,4.8682914318101105,1.0,58.0,4.0,4.0,4.0,0.06,1.0,1.775,63.03427619876966,98.44919700000003,8.414254071252504,0.8203160762786865,0.20932036791588504,22.353105845181034
39.900064587578626,28.868770577580616,0.0,27.32884658064516,73.0,1.0,206.0,59.34510867427902,0.2754483914126202,22.0,2,2.0,24.0,5.668359200579275,9.664108876168005,1.0,120.0,3.0,4.0,4.0,0.06,1.0,1.775,51.24206777520559,98.58859400000001,9.62339648886894,0.8124161958694458,0.20176314926991112,26.95441039923802
2.042752382234909,5.805995523534183,1.0,27.32884658064516,59.0,1.0,0.0,54.94614627836177,6.760128524664234,7.0,2,15.0,26.0,6.402398354566374,4.538694566883262,1.0,59.0,5.0,4.0,4.0,0.06,0.0,1.775,10.305642054273175,98.412222,8.676243635222248,1.2054541110992432,0.18854282121209862,28.049540537754822
34.42791802781738,8.571329094817209,2.0,27.32884658064516,31.0,1.0,906.0,68.25301468255827,2.005230417608721,13.0,2,15.0,18.0,4.859510601609969,5.912804749807147,1.0,39.0,4.0,9.0,4.0,0.06,1.0,1.775,15.214109143300545,99.849864,8.744742887528107,0.996862530708313,0.15556332976477502,28.245069644504504
24.58026689518175,5.380332357223398,1.0,27.32884658064516,10.0,1.0,1392.0,44.96378332522615,6.567864198244515,16.0,2,6.0,5.0,12.002210919722932,5.105479006593915,1.0,59.0,4.0,5.0,4.0,0.06,1.0,1.775,9.550089934071531,100.107597,6.145431925262816,1.1816895008087158,0.15554591188242947,21.135862862131532
23.073518912100294,35.02886314739363,1.0,27.32884658064516,0.0,1.0,0.0,44.87401899474133,2.352733792401178,12.0,2,11.0,18.0,7.794629084291017,4.399381337242464,1.0,23.0,2.0,0.0,4.0,0.06,0.0,1.775,62.17623208662369,98.72589200000002,3.5676128753143557,0.9243506193161011,0.25083193366308437,27.513513743018443
0.0,4.914230448179301,1.0,27.32884658064516,0.0,1.0,0.0,52.26847275674812,9.224806977044132,13.0,2,0.0,19.0,6.712662492692168,0.0,1.0,39.0,3.0,2.0,4.0,0.06,2.0,1.775,8.722759045518258,100.15468400000002,5.661805062925004,0.4560547173023224,0.1380561828986377,25.113891703733596
0.5260756105316311,5.633054340833798,2.0,27.32884658064516,19.0,1.0,0.0,56.61523400659595,5.060075364625615,15.0,2,6.0,29.0,7.537681791478163,1.6194795934099304,1.0,24.0,4.0,5.0,4.0,0.06,0.0,1.775,9.998671454979991,99.236842,8.774021357944711,0.4277704954147339,0.18381223859349374,31.08459577892637
12.527156384721286,5.585002192982985,1.0,27.32884658064516,46.0,1.0,732.0,58.82308382147963,2.215997204341462,15.0,2,3.0,6.0,10.157216404215784,0.7521952108979484,1.0,95.0,3.0,5.0,4.0,0.06,1.0,1.775,9.913378892544799,103.33448100000004,8.041460946155025,1.0217549800872803,0.1409802536083629,24.94968873841123
52.78317935733202,6.228231858632485,1.0,27.32884658064516,3.0,0.0,864.0,51.81098724212614,2.344975600359343,6.0,2,0.0,2.0,6.078855247428507,2.7873245504323254,1.0,17.0,4.0,0.0,4.0,0.06,1.0,1.775,11.055111549072661,101.35841300000004,3.37965516947025,1.0433502197265625,0.1351990156797939,25.264127904898665
11.84755416910933,5.019953440408789,1.0,27.32884658064516,15.0,0.0,706.0,52.68986971182872,0.40329427240200394,24.0,2,7.0,0.0,10.452397870538384,5.68290860325614,1.0,34.0,0.0,4.0,4.0,0.06,1.0,1.775,8.910417356725599,100.08310800000002,4.198640787477053,1.1219885349273682,0.14045232894483548,25.619756638140444
0.03303223891266699,5.464286845434379,2.0,27.32884658064516,0.0,1.0,0.0,68.806117655724,5.545327459246632,22.0,2,9.0,6.0,10.11256887280771,0.0,1.0,67.0,3.0,3.0,4.0,0.06,2.0,1.775,10.088588252434946,100.40497,6.25522647710217,0.5416290163993835,0.2007751307080442,1000000.0
0.0,5.810605694418982,1.0,27.32884658064516,0.0,0.0,0.0,79.27609564952633,1.920840902606017,2.0,2,8.0,7.0,6.623275353927745,0.0,1.0,69.0,3.0,0.0,4.0,0.06,2.0,1.775,10.313825107593692,101.26489400000003,3.0404309515119916,0.5922475457191467,0.18547408657177816,18.518739605904358
15.8413757425946,4.975466919284923,0.0,27.32884658064516,44.0,1.0,1109.0,43.831457989078984,7.160699472368744,14.0,2,15.0,18.0,5.829221497213357,6.224950322915198,1.0,76.0,0.0,9.0,4.0,0.06,1.0,1.775,8.965382886940743,99.603573,4.165814909847037,1.2884210348129272,0.13626665218647027,1000000.0
40.2673567531116,5.033312627686,0.0,27.328846580645163,5.0,1.0,1072.0,71.06983670915417,0.683186832370245,38.0,2,11.0,8.0,6.8656100892420735,1.5252553103226474,1.0,112.0,0.0,5.0,4.0,0.06,1.0,1.775,14.857203505019655,102.39520700000003,4.198640787477053,1.1348427534103394,0.16183931229287676,1000000.0
15.43985491228714,27.8234159042646,0.0,27.32884658064516,58.0,1.0,0.0,83.03397062142403,1.908698851795323,11.0,2,9.0,10.0,10.38231655551618,3.9998490889651093,1.0,121.0,2.0,2.0,4.0,0.06,0.0,1.775,49.38656323006966,98.635889,8.414254071252504,0.8759008646011353,0.21966411405991265,22.535981314212393
14.35586721629143,5.794805061598023,0.0,27.32884658064516,19.0,1.0,925.0,77.01655916652024,3.140879286099142,25.0,2,13.0,3.0,7.178028047555362,8.421117690254912,1.0,20.0,5.0,4.0,4.0,0.06,1.0,1.775,10.28577898433649,98.907914,8.041460946155025,1.1869300603866577,0.16230489100967124,24.374391424999097
19.23445916425966,7.211625554241595,1.0,27.32884658064516,16.0,1.0,0.0,55.46334499463834,0.5040458786007629,17.0,2,7.0,9.0,7.676291735180126,9.971859471192309,1.0,31.0,0.0,2.0,4.0,0.06,0.0,1.775,12.80063535877883,101.535625,6.199406655723737,1.1658053398132324,0.18834333526362876,30.768007890838042
41.23465204454346,5.538662695484777,0.0,27.32884658064516,57.0,1.0,0.0,53.13420258046335,3.2871644319923967,25.0,2,0.0,7.0,9.72437071745188,8.195140903078295,1.0,100.0,3.0,9.0,4.0,0.06,0.0,1.775,9.831126284485478,100.86183199999999,6.634116492085515,1.1944653987884521,0.17882495367928453,25.68043240571534
20.18218271029966,17.325442659795506,0.0,27.347396073826392,13.0,1.0,336.0,49.2262662124308,0.4094538812387167,30.0,2,3.0,11.0,9.788976433486866,3.6745330475325133,1.0,40.0,4.0,3.0,4.0,0.06,1.0,1.775,30.752660721137023,99.06856700000002,8.414254071252504,0.9262492656707764,0.17556822876646774,29.68592880709234
1.7583153064606547,7.18406601177719,1.0,27.32884658064516,0.0,1.0,0.0,67.44826409396335,0.6500250839997745,12.0,2,6.0,21.0,11.341773922326361,0.0,1.0,31.0,0.0,3.0,4.0,0.06,2.0,1.775,12.751717170904513,102.17140699999999,7.02712856196805,1.2601683139801025,0.1936244871114668,27.169589114349744
20.568832506308336,5.518836315568157,1.0,27.32884658064516,67.0,1.0,0.0,51.23086412065114,3.452652424761154,2.0,2,9.0,2.0,9.764085615558146,8.438048445530589,1.0,90.0,3.0,2.0,4.0,0.06,0.0,1.775,9.795934460133477,100.97213400000003,6.634116492085515,1.2422547340393066,0.17276752573025603,21.516850297416084
50.2852082243522,5.10741248973282,1.0,27.32884658064516,0.0,1.0,1072.0,77.22614336351026,4.33498415196145,34.0,2,9.0,15.0,9.421642376607327,7.111094612018211,1.0,99.0,2.0,4.0,4.0,0.06,1.0,1.775,9.065657169275754,99.538985,5.596853217832556,1.1828867197036743,0.15828832496060227,23.149335999966556
4.4076839767883875,8.89513812858886,2.0,27.32884658064516,16.0,1.0,0.0,69.35774237635584,1.4540882374175779,17.0,2,6.0,9.0,10.624943882770287,9.267685572181456,1.0,25.0,0.0,5.0,4.0,0.06,0.0,1.775,15.788870178245226,99.06680700000001,5.94724013429638,1.1272417306900024,0.19398011661036008,29.85990180685474
36.91245466196315,5.02580167422209,0.0,27.32884658064516,77.0,1.0,159.0,46.929001964454656,2.5158345878017974,13.0,2,13.0,0.0,5.973452113561495,4.421111810266217,1.0,104.0,3.0,5.0,4.0,0.06,1.0,1.9463913529655552,9.326312031918508,102.27729100000005,1000000.0,1000000.0,1000000.0,1000000.0
29.2673778379851,35.19259952488561,0.0,27.32884658064516,29.0,1.0,0.0,56.410295338928904,1.6586338728467505,10.0,2,10.0,6.0,5.041565180953184,5.815589686012231,1.0,121.0,3.0,2.0,4.0,0.06,0.0,1.775,62.52770801740766,99.08118900000001,8.414254071252504,0.8844499588012695,0.26163574823275737,1000000.0
0.0,7.197610689733043,1.0,27.328846580645163,0.0,1.0,0.0,77.19661904947631,2.6373613918769276,33.0,2,13.0,13.0,9.164742718349864,0.0,1.0,98.0,2.0,5.0,4.0,0.06,2.0,1.775,12.775758974276151,99.87746299999999,7.736411115668578,0.5260794162750244,0.17091726811016672,20.510393750521768
45.8126369970002,5.864363529009532,2.0,27.32884658064516,74.0,1.0,77.0,60.11143232484068,5.254588268397498,36.0,2,7.0,22.0,7.1659224422594505,8.904685183999408,1.0,89.0,3.0,5.0,4.0,0.06,1.0,1.775,10.409245263991918,99.91397799999999,9.133460713189029,1.2168850898742676,0.1454980018444846,27.42652581704479
32.723655701616,5.82608738314585,1.0,27.32884658064516,26.0,1.0,0.0,57.55585355229131,2.293145773235471,28.0,2,8.0,22.0,5.7097203435553,1.8664579987037933,1.0,114.0,4.0,2.0,4.0,0.06,0.0,1.775,10.341305105083883,102.30391300000002,9.166286590819045,1.0504831075668335,0.1854937020665361,24.824830794593638
0.0,6.0468292680503435,0.0,27.32884658064516,0.0,1.0,0.0,56.528623891296135,2.8724948280715035,30.0,2,0.0,15.0,4.567735039619595,0.0,1.0,49.0,3.0,9.0,4.0,0.06,2.0,1.775,10.733121950789359,102.22607400000001,7.2381797308349265,0.44951263070106506,0.15812070927480418,25.85149420372912
0.0,5.923329237705717,2.0,28.82542375521127,0.0,1.0,0.0,51.70171252086526,0.48262628324245105,30.0,2,6.0,29.0,9.093875958679533,0.0,1.0,105.0,3.0,2.0,4.0,0.06,2.0,1.775,10.513909396927648,101.50045100000003,8.363005375498934,0.494466632604599,0.15445446668586757,23.381615151439238
47.291674553897025,38.95619953030879,1.0,27.86494456023882,7.0,1.0,0.0,69.59857882913741,2.3952173591710846,18.0,2,12.0,10.0,11.176928248093043,1.3231776311342935,1.0,27.0,3.0,2.0,4.0,0.06,0.0,1.775,69.1472541662981,98.94197700000001,8.414254071252504,0.8844499588012695,0.24566895926821108,27.274378700405773
54.947770441527204,5.959187693589192,0.0,27.32884658064516,19.0,1.0,974.0,52.22557586813452,6.638511692912122,34.0,2,15.0,7.0,7.741080257936273,9.345035236838116,1.0,36.0,5.0,3.0,4.0,0.06,1.0,1.775,10.577558156120816,99.456963,8.00863506852501,1.2535371780395508,0.15517533535827208,25.19586253762187
0.0,5.460969110970804,0.0,27.32884658064516,0.0,1.0,0.0,79.07290497578838,7.846616645859065,11.0,2,10.0,5.0,4.566125752447707,0.0,1.0,101.0,3.0,2.0,4.0,0.06,2.0,1.775,9.693220171973175,100.30999800000001,6.25522647710217,0.4806663990020752,0.1583327609013385,16.728971872971638
17.746483832232308,5.639670932748733,0.0,27.32884658064516,1.0,1.0,0.0,48.73443752263495,0.0742777803166561,31.0,2,8.0,11.0,7.216757783367225,2.0697116777573954,1.0,53.0,4.0,0.0,4.0,0.06,0.0,1.775,10.010415905629001,102.30610200000002,3.37965516947025,1.0806279182434082,0.19456436292787438,28.445343627429047
31.090925986783375,21.426829919645005,0.0,27.32884658064516,27.0,1.0,0.0,63.06888447943574,1.1556718250747966,25.0,2,11.0,9.0,11.320472679714719,3.7030138429971116,1.0,129.0,3.0,3.0,4.0,0.06,0.0,1.775,38.03262310736988,98.94197700000001,8.414254071252504,0.9294020533561707,0.24927941657255348,25.405934902201732
4.571496485246064,5.677762898000566,0.0,27.32884658064516,5.0,1.0,98.0,49.31447167660989,7.430820345969047,22.0,2,8.0,9.0,8.275679339465398,0.6335173138420758,1.0,23.0,2.0,4.0,4.0,0.06,1.0,1.775,10.078029143951005,100.18519800000001,7.551417990558235,1.21258544921875,0.17006676365511972,30.592572354849327
58.94904662933246,6.622316851651205,2.0,27.32884658064516,3.0,1.0,0.0,59.749093995668844,3.885283126416293,12.0,2,11.0,5.0,4.576104297846831,0.009192981354832375,1.0,28.0,3.0,2.0,4.0,0.06,0.0,1.775,12.437268242852866,100.102461,8.041460946155025,1.2425819635391235,0.14952020780503822,1000000.0
26.094288372467872,6.164016874422973,2.0,27.32884658064516,80.0,0.0,1005.0,60.26861634684215,1.9353295570059725,7.0,2,10.0,8.0,10.386707550540162,4.726201449630711,1.0,97.0,3.0,3.0,4.0,0.06,1.0,1.775,10.941129952100777,102.95146100000002,8.041460946155025,1.100559115409851,0.13325593188279208,25.752326879744967
0.0,5.657146814014654,2.0,27.32884658064516,0.0,1.0,0.0,53.79176370977068,1.291953872099516,34.0,2,5.0,17.0,10.27558759322469,0.0,1.0,33.0,2.0,2.0,4.0,0.06,2.0,1.775,10.04143559487601,102.12824900000001,7.2381797308349265,0.5211791396141052,0.14581520051026597,27.713196315419815
0.0,5.783228739524054,1.0,27.32884658064516,0.0,1.0,0.0,55.80614444388999,1.5184979822283295,12.0,2,6.0,20.0,11.536786751440667,0.0,1.0,77.0,2.0,9.0,4.0,0.06,2.0,1.775,10.265231012655194,101.66810600000002,7.2381797308349265,0.5122146606445312,0.15161264481616177,22.40957273517149
45.12776301081762,5.623933704285966,2.0,27.32884658064516,21.0,0.0,0.0,60.434184029042456,2.4804625631693717,10.0,2,15.0,10.0,11.272335652881196,8.222774758201849,1.0,51.0,2.0,2.0,4.0,0.06,0.0,1.775,9.982482325107588,102.81482200000002,8.041460946155025,1.0395687818527222,0.157071277322593,25.87713397163887
0.0,6.7808238879756955,1.0,27.32884658064516,0.0,0.0,0.0,45.177415822833304,1.322119126357446,21.0,2,0.0,14.0,5.143239494987497,0.0,1.0,95.0,2.0,5.0,4.0,0.06,2.0,1.775,12.035962401156858,100.454181,7.2381797308349265,0.5648879408836365,0.15735906870399669,23.64815814854296
0.0,6.270473720447841,2.0,27.32884658064516,0.0,0.0,0.0,50.27210948847432,7.448848365545563,10.0,2,3.0,15.0,7.560243083042273,0.0,1.0,20.0,4.0,5.0,4.0,0.06,2.0,1.775,11.130090853794917,99.627055,7.205353853204911,0.5018728971481323,0.12343107224706983,27.65680182883405
26.164886823923553,5.507881574817076,2.0,27.32884658064516,16.0,1.0,597.0,44.835811463515235,2.4302765757149833,12.0,2,8.0,1.0,5.1277542830212335,6.720721297134444,1.0,84.0,3.0,4.0,4.0,0.06,1.0,1.775,11.180693876773393,102.59903700000002,6.634116492085515,1.0099209547042847,0.13109508690482574,1000000.0
21.533113517612115,33.8564644680108,1.0,27.32884658064516,16.0,1.0,0.0,78.29854342749064,0.30317040512402804,2.0,2,7.0,15.0,11.401807286519915,9.504322709482338,1.0,62.0,4.0,3.0,4.0,0.06,0.0,1.775,60.09522443071916,98.85593600000001,8.414254071252504,0.9294020533561707,0.23312193473109494,20.973775644974776
20.398912295605406,5.755850600412218,0.0,27.32884658064516,31.0,1.0,613.0,81.78024367373325,0.8776279249511176,10.0,2,8.0,30.0,10.938166009933585,6.972546123411474,1.0,123.0,4.0,4.0,4.0,0.06,1.0,1.775,10.216634815731688,102.72781500000002,9.02936252715974,1.0099209547042847,0.17035442781972873,24.71613852700096
18.776036814845416,21.29889321869276,0.0,27.32884658064516,75.0,1.0,0.0,45.130572808617806,2.185757761319885,22.0,2,12.0,9.0,5.669588663851009,2.9128135613279227,1.0,126.0,3.0,2.0,4.0,0.06,0.0,1.775,37.80553546317965,98.94197700000001,8.414254071252504,0.8844499588012695,0.24196650484951548,28.672766638055
0.0,28.264569438801413,2.0,27.32884658064516,0.0,1.0,0.0,59.3436317399564,1.600025147363644,13.0,2,11.0,15.0,5.570997463054493,0.0,1.0,33.0,3.0,2.0,4.0,0.06,2.0,1.775,50.169610753872504,98.719981,7.6109728559324,0.4871998727321625,0.21351032801989445,23.514730930070304
32.03567227698487,5.703467927632596,1.0,27.32884658064516,12.0,0.0,0.0,77.56046829240208,1.7244331366593848,25.0,2,6.0,16.0,8.492500459532145,4.041330214341338,1.0,57.0,3.0,3.0,4.0,0.06,0.0,1.775,10.123655571547857,103.05575000000003,8.041460946155025,1.1002318859100342,0.19404308282871077,24.110903601295593
17.76939013208898,6.691648749217539,0.0,27.328846580645163,17.0,1.0,1273.0,76.71246566908272,0.32001039459682007,24.0,2,13.0,30.0,10.17718709610293,1.9564285982290266,1.0,77.0,0.0,0.0,4.0,0.06,1.0,1.775,12.590050905129395,100.948513,1.6747488838225262,1.2279281616210938,0.1775774548148585,1000000.0
44.107885030786754,7.703715719417311,0.0,27.32884658064516,1.0,1.0,0.0,46.72474769455445,1.2812977794698532,28.0,2,5.0,16.0,6.232040340515771,2.709869502657505,1.0,25.0,0.0,4.0,4.0,0.06,0.0,1.775,13.674095401965728,99.592872,6.199406655723737,1.1181269884109497,0.1939125671134268,31.07892064547188
17.025905367278757,7.057321640451198,1.0,27.32884658064516,12.0,1.0,1044.0,54.58575917941016,2.3520350749639505,2.0,2,1.0,25.0,5.989356903658807,1.5707410844310743,1.0,26.0,0.0,3.0,4.0,0.06,1.0,1.775,12.565481234675955,102.06045300000004,7.5209319942463795,1.180908441543579,0.16483087884349776,1000000.0
28.94880279106763,6.542882580738256,0.0,27.32884658064516,36.0,1.0,1034.0,57.72550931839716,2.6120238153771043,30.0,2,2.0,10.0,6.328688776807269,3.3879832914921404,1.0,43.0,0.0,0.0,4.0,0.06,1.0,1.775,11.613616580810405,101.90672600000002,1.3110219306156905,1.1982378959655762,0.14240817919210097,28.867928990240706
36.65500696883362,5.7075284714585255,2.0,27.32884658064516,15.0,1.0,482.0,68.6903553165742,9.562968484275816,38.0,2,2.0,13.0,11.083161525477209,9.105232238368332,1.0,108.0,0.0,5.0,4.0,0.06,1.0,1.775,10.130863036838882,99.64853900000001,6.166580778093722,1.315740704536438,0.1454787994788878,24.65745996774946
0.0,6.482503494497158,2.0,27.32884658064516,0.0,1.0,0.0,44.62038694925927,3.12024592188763,20.0,2,9.0,14.0,9.651513269161876,0.0,1.0,59.0,3.0,4.0,4.0,0.06,2.0,1.775,11.506443702732454,99.39581900000002,7.2381797308349265,0.4570198357105255,0.1566709788033983,24.564436662483818
0.0,5.649405545401289,1.0,27.32884658064516,0.0,0.0,0.0,82.01274706689756,1.324608605882488,20.0,2,12.0,18.0,10.768859953215081,0.0,1.0,50.0,3.0,5.0,4.0,0.06,2.0,1.775,10.027694843087287,102.11136300000003,7.2381797308349265,0.5474801659584045,0.17147726137221717,23.399221159549718
19.901409084798864,5.029857915824412,1.0,27.32884658064516,33.0,1.0,456.0,70.18997430745469,4.399503757534376,33.0,2,2.0,9.0,4.287441941141873,1.980152890887825,1.0,44.0,2.0,9.0,4.0,0.06,1.0,1.775,8.92799780058833,100.17458000000002,6.040695077908349,1.1859163045883179,0.16524258712479886,28.604323395215857
45.033061400463986,44.14409733483606,1.0,27.32884658064516,17.0,1.0,498.0,55.8807531064967,2.8424316415606743,14.0,2,3.0,25.0,9.316233264619568,9.388425483972318,1.0,17.0,2.0,2.0,4.0,0.06,1.0,1.775,78.35577276933401,98.28234400000001,9.62339648886894,0.8740683197975159,0.167741944972613,26.479766100760497
20.099434487606732,6.130898991080374,0.0,27.32884658064516,22.0,1.0,624.0,48.625666366936144,7.690212595553006,21.0,2,12.0,12.0,6.907006814976035,2.242713351348317,1.0,116.0,2.0,9.0,4.0,0.06,1.0,1.775,11.367224101988265,99.59182600000003,8.00863506852501,1.1859605312347412,0.15037033934014474,1000000.0
42.162934054868245,5.227864605214964,2.0,27.32884658064516,4.0,1.0,0.0,71.99356971598421,8.263215999893523,34.0,2,3.0,1.0,9.865167178725894,5.67437101614305,1.0,56.0,2.0,3.0,4.0,0.06,0.0,1.775,9.279459674256561,98.41637400000002,6.145431925262816,1.243155598640442,0.15614954144797333,21.053160676135747
1.6375545793379065,17.393586359574314,2.0,27.32884658064516,0.0,1.0,0.0,48.01142796524295,0.42561513554497155,6.0,2,1.0,9.0,5.171324943454227,0.0,1.0,126.0,4.0,4.0,4.0,0.06,2.0,1.775,30.873615788244408,99.15861200000003,7.513195133209936,0.8371010422706604,0.1625892162189224,21.12430831624007
5.954933831882318,6.9788218650021925,0.0,27.328846580645163,4.0,1.0,0.0,78.78684731638452,1.8274676396870313,11.0,2,3.0,21.0,9.191795430704257,7.344464133624468,1.0,26.0,3.0,3.0,4.0,0.06,0.0,1.775,15.784998859120002,103.02223800000002,9.170714543374368,1.133612036705017,0.2132821775870752,1000000.0
6.2290976810311705,5.074147429351836,1.0,27.32884658064516,34.0,0.0,96.0,51.916158802762794,2.2314291663523953,19.0,2,15.0,12.0,9.210689353405668,6.219734930000277,1.0,127.0,4.0,2.0,4.0,0.06,1.0,1.775,9.006611687099507,102.35914800000002,6.040695077908349,1.0669664144515991,0.13117099110066838,27.385938411029123
41.31789058583513,6.288531434351685,1.0,27.32884658064516,6.0,1.0,543.0,63.16585476188738,5.119700557656024,34.0,2,11.0,13.0,9.094483476162265,6.975646440768264,1.0,34.0,3.0,5.0,4.0,0.06,1.0,1.775,11.162143295974241,100.541307,8.00863506852501,1.2168850898742676,0.15130215761830818,29.07477155971538
34.10105695344775,6.102577615418627,1.0,27.328846580645163,49.0,1.0,219.0,74.1114213305323,6.5796586652386,34.0,2,8.0,5.0,9.892070464455308,5.055096830169951,1.0,77.0,3.0,4.0,4.0,0.06,1.0,1.775,10.832075267368063,101.21664000000001,8.00863506852501,1.1680231094360352,0.16786829352166588,21.53975165124751
56.364943120382165,6.1082736928684005,2.0,27.94936809772546,12.0,0.0,0.0,71.25217136157947,1.3006280478965582,24.0,2,15.0,13.0,10.151142527470721,9.960562884114863,1.0,38.0,0.0,4.0,4.0,0.06,0.0,1.775,10.84218580484141,102.39317000000001,6.199406655723737,1.1219885349273682,0.1794930375704417,27.7767613776062
27.91772718480582,5.841235402097192,2.0,27.328846580645163,10.0,1.0,986.0,55.590859347594616,5.195861004106001,21.0,2,1.0,17.0,6.663871097433425,0.46846177058053606,1.0,49.0,5.0,3.0,4.0,0.06,1.0,1.775,10.368192838722516,99.43060299999998,8.00863506852501,1.2534929513931274,0.12779436212315012,26.68681776990043
0.0,5.519345427653751,0.0,27.32884658064516,0.0,1.0,0.0,69.82499324904063,5.670265800549352,2.0,2,8.0,13.0,5.148643039663165,0.0,1.0,85.0,0.0,4.0,4.0,0.06,2.0,1.775,9.796838134085407,100.506977,4.4547389947363625,0.6026800274848938,0.19449315684227422,21.25108666418412
12.599248002518326,7.431490891203103,0.0,27.32884658064516,16.0,1.0,0.0,46.60385272904158,2.5636372204619366,27.0,2,11.0,6.0,10.8852987351423,7.2640126748999805,1.0,22.0,3.0,4.0,4.0,0.06,0.0,1.775,13.190896331885506,100.59739800000003,8.53969233098868,1.0123381614685059,0.19300626909124455,28.816032892343216
29.22745847018303,8.225696778043837,1.0,27.32884658064516,58.0,1.0,288.0,47.7365178404159,2.410335642863395,27.0,2,11.0,23.0,6.593256993944095,6.394009034137014,1.0,84.0,4.0,5.0,4.0,0.06,1.0,1.775,14.600611781027808,99.15105200000002,9.953885305144542,0.99205482006073,0.14974215648143596,28.301102728764103
0.0,4.892483189120654,2.0,27.328846580645163,0.0,1.0,0.0,71.63310751029323,1.5069568652036114,23.0,2,7.0,9.0,7.7498180998207005,0.0,1.0,96.0,4.0,3.0,4.0,0.06,2.0,1.775,8.68415766068916,102.37842400000001,5.69463094055502,0.5453169345855713,0.18331226665076295,21.15901954023053
43.551044516060514,5.374306897565629,0.0,27.32884658064516,35.0,1.0,0.0,61.597347406077546,9.174059184299287,4.0,2,2.0,17.0,4.513720243269742,0.14199566468648617,1.0,111.0,4.0,3.0,4.0,0.06,0.0,1.775,9.53939474317899,99.18267400000002,6.145431925262816,1.2707834243774414,0.13620111939682472,24.406698783026116
53.92692548364374,6.175440851043861,1.0,27.328846580645163,5.0,0.0,764.0,78.16882428298587,0.5036950511101845,12.0,2,3.0,5.0,6.9569270590480805,0.6046851276011667,1.0,110.0,4.0,2.0,4.0,0.06,1.0,1.775,12.656520362199828,103.23802800000001,8.041460946155025,1.0466126203536987,0.1494435046945501,1000000.0
41.299335737418886,6.417306939000591,1.0,27.32884658064516,81.0,1.0,461.0,66.24519849012106,2.3150895558293314,33.0,2,10.0,4.0,9.994216443357548,2.3547845829968805,1.0,122.0,3.0,5.0,4.0,0.06,1.0,1.775,11.39071981672605,101.34193200000001,8.041460946155025,1.0235874652862549,0.1550130461672444,23.540366557812344
6.80257361573646,22.314035470190966,0.0,27.32884658064516,79.0,1.0,572.0,48.634993546229474,2.382598975600605,11.0,2,2.0,15.0,8.96272325386068,7.032439413162242,1.0,90.0,3.0,0.0,4.0,0.06,1.0,1.775,39.60741295958896,98.58985800000002,3.0901806600615203,0.9312341213226318,0.1594945208218718,27.434081365752256
15.219186671249432,6.963297037027727,0.0,27.32884658064516,59.0,1.0,702.0,51.60088529341574,2.63740907630039,19.0,2,6.0,4.0,4.301417684202615,9.18274253442235,1.0,66.0,3.0,2.0,4.0,0.06,1.0,1.775,12.359852240724216,101.49160400000002,8.53969233098868,1.0728464126586914,0.14407541113272024,24.18406897459967
45.42224418039964,26.661904725687634,0.0,27.328846580645163,11.0,1.0,36.0,51.47245085170275,1.4261982707610787,37.0,2,12.0,16.0,4.655048396715669,6.841656237028582,1.0,19.0,3.0,4.0,4.0,0.06,1.0,1.775,47.32488088809555,98.88774700000002,8.414254071252504,0.8282234072685242,0.21624043155453912,27.553385240948074
39.03130847145625,5.956239368715087,0.0,27.32884658064516,10.0,1.0,563.0,65.12877120455931,3.0835579751318685,19.0,2,6.0,15.0,9.541711067744838,8.42810192452884,1.0,115.0,2.0,2.0,4.0,0.06,1.0,1.775,10.57232487946928,100.58229899999998,8.041460946155025,1.2337056398391724,0.14354544037224176,25.551490643965284
0.0,5.587746946264023,2.0,27.32884658064516,0.0,1.0,0.0,70.88307449252675,0.8020958182455908,27.0,2,11.0,23.0,10.634226443048622,0.0,1.0,51.0,0.0,4.0,4.0,0.06,2.0,1.775,9.91825082961864,101.975357,6.759217586991761,0.6026800274848938,0.18449239913308868,25.45483382150514
3.3096325747347093,22.557615131199324,2.0,27.32884658064516,12.0,1.0,530.0,43.93902314150778,2.9765906661431307,2.0,2,9.0,18.0,10.688834508111785,7.7680231846001035,1.0,87.0,3.0,3.0,4.0,0.06,1.0,1.775,40.039766857878796,98.92706400000002,7.957036993285723,0.9337019920349121,0.162610354812222,21.66990094289292
59.83762091993697,5.603900337679944,1.0,27.98171806656011,63.0,0.0,0.0,45.878383146690915,7.3298442576224865,34.0,2,1.0,29.0,11.71222929661348,4.931087436478448,1.0,109.0,3.0,4.0,4.0,0.06,0.0,1.775,9.9469230993819,99.91664999999999,9.133460713189029,1.1452699899673462,0.16462859475066857,26.259845024598228
59.253877862529194,5.8637182775198,2.0,27.32884658064516,35.0,1.0,0.0,43.50526166093402,0.8472245543756618,36.0,2,1.0,3.0,5.161660296655933,7.5238914948770566,1.0,76.0,4.0,0.0,4.0,0.06,0.0,1.775,10.408099942597644,101.74585200000003,3.37965516947025,1.0453882217407227,0.15816084847601056,23.622174169013746
26.289857154481954,6.898560129017975,0.0,27.328846580645163,51.0,1.0,1175.0,79.28047474515165,4.817119374201585,35.0,2,2.0,13.0,4.947512343194369,0.1627128723033,1.0,100.0,4.0,9.0,4.0,0.06,1.0,1.775,15.3974420863984,99.48441999999999,8.53969233098868,1.2165014743804932,0.1549213664573048,1000000.0
41.01713957133831,7.129235567726864,0.0,27.328846580645163,22.0,1.0,1225.0,78.522714306576,0.2301589210096322,10.0,2,1.0,4.0,10.670948273722406,7.791713938312478,1.0,82.0,4.0,2.0,4.0,0.06,1.0,1.1216362686841777,13.523287314183314,101.39463500000002,1000000.0,1000000.0,1000000.0,1000000.0
0.0,5.104487167985667,1.0,27.32884658064516,0.0,1.0,0.0,75.03253838252591,1.0170594950083804,25.0,2,7.0,28.0,10.698646358818195,0.0,1.0,83.0,3.0,9.0,4.0,0.06,2.0,1.775,9.060464723174558,100.378003,6.819456585219039,0.48918986320495605,0.18436086071811272,22.75884911193232
55.69632349773287,35.259876361628336,1.0,27.32884658064516,14.0,1.0,0.0,62.3818259348968,0.668731274612383,12.0,2,1.0,10.0,9.235193518196649,2.6927246199649035,1.0,21.0,4.0,2.0,4.0,0.06,0.0,1.775,62.5862805418903,99.14846900000002,8.414254071252504,0.8523542284965515,0.2588889630545931,28.61952395581244
4.4016590562447995,7.562688396462309,0.0,27.32884658064516,73.0,1.0,977.0,52.729897221292205,2.6922706276287967,4.0,2,11.0,14.0,8.842728803178415,9.129400583452442,1.0,83.0,4.0,0.0,4.0,0.06,1.0,1.775,14.528324991963714,99.50437100000005,3.4206694763371237,1.1045068502426147,0.1416475593425761,1000000.0
0.0,5.483310267440602,2.0,27.32884658064516,0.0,0.0,0.0,70.89052094951757,2.674592733120101,13.0,2,6.0,10.0,4.372442288857714,0.0,1.0,102.0,4.0,4.0,4.0,0.06,2.0,1.775,10.384347065881398,102.32104700000002,6.288052354732185,0.5318179130554199,0.13089540354404122,1000000.0
0.400203141327138,6.800900522189077,0.0,27.32884658064516,0.0,1.0,0.0,66.74216605703515,2.146938866826942,24.0,2,8.0,18.0,8.88352137782801,0.0,1.0,19.0,5.0,3.0,4.0,0.06,2.0,1.775,12.071598426885611,99.64143000000001,7.2381797308349265,0.5477038621902466,0.15347796021449678,30.287920312035258
17.71045706126132,7.736885923563614,2.0,27.32884658064516,78.0,1.0,786.0,58.648784331894234,1.7406432952836925,18.0,2,3.0,31.0,9.94519124046917,3.0527786239260046,1.0,112.0,3.0,3.0,4.0,0.06,1.0,1.775,13.732972514325414,99.98977300000003,9.611910684945816,1.112635612487793,0.1335159856333028,27.080207113470514
24.413731866689734,5.009773844180067,0.0,27.32884658064516,21.0,1.0,0.0,80.27077776231529,5.506187778851524,25.0,2,6.0,24.0,6.103307713680091,7.69685442403656,1.0,41.0,3.0,3.0,4.0,0.06,0.0,1.775,8.89234857341962,100.32241599999999,7.132694844942352,1.288732647895813,0.20774632450233957,26.111045475010485
26.287835952702764,5.746281947926918,1.0,27.32884658064516,50.0,0.0,0.0,81.19330653293153,9.320167268658984,36.0,2,0.0,16.0,8.051175317167676,1.4445731605074208,1.0,67.0,4.0,4.0,4.0,0.06,0.0,1.775,10.199650457570279,100.211167,8.00863506852501,1.1900660991668701,0.17178324570541548,23.107553895577816
19.802833590179066,4.94627522107967,1.0,27.32884658064516,32.0,0.0,312.0,69.21788902926379,6.112332054054085,27.0,2,11.0,7.0,8.26639459498718,2.4012136354314393,1.0,44.0,2.0,9.0,4.0,0.06,1.0,1.775,8.779638517416414,99.79078000000001,6.007869200278333,1.2003769874572754,0.1552521529567683,26.24137435303628
15.230656167168135,23.165514477614284,0.0,27.32884658064516,33.0,1.0,0.0,72.54692501779121,1.943682957081544,18.0,2,0.0,20.0,9.608544774919284,7.174709243363249,1.0,83.0,4.0,4.0,4.0,0.06,0.0,1.775,41.118788197765355,99.03311700000002,8.414254071252504,0.8124161958694458,0.23134045228310937,25.054020031099608
37.668095865298255,5.6741812644448215,0.0,27.32884658064516,22.0,1.0,0.0,53.586133362052635,0.680411218392033,2.0,2,3.0,26.0,9.393952873697959,0.044938481498417726,1.0,56.0,4.0,0.0,4.0,0.06,0.0,1.775,10.071671744389558,102.10901500000004,3.3933446463140196,1.0787954330444336,0.16357284091648425,23.190452541200877
27.116033251306632,26.625746598779866,0.0,27.32884658064516,17.0,1.0,97.0,47.518271594433564,2.2724082066721274,33.0,2,6.0,5.0,7.505028949804681,9.876414843509849,1.0,123.0,3.0,4.0,4.0,0.06,1.0,1.775,48.12486242439047,98.977427,8.414254071252504,0.8445119261741638,0.2089740144081278,1000000.0
57.06400142125434,5.388182784833536,1.0,27.32884658064516,3.0,0.0,0.0,60.72907410572077,0.8685688617243692,12.0,2,10.0,28.0,11.90323526807979,2.8923106866118053,1.0,22.0,0.0,0.0,4.0,0.06,0.0,1.775,9.564024443079527,101.03732700000002,0.8985012560274359,1.2266991138458252,0.17889691788901527,30.916680221338897
5.1772563089180395,6.308646248592408,1.0,27.32884658064516,25.0,1.0,107.0,54.123702118385594,3.1517951614005915,35.0,2,11.0,8.0,4.689419794157037,3.1181559426389005,1.0,45.0,2.0,0.0,4.0,0.06,1.0,1.775,11.872694731030599,100.258387,2.922438091503475,1.3049869537353516,0.1419704916060448,1000000.0
18.082787348786837,5.224033297340926,1.0,27.328846580645166,64.0,1.0,852.0,58.27726625160875,3.633251470732559,10.0,2,6.0,2.0,4.5593961565387096,1.7021890993699829,1.0,94.0,5.0,5.0,4.0,0.06,1.0,1.775,9.272659102780143,98.65651299999999,6.178257802892832,1.2168850898742676,0.15235765875978005,23.736821068640527
0.0,17.07725510444315,1.0,27.32884658064516,0.0,0.0,0.0,82.32014270073444,0.20298735158947037,14.0,2,12.0,17.0,7.4159256473888355,0.0,1.0,68.0,0.0,3.0,4.0,0.06,2.0,1.775,30.31212781038659,97.95453900000001,5.312253988732936,0.9664787650108337,0.15938081794689962,19.30207411129367
11.238196816225932,5.340157520743094,1.0,27.32884658064516,4.0,0.0,850.0,58.02302647806849,6.299462222626806,19.0,2,8.0,22.0,8.871144857173174,5.107988380745177,1.0,13.0,2.0,3.0,4.0,0.06,1.0,1.775,9.47877959931899,99.20058499999999,7.552261711412047,1.243116021156311,0.14714039650802557,29.811017292051304
31.93569194911013,17.182432822493908,2.0,27.32884658064516,41.0,1.0,0.0,70.43279971961383,0.3041601610683142,16.0,2,3.0,6.0,8.96567713838714,5.268316872152555,1.0,130.0,2.0,4.0,4.0,0.06,0.0,1.775,30.498818259926686,98.715547,8.414254071252504,0.8328101634979248,0.19780337105179915,25.064724247711204
0.0,6.062277271773539,1.0,27.328846580645163,0.0,1.0,0.0,60.47640552353115,6.901145896783074,25.0,2,9.0,7.0,4.380684755430014,0.0,1.0,61.0,0.0,5.0,4.0,0.06,2.0,1.7465797647011754,14.107708904227021,100.61137799999999,1000000.0,1000000.0,1000000.0,1000000.0
57.104478448870125,5.473835377962987,2.0,27.32884658064516,25.0,1.0,725.0,43.482028527748156,0.5237548569904797,14.0,2,3.0,2.0,7.691003891859702,5.742707898191609,1.0,60.0,2.0,4.0,4.0,0.06,1.0,1.775,9.936769908322724,102.31668700000002,6.634116492085515,0.9995395541191101,0.13636647395668794,1000000.0
0.0,4.971922491150877,1.0,27.328846580645163,0.0,0.0,0.0,50.61913433463274,0.9743202927331589,2.0,2,9.0,20.0,9.3855461625297,0.0,1.0,101.0,2.0,2.0,4.0,0.06,2.0,1.775,11.062790668477762,101.56251700000003,5.69463094055502,0.5925030708312988,0.14155631376704855,1000000.0
33.46614374160712,32.0465184617418,0.0,27.32884658064516,47.0,1.0,921.0,63.10030747361881,0.10205724402434946,28.0,2,11.0,8.0,10.365729402872002,9.490974883386103,1.0,81.0,3.0,4.0,4.0,0.06,1.0,1.775,56.88257026959169,98.977427,8.414254071252504,0.8445119261741638,0.1668686022817634,26.307140209314603
48.0467166233066,7.492168096358076,0.0,27.32884658064516,62.0,1.0,536.0,55.36852323635474,0.6532738709190722,19.0,2,11.0,25.0,8.778926525227305,3.597317387019298,1.0,65.0,3.0,2.0,4.0,0.06,1.0,1.775,13.298598371035583,100.026825,9.748834748605116,1.0695160627365112,0.1461646455927462,29.645489768526726
0.0,7.56947567287116,0.0,27.32884658064516,0.0,1.0,0.0,83.56417608986905,1.1971928503624185,11.0,2,13.0,19.0,4.8447915378147,0.0,1.0,31.0,0.0,5.0,4.0,0.06,2.0,1.775,13.435819319346308,100.07695600000001,5.437692248469117,0.6311012506484985,0.18204327478692792,26.529273804227287
15.490270469532469,19.978883693306496,2.0,27.32884658064516,67.0,0.0,416.0,67.6455476026019,2.0124851310129133,23.0,2,10.0,8.0,10.578036114778477,1.7565542583047977,1.0,105.0,4.0,3.0,4.0,0.06,1.0,1.775,34.327951342023006,98.16450700000001,8.414254071252504,0.9373019337654114,0.16792159994239084,1000000.0
0.0,7.968241110298966,0.0,27.32884658064516,0.0,1.0,0.0,52.869155448366925,1.5139078286827932,31.0,2,2.0,28.0,6.677786922716135,0.0,1.0,66.0,0.0,3.0,4.0,0.06,2.0,1.775,14.143627970780665,98.963208,7.048584916483603,0.663885235786438,0.16759302889786323,24.274250484006146
19.620808740818152,5.24010741627707,2.0,27.32884658064516,36.0,0.0,0.0,74.04324212266079,1.7422448450630954,35.0,2,5.0,28.0,9.874201701301276,1.8166445750650284,1.0,132.0,3.0,3.0,4.0,0.06,0.0,1.775,9.301190663891798,101.87643700000002,7.303083447556852,1.1002318859100342,0.16283882702960512,24.24219150758735
22.07581069543146,5.529971135463811,1.0,27.32884658064516,31.0,1.0,0.0,62.079936760019415,3.5084289047622743,36.0,2,0.0,30.0,5.2618848638456726,8.894338651814444,1.0,103.0,0.0,4.0,4.0,0.06,0.0,1.775,9.815698765448264,99.67691299999997,6.09367985086852,1.2807990312576294,0.17459639664706023,25.97297618430808
32.165236811412925,5.292680683095295,2.0,27.32884658064516,10.0,1.0,824.0,60.7211966011765,7.881724201257583,20.0,2,15.0,27.0,5.355878392455903,1.2452264965891902,1.0,58.0,4.0,2.0,4.0,0.06,1.0,1.775,9.394508212494149,98.90520599999999,7.270257569926836,1.2166789770126343,0.13842311078055708,25.544225206721613
3.7794138610063155,5.1614227833247615,2.0,27.32884658064516,84.0,1.0,0.0,53.51268853086553,8.331729656804697,23.0,2,11.0,9.0,8.669381724425476,3.499052336255233,1.0,95.0,4.0,3.0,4.0,0.06,0.0,1.775,9.161525440401451,100.09461300000002,6.007869200278333,1.2698322534561157,0.16632308447788657,27.645390790759375
59.64888360764477,16.54256969293997,0.0,27.32884658064516,36.0,1.0,0.0,78.15234314943888,0.6384054292730479,10.0,2,2.0,7.0,7.1812357339888555,1.235658556694389,1.0,57.0,3.0,2.0,4.0,0.06,0.0,1.775,30.50240617291701,99.365879,8.414254071252504,0.8510339856147766,0.2335936253846333,1000000.0
32.247154958217955,5.210606796920563,1.0,27.32884658064516,33.0,1.0,613.0,80.67315609919748,2.7031378683237506,20.0,2,13.0,28.0,5.915326045683488,0.8026033995431947,1.0,117.0,4.0,3.0,4.0,0.06,1.0,1.775,9.248827064533998,101.83357300000003,7.165520722572368,1.0954351425170898,0.16382932974397532,23.774455954972446
0.0,6.179620543508569,1.0,27.32884658064516,0.0,0.0,0.0,84.05037521753914,0.47237325482790804,35.0,2,15.0,2.0,7.148958919324469,0.0,1.0,124.0,0.0,3.0,4.0,0.06,2.0,1.775,10.968826464727709,99.97197700000001,5.437692248469117,0.7640261650085449,0.14282196480537673,14.972001292166452
6.616093355458101,7.342840156369125,0.0,27.32884658064516,27.0,1.0,0.0,54.50226322893453,1.7433260979454088,12.0,2,10.0,23.0,10.957864857348392,9.544004857156294,1.0,99.0,2.0,4.0,4.0,0.06,0.0,1.775,13.033541277555196,100.61664200000001,9.291617670638338,1.077034592628479,0.1730692169063258,24.998048431121372
53.346514887170656,6.266822706495775,1.0,27.32884658064516,8.0,1.0,751.0,73.89843482688045,1.8839328757060727,19.0,2,12.0,15.0,9.111603823516726,1.2957812047478223,1.0,102.0,2.0,5.0,4.0,0.06,1.0,1.775,11.12361030403,102.47269700000003,8.041460946155025,1.0150384902954102,0.166157301723542,24.849459755624935
13.330012760197995,6.170245774893942,2.0,27.328846580645163,41.0,0.0,1105.0,43.80732951499904,6.097467656321655,24.0,2,13.0,17.0,10.634107968212522,3.400689670269048,1.0,117.0,3.0,0.0,4.0,0.06,1.0,1.775,10.952186250436746,100.077946,3.3468292918402343,1.2447857856750488,0.13396631266790876,26.656675795723412
23.119943628781165,5.470167705222145,2.0,27.32884658064516,13.0,0.0,1003.0,67.56901430909758,2.742329246510653,11.0,2,1.0,7.0,11.216934812642101,3.935816922112214,1.0,27.0,3.0,0.0,4.0,0.06,1.0,1.775,9.709547676769306,102.90958800000003,2.7567453241796036,1.0430229902267456,0.14775508351349154,26.561186667757774
43.08095522666132,32.70025079130009,0.0,27.32884658064516,32.0,1.0,0.0,65.03423893681418,1.5203775717731403,14.0,2,6.0,16.0,4.93730950617716,8.495484924982927,1.0,117.0,4.0,2.0,4.0,0.06,0.0,1.775,58.042945154557664,98.74842700000004,8.414254071252504,0.8844499588012695,0.24606583611695101,24.79516309071372
51.752656625256385,5.149682280447671,1.0,27.32884658064516,20.0,0.0,0.0,80.03776859968436,0.05490849849979529,20.0,2,1.0,4.0,5.897001091477495,4.962013627282042,1.0,68.0,0.0,3.0,4.0,0.06,0.0,1.775,9.140686047794615,101.34234000000002,4.198640787477053,1.1824829578399658,0.1805037309130218,19.278275369175848
0.0,5.967144195244458,0.0,27.32884658064516,0.0,1.0,0.0,63.869107424804085,2.7456161659685243,28.0,2,1.0,20.0,7.015576981373625,0.0,1.0,28.0,0.0,5.0,4.0,0.06,2.0,1.775,12.112023388547293,103.25462900000001,5.437692248469117,0.5913352966308594,0.17314830783652735,1000000.0
46.88130770415561,6.5548248131097635,1.0,27.32884658064516,17.0,1.0,0.0,61.47251423460952,2.273250400417103,35.0,2,5.0,31.0,9.281449252422437,6.559565502777644,1.0,17.0,0.0,9.0,4.0,0.06,0.0,1.775,11.947784483524703,101.212669,7.501024304938036,1.1140304803848267,0.16883704870306807,1000000.0
0.0,5.5027977379089315,1.0,27.328846580645163,0.0,0.0,0.0,47.71552707140376,2.328762313315468,27.0,2,11.0,20.0,8.540207132248458,0.0,1.0,78.0,2.0,3.0,4.0,0.06,2.0,1.775,10.045549298788167,101.869809,6.288052354732185,0.6431394815444946,0.14732679536462168,1000000.0
32.795994232032626,6.095169096634493,0.0,27.32884658064516,2.0,1.0,0.0,46.591121509473304,0.5706328107129482,13.0,2,10.0,9.0,10.023916554461188,0.6870987461781741,1.0,19.0,2.0,0.0,4.0,0.06,0.0,1.775,10.818925146526224,102.27384200000002,3.37965516947025,1.072078824043274,0.19775025448215458,31.743574901599718
14.1054926374477,6.25260855103048,2.0,27.32884658064516,81.0,0.0,0.0,54.40574981352714,4.527463517860694,27.0,2,11.0,22.0,7.71120856119482,3.969118070786558,1.0,130.0,3.0,0.0,4.0,0.06,0.0,1.7749999999999997,12.433164982238385,99.41182899999998,1000000.0,1000000.0,1000000.0,1000000.0
14.837097632577747,5.303129628565314,1.0,27.32884658064516,1.0,1.0,0.0,43.897878358844046,1.2517396953956106,21.0,2,10.0,5.0,10.403453085613904,0.6972573788984249,1.0,19.0,3.0,0.0,4.0,0.06,0.0,1.775,9.413055090703432,101.96439600000004,2.7567453241796036,1.0806279182434082,0.19522361961208298,27.228172487541613
15.616539121557064,4.988076094898747,1.0,27.32884658064516,4.0,1.0,22.0,54.483842532595844,0.33316836181218235,20.0,2,5.0,8.0,6.2290013679504295,0.43549140711720113,1.0,25.0,0.0,0.0,4.0,0.06,1.0,1.775,9.463265571697033,102.39882700000004,0.550549360340558,1.2290643453598022,0.15505381943156998,1000000.0
3.0642785662559713,6.603274461056959,2.0,27.328846580645163,77.0,0.0,19.0,73.87455320826189,0.26215134290593856,14.0,2,2.0,15.0,5.9006946708160015,4.449697075142375,1.0,127.0,0.0,5.0,4.0,0.06,1.0,1.775,11.720812168376101,101.83257700000001,5.742189577756956,1.1544941663742065,0.15351429675306316,25.197056509373624
0.0,5.041621658591044,0.0,27.32884658064516,0.0,1.0,0.0,57.335679917341096,1.151672784893526,2.0,2,12.0,24.0,8.94242003405762,0.0,1.0,14.0,4.0,3.0,4.0,0.06,2.0,1.775,8.948878443999103,99.58848300000004,7.10146072670425,0.5290282964706421,0.1656541021041343,27.325979060536774
51.663516180777776,7.902194840561922,2.0,27.32884658064516,4.0,0.0,0.0,72.89221652722458,2.9631592789892567,8.0,2,11.0,24.0,10.326564741062743,2.8668698980772076,1.0,46.0,2.0,4.0,4.0,0.06,0.0,1.775,14.026395841997411,98.18149100000002,9.953885305144542,1.0241574048995972,0.16987111928171472,24.132102226460585
34.712102401453635,6.980123968630147,0.0,27.32884658064516,7.0,1.0,675.0,81.49450570098215,0.04752864075612853,24.0,2,15.0,24.0,5.949826964494649,8.968875871694713,1.0,15.0,3.0,4.0,4.0,0.06,1.0,0.43359916644633706,13.322023277839154,101.45974900000002,1000000.0,1000000.0,1000000.0,1000000.0
0.0,19.492893830070535,0.0,27.32884658064516,0.0,1.0,0.0,46.15256727891383,1.0783819122854355,31.0,2,12.0,15.0,10.80900290249702,0.0,1.0,71.0,3.0,2.0,4.0,0.06,2.0,1.775,34.599886548375196,98.51494900000002,7.6109728559324,0.7175911068916321,0.20262308508923194,21.291066385694446
18.613731177119533,5.99981080158442,2.0,27.32884658064516,23.0,1.0,1201.0,43.83445240149789,2.842342364052702,28.0,2,8.0,27.0,7.216329330628335,4.810871937907333,1.0,43.0,5.0,5.0,4.0,0.06,1.0,1.775,10.649664172812345,100.60138100000002,9.166286590819045,1.0235874652862549,0.13838169269992665,26.88116592509933
0.0,7.178993355796791,0.0,27.32884658064516,0.0,1.0,0.0,45.565339422887924,1.008045437375048,28.0,2,8.0,11.0,10.966046973758633,0.0,1.0,79.0,0.0,3.0,4.0,0.06,2.0,1.775,12.742713206539303,101.51791399999998,5.437692248469117,0.6935865879058838,0.1788061103075731,24.074869562045933
0.0,23.598230626942104,2.0,27.32884658064516,0.0,1.0,0.0,61.835287909064576,1.0522547838247116,11.0,2,2.0,11.0,8.323984073022835,0.0,1.0,133.0,0.0,3.0,4.0,0.06,2.0,1.775,42.25922544137903,98.81483700000001,5.312253988732936,0.6339932084083557,0.1894410083229285,1000000.0
39.63583952050405,7.2130244055451325,2.0,27.32884658064516,12.0,0.0,0.0,61.61280599858388,0.12674379296959903,7.0,2,1.0,9.0,8.739645120629408,0.06957264845495081,1.0,86.0,3.0,2.0,4.0,0.06,0.0,1.775,12.803118319842609,101.35173800000001,8.53969233098868,1.0352414846420288,0.14895708213768188,23.289050627186384
48.03263024126017,6.740537139291974,2.0,27.32884658064516,29.0,0.0,1122.0,82.23092598034498,1.5185380841729001,16.0,2,3.0,9.0,11.779191638590774,6.548347089503225,1.0,50.0,3.0,0.0,4.0,0.06,1.0,1.775,11.964453422243254,101.41694400000002,3.37965516947025,1.098793387413025,0.15678906723553077,23.94543273665859
37.477208084005,7.054884175347382,1.0,27.32884658064516,34.0,0.0,1242.0,73.00111868174638,2.529859513173888,38.0,2,9.0,18.0,9.118985039587796,6.9991649436664,1.0,108.0,2.0,3.0,4.0,0.06,1.0,1.775,12.522419411241604,101.19884800000001,8.53969233098868,1.1140460968017578,0.1464891583438783,25.811222265461232
39.40277973507742,5.178705575810139,0.0,27.32884658064516,2.0,1.0,0.0,55.78549874168252,6.106857021785304,38.0,2,13.0,13.0,8.303097851514673,1.3869084991306435,1.0,43.0,3.0,4.0,4.0,0.06,0.0,1.775,9.192202397062996,100.69061000000002,6.007869200278333,1.177642822265625,0.17053805610192677,27.45537410928029
0.0,5.702996596827171,1.0,27.32884658064516,0.0,0.0,0.0,47.13539439875668,0.6689987550906751,36.0,2,15.0,17.0,7.366705002017662,0.0,1.0,41.0,0.0,4.0,4.0,0.06,2.0,1.775,10.122818959368228,102.922137,5.437692248469117,0.6774780750274658,0.1575613782987224,27.42504094858415
16.61054775536307,42.51370699241691,2.0,27.32884658064516,41.0,1.0,0.0,64.56421416233883,1.1515829253352394,6.0,2,0.0,12.0,11.324970003509826,3.3024499293833864,1.0,77.0,2.0,4.0,4.0,0.06,0.0,1.775,75.46182991154001,98.485156,8.414254071252504,0.8038671016693115,0.20501478719899066,24.008303250741452
39.45172708184832,7.079599176035505,1.0,27.32884658064516,6.0,0.0,0.0,54.544618455280755,0.2597174675657776,31.0,2,6.0,7.0,8.032284565026856,5.313635783723988,1.0,128.0,2.0,4.0,4.0,0.06,0.0,1.775,12.566288537463022,100.562197,8.53969233098868,1.0282047986984253,0.1805604188854787,23.10515155522315
3.6647838911927133,6.76702135701753,2.0,27.778969277692973,36.0,1.0,306.0,62.7376305437205,9.9258507187878,11.0,2,9.0,2.0,4.764978173954563,9.873460234025957,1.0,45.0,3.0,4.0,4.0,0.06,1.0,1.775,12.011462908706115,98.80770600000001,7.551417990558235,1.1960278749465942,0.12526130814553307,23.941239195711457
0.0,16.96573849795462,0.0,27.32884658064516,0.0,1.0,0.0,60.426090893627446,1.9394597046695494,16.0,2,2.0,5.0,11.703375110168214,0.0,1.0,87.0,3.0,3.0,4.0,0.06,2.0,1.775,30.114185833869453,98.719269,7.6109728559324,0.7319077253341675,0.2110088559585891,15.020913317603076
48.53008191725999,5.392459735975402,0.0,27.32884658064516,11.0,1.0,239.0,76.78879375406127,5.8834762505973295,11.0,2,9.0,27.0,12.028474164326111,6.764021425997319,1.0,120.0,4.0,2.0,4.0,0.06,1.0,1.775,9.571616031356339,99.576315,7.270257569926836,1.2422547340393066,0.18518953018790615,21.869252467931364
0.0,6.6773381754504015,0.0,27.32884658064516,0.0,1.0,0.0,43.79251871358992,2.538129160597078,15.0,2,12.0,29.0,11.626863900972747,0.0,1.0,76.0,2.0,0.0,4.0,0.06,2.0,1.775,11.812894000000933,99.621475,3.054120428355763,0.5516513586044312,0.1607811460755265,1000000.0
5.421244887088057,6.571436513790379,2.0,27.32884658064516,63.0,0.0,52.0,73.5236965602914,4.595545865921878,10.0,2,13.0,2.0,5.103157837375945,2.7773012686055933,1.0,66.0,4.0,3.0,4.0,0.06,1.0,1.775,11.664299811977923,99.98965900000003,7.584243868188251,1.2982016801834106,0.13842655111840296,23.09622610405662
26.58379940555816,8.62667632660916,1.0,27.32884658064516,26.0,1.0,274.0,48.579785842238266,0.6960980994486221,23.0,2,8.0,18.0,7.1747513612977105,6.2986741242425595,1.0,48.0,0.0,0.0,4.0,0.06,1.0,1.775,15.31235047973126,99.301716,1.3110219306156905,1.1662763357162476,0.16058731900442352,28.39571483496919
3.1086358421294187,5.574811542280327,1.0,27.328846580645163,2.0,1.0,0.0,60.23554742875092,1.0598502115936885,34.0,2,3.0,26.0,10.620898767217348,7.509936307242439,1.0,22.0,5.0,0.0,4.0,0.06,0.0,1.775,10.6600905155884,100.46372800000003,2.527531865401059,1.0825930833816528,0.18490729277325185,1000000.0
0.0,6.273282812154902,2.0,27.32884658064516,0.0,1.0,0.0,68.53193745897046,0.2801547895046342,13.0,2,2.0,5.0,6.927614914481087,0.0,1.0,123.0,2.0,0.0,4.0,0.06,2.0,2.291900757084242,11.396636204921641,102.264187,1000000.0,1000000.0,1000000.0,1000000.0
0.36017007658269745,5.6594193317771815,0.0,27.32884658064516,0.0,1.0,0.0,46.01148433564982,0.8110055736012234,14.0,2,11.0,27.0,11.309569884524006,0.0,1.0,52.0,3.0,4.0,4.0,0.06,2.0,1.775,9.387849658813986,101.50045100000003,8.363005375498934,0.4570198357105255,0.16579512150025788,1000000.0
10.75224422785678,16.427264671607386,0.0,27.32884658064516,61.0,1.0,858.0,73.22373777762738,0.244307763354554,12.0,2,1.0,15.0,5.411355964829273,4.138179633057573,1.0,111.0,4.0,4.0,4.0,0.06,1.0,1.775,29.15839479210311,99.27359900000003,8.414254071252504,0.812252402305603,0.168689676594216,25.74958781262873
0.0,5.524000868417666,2.0,27.32884658064516,0.0,0.0,0.0,72.84621533182124,2.3069754883906204,10.0,2,2.0,17.0,11.01445089588319,0.06733790155013125,1.0,22.0,2.0,2.0,4.0,0.06,2.0,1.775,12.789956316710875,101.922371,6.288052354732185,0.5528256297111511,0.14233099286229642,1000000.0
15.507102924515001,4.993181617817201,0.0,27.32884658064516,79.0,1.0,1351.0,47.941513566186366,9.12671047766944,25.0,2,1.0,27.0,5.242852087824362,0.8942993798390853,1.0,125.0,0.0,2.0,4.0,0.06,1.0,1.775,8.86289737162553,99.197235,5.487340248369681,1.3515747785568237,0.13755020045050695,27.29619449659473
0.0,5.39229479770771,0.0,27.32884658064516,0.0,1.0,0.0,53.14315348740989,2.8313199077042714,25.0,2,9.0,26.0,9.116125028632393,0.0,1.0,99.0,3.0,2.0,4.0,0.06,2.0,1.775,9.571323265931186,100.92516100000003,6.957019310203523,0.494466632604599,0.16076537980655314,22.432615627431424
34.53602857563631,6.091783172112077,2.0,27.32884658064516,4.0,1.0,0.0,68.3374855637327,4.258359625515482,30.0,2,0.0,11.0,10.990073585645947,4.500773923012388,1.0,100.0,3.0,4.0,4.0,0.06,0.0,1.775,10.812915130498936,101.5084,8.041460946155025,1.1679788827896118,0.1748172936328804,24.03922395816421
