material_0,initial TN(%),initial TC(%),initial moisture content(%),initial CN(%),initial pH,material_1,Excipients_1,Additive Species,N2O-N loss  (%)
3,2.65926,40.0,65.0,15.041778539894558,7.46561,6,33,4,1.4000000000000001
3,2.86,37.3,62.5,13.041958041958042,7.34,6,33,3,0.4
3,2.6100000000000003,37.8,60.5,14.482758620689655,7.6,6,33,3,0.5
1,1.79,39.6,60.0,22.1,5.01,10,3,4,1.97
1,1.98,36.0,60.0,18.2,4.43,10,3,3,2.06
1,1.89,36.0,60.0,19.1,4.28,10,3,3,2.16
3,2.23,41.3,52.2,24.8,8.56364,8,35,4,1.5
3,2.23,41.3,52.2,24.8,8.08636,8,35,1,1.4000000000000001
3,2.11165,42.8665,70.39999999999999,20.30000236781664,7.25,8,3,4,0.73
3,-1.0,-1.0,-1.0,-1.0,7.82843,8,3,1,1.4500000000000002
3,-1.0,-1.0,-1.0,-1.0,7.86275,8,3,1,1.29
3,2.34,-1.0,64.60000000000001,-1.0,7.4,8,20,4,9.3
3,-1.0,-1.0,-1.0,-1.0,-1.0,8,20,0,3.0
3,2.2340999999999998,-1.0,62.0,29.3,7.84615,8,20,4,11.219999999999999
3,2.44843,-1.0,60.0,-1.0,7.94846,8,20,3,8.92
3,2.50053,-1.0,60.0,-1.0,7.51769,8,20,3,0.64
3,1.4000000000000001,25.06,63.0,17.9,8.3,0,35,4,0.0861428571428571
3,1.3299999999999998,23.674,65.4,17.8,7.6,0,35,3,0.202071428571429
3,1.32,24.947999999999997,64.60000000000001,18.9,7.6,0,35,3,0.153571428571429
3,1.29,23.865,65.4,18.5,7.4,0,35,3,0.22107142857142897
3,1.29,25.929000000000002,64.0,20.1,8.4,0,35,3,0.056071428571428605
3,1.1199999999999999,19.152,61.0,17.1,8.6,0,35,3,0.148785714285714
3,1.23,23.247,63.7,18.9,8.7,0,35,3,0.104714285714286
3,2.1,38.934000000000005,-1.0,18.54,-1.0,8,35,4,1.0
3,-1.0,-1.0,-1.0,-1.0,-1.0,8,35,3,0.8999999999999999
3,-1.0,-1.0,-1.0,-1.0,-1.0,8,35,3,0.8
3,-1.0,-1.0,-1.0,-1.0,-1.0,8,35,3,0.8
3,-1.0,-1.0,-1.0,-1.0,-1.0,8,35,3,0.8999999999999999
3,-1.0,-1.0,-1.0,-1.0,-1.0,8,35,3,1.2
4,2.53,31.843,68.45,12.586166007905138,7.85,10,35,4,0.228125
4,2.511,33.567,66.71000000000001,13.367980884109917,7.89,10,35,3,0.24110671936758893
4,2.522,35.865,67.58,14.220856463124505,8.1,10,35,3,0.21505376344086022
4,2.506,37.124,65.41,14.814046288906626,8.17,10,35,3,0.17049960348929422
3,1.5699999999999998,43.02,60.0,27.4,-1.0,0,35,4,0.084
3,-1.0,43.0,-1.0,-1.0,-1.0,0,35,3,0.1
3,-1.0,43.0,-1.0,-1.0,-1.0,0,35,3,0.067
3,1.0774193548387097,33.4,55.00000000000001,31.0,7.7,6,35,4,8.6
3,1.1206896551724137,32.5,55.00000000000001,29.0,7.7,6,35,3,3.1
3,-1.0,-1.0,61.9,-1.0,-1.0,6,20,4,8.85
3,-1.0,-1.0,-1.0,-1.0,-1.0,6,20,0,1.7500000000000002
3,-1.0,-1.0,-1.0,-1.0,-1.0,6,20,0,2.02
3,1.4000000000000001,-1.0,65.4,-1.0,7.1,8,20,4,2.2800000000000002
3,-1.0,-1.0,-1.0,-1.0,-1.0,8,20,0,2.02
3,3.4000000000000004,-1.0,64.9,-1.0,6.9,8,20,4,4.07
3,-1.0,-1.0,-1.0,-1.0,-1.0,8,20,0,6.04
4,2.32,45.81,55.00000000000001,25.0,7.4,10,35,4,2.5
4,-1.0,-1.0,-1.0,-1.0,7.8,10,35,3,1.7999999999999998
4,-1.0,-1.0,-1.0,-1.0,7.8,10,35,3,0.5700000000000001
4,-1.0,-1.0,-1.0,-1.0,8.0,10,35,3,0.41000000000000003
4,-1.0,-1.0,-1.0,-1.0,8.0,10,35,3,0.09
4,-1.0,-1.0,-1.0,-1.0,8.1,10,35,3,0.02
4,-1.0,-1.0,-1.0,-1.0,8.2,10,35,3,0.05
5,0.8200000000000001,-1.0,80.7,-1.0,-1.0,10,35,4,12.650632911392401
5,0.8999999999999999,-1.0,-1.0,-1.0,-1.0,10,35,3,9.10344827586207
5,0.95,-1.0,-1.0,-1.0,-1.0,10,35,1,7.41426229508196
5,0.83,-1.0,-1.0,-1.0,-1.0,10,35,2,10.1722
3,2.04,37.48,69.2,18.4,-1.0,8,4,4,1.5
3,2.04,37.48,69.2,18.4,-1.0,8,4,1,1.4
3,2.04,37.48,69.2,18.4,-1.0,8,4,1,1.2
3,2.04,37.48,69.2,18.4,-1.0,8,4,1,1.3
3,2.04,37.48,69.2,18.4,-1.0,8,4,1,1.0
4,2.4,31.3,67.71000000000001,13.041666666666666,7.82,10,35,4,0.6
4,2.53,35.4,66.08000000000001,13.992094861660078,8.01,10,35,3,0.47000000000000003
3,1.9,33.4,65.0,17.578947368421055,7.28,8,35,4,2.6
3,-1.0,-1.0,-1.0,-1.0,6.6,8,35,3,2.08
3,-1.0,-1.0,-1.0,-1.0,6.58,8,35,3,1.976
3,-1.0,-1.0,-1.0,-1.0,6.35,8,35,3,1.976
3,-1.0,-1.0,-1.0,-1.0,7.05,8,35,1,2.1319999999999997
3,1.96,38.8245,62.06,19.91,7.5,8,34,4,0.0025
3,1.29,35.68,58.69,18.23,7.75,8,34,3,0.014899999999999998
3,1.69,37.96,65.0,22.461538461538463,7.56,8,35,4,1.37
3,2.04,38.71,67.60000000000001,18.97549019607843,7.8,8,3,4,0.5700000000000001
3,-1.0,-1.0,-1.0,-1.0,6.7,8,3,3,0.79
3,-1.0,-1.0,-1.0,-1.0,8.0,8,3,3,0.41000000000000003
3,-1.0,-1.0,-1.0,-1.0,7.2,8,3,1,0.6799999999999999
3,2.0,38.5,60.0,19.25,7.1,8,3,4,0.33999999999999997
3,-1.0,-1.0,-1.0,-1.0,6.6,8,3,1,0.38
3,-1.0,-1.0,-1.0,-1.0,6.7,8,3,1,0.47000000000000003
3,-1.0,-1.0,-1.0,-1.0,8.35,8,3,1,0.38999999999999996
4,-1.0,-1.0,65.0,11.37,7.78,10,3,4,0.88
4,-1.0,-1.0,65.0,-1.0,-1.0,10,3,3,0.6
3,2.04,37.480000000000004,69.19999999999999,18.372549019607842,8.2,8,35,4,1.5
3,-1.0,-1.0,-1.0,-1.0,8.0,8,35,1,1.4000000000000001
3,-1.0,-1.0,-1.0,-1.0,7.25,8,35,3,1.4000000000000001
3,-1.0,-1.0,-1.0,-1.0,6.75,8,35,1,2.0
3,-1.0,-1.0,60.0,30.0,6.53,6,29,4,2.0500000000000003
3,-1.0,-1.0,60.0,30.0,6.85,6,29,3,2.01
3,-1.0,-1.0,60.0,30.0,6.46,6,29,3,1.53
3,-1.0,-1.0,60.0,30.0,6.52,6,29,3,1.4200000000000002
3,-1.0,-1.0,60.0,30.0,6.5,6,29,3,1.24
3,-1.0,-1.0,60.0,30.0,6.55,6,29,3,0.75
3,2.084,52.1,55.00000000000001,25.0,7.75,8,35,4,0.8699999999999999
3,-1.0,-1.0,-1.0,-1.0,8.2,8,35,3,0.32
3,-1.0,-1.0,-1.0,-1.0,-1.0,8,35,3,0.19
4,1.79,30.630000000000003,60.0,20.0,8.0,10,3,4,0.77
4,1.79,30.630000000000003,60.0,20.0,8.0,10,3,3,0.56
4,1.79,30.630000000000003,60.0,20.0,8.0,10,3,1,0.6
4,1.79,30.630000000000003,60.0,20.0,8.0,10,3,2,0.45
3,1.2,32.11446740858506,60.0,26.76205617382088,7.8,6,2,4,0.024
3,10.4,30.176565008025683,60.0,2.9015927892332387,7.8,6,2,3,0.016
3,2.845139718825504,33.99239543726235,60.0,2.536745928153907,7.8,6,2,3,0.006
3,-1.0,-1.0,-1.0,-1.0,7.6,0,3,4,2.83
3,-1.0,-1.0,-1.0,-1.0,7.6,0,3,3,8.34
3,-1.0,-1.0,-1.0,-1.0,7.6,0,3,3,13.05
3,-1.0,-1.0,-1.0,-1.0,-1.0,8,29,4,0.72
3,-1.0,-1.0,-1.0,-1.0,-1.0,8,29,0,0.73
3,-1.0,-1.0,-1.0,-1.0,-1.0,8,29,3,0.45
3,-1.0,-1.0,-1.0,-1.0,-1.0,8,29,2,0.55
3,2.1,29.7,65.4,14.2,9.1,0,29,4,0.74
3,2.1,29.7,65.4,14.2,9.1,0,29,4,0.83
3,2.1,29.7,65.4,14.2,9.1,0,29,4,0.93
4,2.68,30.45,72.1,11.361940298507461,7.72,10,3,4,0.88
4,2.68,30.45,72.1,11.361940298507461,7.72,10,3,1,1.11
4,2.68,30.45,72.1,11.361940298507461,7.72,10,3,1,0.6
4,2.68,30.45,72.1,11.361940298507461,7.72,10,3,2,0.24
4,2.68,30.45,72.1,11.361940298507461,7.72,10,3,2,0.23
3,1.91,38.1,59.81,19.9,7.3,8,3,4,2.3
3,1.79,35.6,60.21,19.9,7.89,8,24,4,1.24
4,-1.0,-1.0,-1.0,-1.0,-1.0,10,21,4,1.14
4,-1.0,-1.0,-1.0,-1.0,-1.0,10,21,0,0.74
4,-1.0,-1.0,-1.0,-1.0,-1.0,10,21,0,0.94
4,-1.0,-1.0,-1.0,-1.0,-1.0,10,21,0,0.43
3,1.52,35.65,66.56369999999994,23.5,8.3,0,35,4,3.858664622950818
3,1.04,23.81,65.05469999999998,22.9,7.2,0,35,1,3.693426211418883
3,1.02,23.61,65.68179999999995,22.3,8.3,0,35,3,3.589958731325205
3,1.03,23.81,67.50139999999998,23.1,7.5,0,35,2,3.752533588468062
3,1.0,37.16,62.35080000000001,37.2,8.2,0,19,4,4.246585810387455
3,0.82,29.73,71.84760000000004,36.1,7.0,0,19,1,7.25940596996086
3,0.8,29.73,55.0916,37.1,8.0,0,19,3,6.738176572432398
3,0.81,29.73,70.15879691100002,36.6,7.3,0,19,2,7.271405969960861
3,0.85,40.41,75.57460000000005,47.5,7.7,0,15,4,7.111570361724421
3,0.7,32.33,64.245593822,45.9,6.7,0,15,1,8.678158609770234
3,0.68,32.33,73.95100000000004,47.5,7.6,0,15,3,6.56482163701004
3,0.69,32.33,73.87280000000001,46.7,6.9,0,15,2,6.660621637010041
3,1.52,35.65,68.08669999999992,23.5,8.3,0,35,4,3.796994622950818
3,1.0,37.16,62.35080000000001,37.2,8.2,0,19,4,4.246585810387455
3,0.85,40.41,75.57460000000005,47.5,7.7,0,15,4,7.111570361724421
3,1.04,23.81,67.32379999999998,22.9,7.2,0,35,3,3.774133588468063
3,0.82,29.73,71.84760000000004,36.1,7.0,0,19,3,7.25940596996086
3,0.7,32.33,64.245593822,45.9,6.7,0,15,3,8.678158609770234
3,1.02,23.61,66.84099999999994,22.3,8.3,0,35,3,3.535958731325205
3,0.8,29.73,55.0916,37.1,8.0,0,19,3,6.738176572432398
3,0.68,32.33,73.95100000000004,47.5,7.6,0,15,3,6.56482163701004
3,1.03,23.81,67.50139999999998,23.1,7.5,0,35,3,3.752533588468062
3,0.81,29.73,70.15879691100002,36.6,7.3,0,19,3,7.271405969960861
3,0.69,32.33,73.87280000000001,46.7,6.9,0,15,3,6.660621637010041
2,0.97,51.3,76.36259999999997,52.88659793814433,6.7,10,35,4,5.674447530318774
2,0.92,50.6,75.0436,55.0,8.76,10,35,1,6.902632225644681
2,0.92,49.4,76.06080000000001,53.69565217391304,9.33,10,35,1,6.916052684745939
2,0.94,48.9,76.22680000000001,52.02127659574468,9.35,10,35,1,6.728788833982795
2,0.91,46.6,75.72990000000001,51.20879120879121,8.13,10,35,1,6.933181161681194
2,0.83,44.6,75.69040000000001,53.73493975903615,8.86,10,35,1,7.814169375989649
2,0.77,41.1,75.83610000000002,53.37662337662338,8.77,10,35,1,8.37773370161165
3,2.18,28.0,65.03,12.88,7.88,3,20,4,0.8436152307692306
3,1.9,43.37434388303481,63.17,24.41,7.88,3,20,3,0.8780898623392691
3,1.8,43.16737540603248,62.39,27.43,7.7,3,20,3,1.059893998512357
3,1.8,43.65782853828306,62.6,28.06,7.88,3,20,3,1.003681186185424
3,2.05,38.03156300000003,61.97,16.31,7.88,3,20,3,0.9087845492225165
3,1.8,45.88559215777261,63.43,39.93,7.88,3,20,3,1.092491927013726
2,2.473897911832947,49.47795823665894,61.1,20.0,6.0,10,22,4,2.353619999999998
2,1.722737819025522,51.68213457076566,53.5,30.0,6.1,10,22,4,1.925896
2,1.363109048723898,54.52436194895591,48.5,40.0,6.5,10,22,4,1.798084665
2,2.105820639564209,48.4338747099768,74.7,23.0,8.9,10,6,4,1.050007318997079
2,1.662799690641918,49.88399071925754,65.6,30.0,8.9,10,6,4,0.8395404300000002
2,1.357308584686775,54.29234338747099,53.0,40.0,8.2,10,6,4,1.582796644999999
2,1.283007402496962,53.8863109048724,47.5,42.0,6.9,10,28,4,1.674480384999999
2,1.79,42.59,72.00489691100002,23.8,8.2,10,25,4,0.41
2,4.45,44.38,70.46750000000002,30.6,8.4,10,25,4,0.09
3,3.86,46.9,81.0,12.2,7.0,3,35,4,0.55
3,3.18,48.8,75.8,15.3,7.1,4,17,4,0.57
0,2.16,48.2,77.3,22.3,8.7,10,17,4,0.06
0,2.25,45.3,77.0,20.1,8.8,10,17,4,0.03
0,1.82,54.5,80.0,29.9,6.7,10,27,4,0.01
0,2.26,38.3,84.1,16.9,10.7,10,35,3,0.12
0,2.21,45.3,80.7,20.5,9.8,10,17,3,0.02
0,2.03,42.5,81.5,21.3,10.0,10,17,3,0.07
3,2.295194145561243,38.68289928120651,60.0,16.0,6.954763033333339,0,11,4,1.524239899999998
3,2.031960637073607,33.98118955445477,65.0,19.0,6.944186742857148,0,11,4,1.803192678571428
3,1.277269940201892,25.29425999999998,70.0,22.0,7.199152800000002,0,11,4,4.217809896045202
3,2.386932878405209,40.08146983990719,70.0,16.0,7.127311766666668,0,11,4,2.779591949999997
3,2.04231034389359,40.6889710185615,60.0,19.0,6.649135033333336,0,11,4,2.456799999999999
3,1.527390292201894,34.14800336426914,65.0,22.0,7.167312500000006,0,11,4,3.231792
3,2.387783241153718,36.78098493199538,65.0,16.0,6.972203066666672,0,11,4,3.192999999999997
3,1.495309491935857,26.19814039675175,70.0,19.0,7.092696109523814,0,11,4,2.298924302753775
3,1.598367165021877,37.43413740139212,60.0,22.0,7.258119300000004,0,11,4,2.002511919999999
3,2.12,36.7,67.35141999999993,17.3,7.9823613,8,3,4,1.4
3,2.12,36.7,67.33011999999994,17.3,8.0193613,8,3,4,1.2
3,2.12,36.7,67.52870999999998,17.3,8.108158700000002,8,3,4,1.7
3,2.12,36.7,67.15951,17.3,7.917320900000004,8,3,4,2.7
3,2.12,36.7,67.15951,17.3,7.917320900000004,8,3,4,2.7
3,2.12,36.7,67.55981999999997,17.3,8.0069369,8,3,4,2.5
4,1.715,43.97,58.83044999999998,25.63848396501458,7.743668899999998,10,21,4,0.5982928490000001
4,1.925,44.47,67.24429999999997,23.1012987012987,7.682135100000002,10,3,4,1.140225778227849
4,1.985,42.27,68.47079999999998,21.29471032745592,7.805135100000002,10,10,4,1.153610900205871
4,1.96,43.165,67.76759999999997,22.02295918367347,7.763535100000001,10,16,4,3.136088088227847
3,1.9,40.0,61.0,21.05263157894737,7.913376900000002,0,21,4,0.1692307692307692
3,1.9,40.0,61.0,21.05263157894737,7.9521769,0,21,4,0.4153846153846154
3,1.9,40.0,61.0,21.05263157894737,7.9341769,0,21,4,0.4769230769230769
3,1.9,40.0,61.0,21.05263157894737,7.937176900000001,0,21,4,0.2615384615384616
3,1.9,40.0,61.0,21.05263157894737,7.941676900000001,0,21,4,0.3846153846153846
3,1.22,30.2,63.0,24.75409836065574,7.729217299999992,0,8,4,2.571125514557055
3,1.24,31.1,63.0,25.08064516129032,7.731051299999993,0,8,4,2.285902345896794
3,1.5,30.2,64.0,20.13333333333333,7.922627499999994,0,8,4,2.182916117231689
3,1.5,30.6,65.0,20.4,7.862807899999996,0,8,4,2.291487011522249
3,1.19,43.90951276102088,55.72479382199998,36.89875021934528,7.415600000000003,0,9,4,1.014333611000001
3,1.22,44.32714617169373,66.2854,36.33372637024077,7.177707900000001,0,9,4,3.583005908113924
3,1.25,46.79814385150812,62.80799691099999,37.4385150812065,7.21466666666667,0,9,4,3.787725778113925
3,1.29,41.84454756380511,71.77489999999995,32.43763377039156,7.161700000000004,0,9,4,3.583619569000001
3,1.32,43.49187935034803,62.30699999999998,32.94839344723335,7.487099999999999,0,9,4,3.849057095113923
0,2.4,40.7,69.0,16.95833333333334,7.580647899999998,10,7,4,1.887896605326714
0,2.4,40.7,63.0,16.95833333333334,7.382253399999999,10,7,3,1.755036799999998
0,1.87,41.9,63.0,22.40641711229946,7.652439699999998,10,7,3,0.6770433600000004
0,1.97,49.0,58.0,24.87309644670051,7.218014300000004,10,7,3,0.9134110890000002
0,1.99,41.4,70.0,20.80402010050251,7.691427199999997,10,7,3,1.033788755920156
0,2.4,40.7,62.0,16.95833333333334,7.308101899999998,10,7,3,1.900059199999998
0,2.09,41.4,61.0,19.80861244019139,7.6014139,10,7,3,0.5980560966923079
0,2.15,45.4,57.0,21.11627906976744,7.609300499999997,10,7,3,0.7633927200000008
0,2.37,40.5,64.0,17.08860759493671,7.4330296,10,7,3,2.010081867692306
3,1.65,43.0,83.0,16.5,8.45,0,1,4,0.0134
3,1.65,43.0,83.0,16.5,8.45,0,1,4,0.013900000000000001
3,4.6,35.2,71.0,6.1,6.8,6,1,4,0.02552
3,4.61,35.2,71.0,6.1,6.8,6,1,4,0.0283
3,3.42,48.7,65.0,12.2,6.95,6,1,3,0.0275
3,3.42,48.7,65.0,12.2,6.95,6,1,3,0.0286
1,-1.0,-1.0,66.9,31.8,5.6,10,35,4,7.0
1,-1.0,-1.0,57.58,31.5,6.6,10,3,4,2.0
1,-1.0,-1.0,57.78,32.5,6.5,10,21,4,1.0
1,-1.0,-1.0,58.599999999999994,22.5,6.2,10,23,4,2.0
3,2.17,38.76,65.9,17.86,7.8,8,3,4,3.1
3,1.96,36.72,-1.0,-1.0,-1.0,8,3,1,3.2
3,2.06,36.53,-1.0,-1.0,-1.0,8,3,2,2.0
3,2.1,37.4,-1.0,-1.0,-1.0,8,3,2,2.0
3,2.07,36.9,63.0,17.8,8.6,8,3,4,0.1884
3,2.07,36.9,63.0,17.8,8.6,8,3,4,0.18359999999999999
3,2.07,36.9,63.0,17.8,8.6,8,3,4,1.405
3,2.36,34.8,64.1,14.7,-1.0,8,4,4,1.6
3,2.06,38.0,71.3,18.4,-1.0,8,4,4,1.5
3,1.93,40.9,75.7,21.2,-1.0,8,4,4,2.1
3,2.08,38.0,65.2,18.3,-1.0,8,4,4,4.2
3,1.9,40.1,70.6,21.1,-1.0,8,4,4,5.0
3,2.37,35.3,76.8,14.9,-1.0,8,4,4,3.8
3,1.9,39.4,63.7,20.7,-1.0,8,4,4,5.3
3,2.35,35.2,70.8,15.0,-1.0,8,4,4,7.3
3,2.09,37.6,74.0,18.0,-1.0,8,4,4,5.2
3,2.36,34.8,64.1,14.7,-1.0,8,4,4,1.6
3,2.06,38.0,71.3,18.4,-1.0,8,4,4,1.5
3,1.93,40.9,75.7,21.2,-1.0,8,4,4,2.1
3,2.08,38.0,65.2,18.3,-1.0,8,4,4,4.2
3,1.9,40.1,70.6,21.1,-1.0,8,4,4,5.0
3,2.37,35.3,76.8,14.9,-1.0,8,4,4,3.8
3,1.9,39.4,63.7,20.7,-1.0,8,4,4,5.3
3,2.35,35.2,70.8,15.0,-1.0,8,4,4,7.3
3,2.09,37.6,74.0,18.0,-1.0,8,4,4,5.2
3,1.821698998100112,36.37376500000001,65.7,20.0,8.6,8,3,4,7.79
3,1.830004298100112,35.77165500000001,65.7,20.0,8.6,8,3,4,8.84
3,2.654226884419754,35.03935215807424,65.7,20.0,8.6,8,3,4,8.59
3,1.961381895,41.93885999999998,69.47,13.16,7.13,8,3,4,0.54
3,1.872139878103448,40.49142547563805,66.0,21.9,-1.0,0,20,4,3.29
3,1.870833758103448,40.38722547563805,66.0,21.9,-1.0,0,20,4,3.8600000000000003
3,2.193934385080452,37.51888000000002,66.0,21.9,-1.0,0,20,4,4.62
3,2.207793288922557,37.8937454060325,64.0,17.4,7.4,8,3,4,0.8099999999999999
3,2.18327471846546,37.40829000000002,64.0,17.4,7.4,8,3,4,1.05
3,1.911524156551724,42.58870555029236,64.0,17.4,7.4,8,3,4,3.93
4,2.083591210000001,40.90028004640371,68.07,25.38,7.57,10,3,4,1.11
4,2.604162500000001,105.5850172,68.53,24.32,6.95,10,20,4,1.37
3,2.525962500000001,104.1240172,60.0,15.39,6.54,8,12,4,0.0397
3,3.300718153477851,105.9205693076923,60.0,15.39,6.54,8,12,4,0.0169
4,3.292418595005085,104.4046382000001,64.83,7.73,8.25,10,12,4,0.018000000000000002
4,2.445529166666669,30.90866671,57.48,8.54,8.22,10,12,4,0.006600000000000001
4,2.026948818733965,38.93168490719259,72.1,11.37,7.78,10,3,4,0.5
3,2.226265840778045,44.60722505800465,67.7,18.99,-1.0,8,3,4,1.0
3,0.9968841935483864,45.29815150812065,60.0,25.0,6.5,6,29,4,2.0500000000000003
4,2.142323150057043,47.35519466357311,65.0,47.48,7.2,10,29,4,1.92
3,2.117300889565703,37.18338200000002,60.0,25.0,7.7,8,29,4,0.79
3,2.173219160267505,37.29957547563808,74.0,-1.0,7.9,0,19,4,0.1
3,2.210663524812959,37.97062531322506,74.0,-1.0,7.9,0,19,4,0.06
3,1.524620471753617,31.12977276102088,74.0,-1.0,7.9,0,19,4,0.06
3,2.026113567497537,38.23992846171696,66.7,-1.0,-1.0,0,19,4,0.09
3,2.138165653733965,50.15742068445478,66.7,-1.0,-1.0,0,19,4,0.06999999999999999
3,2.151105515489805,42.94369848027844,65.0,20.0,7.1,6,26,4,1.105
3,2.218666125913735,43.32290308584688,65.0,20.0,7.1,6,26,4,0.42300000000000004
3,4.382967487460104,61.3195276500802,65.0,20.0,7.1,6,26,4,0.268
3,4.361819485074892,54.05477671315713,77.53,6.53,6.2,8,35,4,0.02
3,3.175467652320319,38.616286459486,66.71000000000001,6.81,7.01,8,12,4,1.0999999999999999
3,4.126415514398965,50.71793434410016,66.36,9.22,7.41,8,12,4,1.2
3,3.974248847732298,50.14637846153725,67.67999999999999,7.35,7.59,8,13,4,0.004
3,2.043140309275499,41.84695255220419,66.25999999999999,7.24,8.04,8,14,4,0.033
4,2.233711866666666,28.46501826666665,72.13000000000001,19.11,5.67,10,20,4,0.059000000000000004
4,2.375968732831738,32.49411828666666,69.74000000000001,13.27,7.56,10,29,4,0.0427
4,2.444810466666667,39.01730444,71.05,13.56,8.08,10,18,4,0.0335
4,6.045013729436318,71.90582510521976,71.05,13.56,8.08,10,18,4,0.038900000000000004
3,2.589267900000001,36.58572513201857,61.42999999999999,14.0,6.62,8,19,4,0.02
3,2.5400561,37.62363871930393,65.75,14.0,7.06,8,19,4,1.4000000000000001
3,2.300834533333334,46.11927424547564,65.59,14.93,8.48,0,19,4,0.1
3,2.573126400000001,40.52929370904874,76.09,14.43,7.74,0,19,4,0.06
3,2.575616200000001,39.41481476751742,40.0,15.0,6.72,8,3,4,0.13999999999999999
3,2.797464615746701,57.17435090116007,60.0,15.0,6.76,8,3,4,0.19
3,2.621616200000001,40.09538573503483,80.0,15.0,6.63,8,3,4,0.21
3,2.697619933333332,40.38357253503482,60.0,15.0,6.82,8,3,4,0.08
3,1.89837974812454,37.24609330904872,60.0,15.0,-1.0,8,3,4,0.136
3,1.654720268808591,41.45347823229465,60.0,20.0,-1.0,8,3,4,0.214
3,1.662037056274191,46.24829314453593,60.0,25.0,-1.0,8,3,4,0.27899999999999997
3,1.693771898769985,44.98550102088168,60.0,30.0,-1.0,8,3,4,0.315
1,2.074209909484245,43.28969311925756,66.9,25.0,5.75,10,35,4,1.68
1,2.223000581669822,42.71665491322508,58.599999999999994,20.9,5.36,10,0,4,0.69
1,2.13145271346793,39.61294208399073,53.1,18.7,5.13,10,0,4,1.34
1,1.879975696257651,51.37511282407425,47.5,16.8,5.04,10,0,4,2.36
3,2.845139718825504,56.407650761498424,60.0,30.0,7.2,8,20,4,0.033
3,2.845139718825504,56.407650761498424,81.0,18.15182829888712,7.47,0,35,4,9.0
3,2.030158912576152,40.07720159350349,81.0,16.161837455830387,7.42,0,35,4,11.0
4,1.748145674184919,41.48466171693732,50.0,19.0,-1.0,10,12,4,0.043800000000000006
3,2.455729166666668,30.91305711,47.8,14.86,7.27,8,12,4,0.0303
4,2.445529166666669,30.90866671,72.1,11.37,7.78,10,3,4,0.8
4,2.446229166666669,30.95712671,72.1,11.37,7.78,10,3,4,0.6
4,2.079781363505318,46.991471549884,72.1,11.37,7.78,10,3,4,0.6
4,2.001289095480891,43.45463821877497,55.00000000000001,25.0,7.3,10,29,4,0.297
3,2.686926866666667,33.00541882,52.2,24.8,8.6,8,3,4,1.5
3,3.72,86.0,66.60000000000001,23.6,-1.0,0,35,4,12.0
3,3.138238865007541,35.60303812923078,66.9,23.1,-1.0,0,35,4,19.0
3,3.069070799515944,85.9399082069231,45.0,8.4,-1.0,6,35,4,4.0
3,3.024338865007541,85.84753433923079,66.7,7.7,-1.0,6,35,4,2.0
3,3.326664902311552,84.58778463692308,44.0,9.3,-1.0,6,35,4,2.0
3,3.446113200000003,90.14442071525971,65.8,7.8,-1.0,6,35,4,2.0
3,4.539022258760394,84.6690855534136,62.0,13.0,8.4,8,19,4,2.5
3,1.723644470000001,105.1669,62.0,7.0,8.4,8,19,4,9.9
3,2.2960425,33.81100755999998,68.0,-1.0,8.1,8,20,4,3.7199999999999998
3,1.863664520791133,43.41995530301623,68.0,-1.0,8.1,8,20,4,4.65
3,2.249207520000001,40.06216680974479,60.0,-1.0,7.71,0,20,4,2.02
3,2.7,47.45699800464038,65.8,18.28,7.17,8,20,4,6.529999999999999
3,3.149865037625853,106.16359556,67.30000000000001,24.03,7.94,8,20,1,5.62
3,1.944523285883562,39.50663167192575,63.800000000000004,11.0,8.6,8,19,4,1.9
3,1.234579036748745,117.11343387471,65.0,-1.0,6.79,8,20,4,0.1
3,1.902021781048769,36.24514044083529,-1.0,-1.0,7.8,0,35,4,0.003
1,1.821012685291958,32.67848354988401,72.7,17.1,6.1,10,5,4,3.3000000000000003
3,2.176354167339643,39.67536809703019,65.0,18.0,8.5,8,3,4,0.9228000000000001
3,1.830465374837413,32.43599354988401,65.0,18.0,6.6,8,12,4,0.349
3,1.595830248116084,41.1390937985522,65.0,18.0,8.6,8,20,4,0.6148
3,2.203700833333334,31.27396475999998,65.4,14.2,9.1,0,29,4,0.74
3,2.203700833333334,31.30513475999998,65.4,14.2,9.1,0,29,4,0.83
3,1.085684670745272,40.4915174013921,65.4,14.2,9.1,0,29,4,0.9299999999999999
3,1.083233057842046,39.61840035854058,45.0,33.85,7.75,8,3,4,0.00068
3,1.100367369292619,41.05066600928073,55.00000000000001,33.85,7.75,8,3,4,0.0007559999999999999
3,1.065257369292619,40.82361600928072,65.0,33.85,7.75,8,3,4,0.00234
3,1.146739387096773,51.35823503480277,75.0,33.85,7.6,8,3,4,0.0006000000000000001
3,2.115037944551623,46.7794594189977,85.0,33.85,6.9,8,3,4,0.0018899999999999998
3,2.104931293744444,47.12708253637123,60.0,30.0,6.9,0,3,4,1.0
3,2.183875764619906,47.26565640275638,60.0,30.0,6.9,0,3,4,0.4
3,2.192759499821798,47.83999040275638,60.0,30.0,6.9,0,3,4,0.2
3,2.447046532831736,36.3633811329002,60.0,30.0,5.0,0,3,4,0.3
3,3.239648317251491,42.624881904757,66.16,14.57,-1.0,8,29,4,0.026400000000000003
3,2.490847832831737,36.43981852670531,66.77,13.95,-1.0,8,29,4,0.0231
3,5.566386750584823,98.80241152565264,64.71000000000001,14.26,-1.0,8,29,4,0.0161
3,2.845139718825504,161.9791552545332,64.71000000000001,13.74,-1.0,8,29,4,0.0125
3,4.193109228664635,58.39160924289344,63.1,6.975,-1.0,6,3,4,0.0246
3,4.237725528780387,56.14417805280485,63.1,6.975,-1.0,6,3,4,0.0239
3,1.617141836391135,41.98943191415314,63.1,6.975,-1.0,6,3,4,0.01966
3,2.297828213467929,104.5996970765661,76.4,12.76,-1.0,8,19,4,0.8
3,1.089644193548386,42.26709999999999,65.03715044039971,16.27,-1.0,8,19,4,0.1
1,1.732379099902084,43.98073887730626,60.0,40.0,8.1,10,29,4,2.88
3,1.815704583389262,44.36033980169604,60.0,27.0,-1.0,0,29,4,0.1
4,2.273521196382895,38.13346451044085,55.00000000000001,25.0,7.4,10,29,4,1.0
3,1.760276474733965,31.91560887471001,61.0,13.67,7.8,8,3,4,1.32
3,1.361870248935857,39.70914575406032,62.13999999999999,17.23,8.1,8,3,4,0.09
1,1.62783702546793,37.60803895591647,70.41410691099998,19.3,8.229921299999999,5,35,4,0.27
1,1.945071978134596,40.76967000000003,72.23015,16.5,8.407800000000002,5,35,4,0.116
4,3.429619129819451,48.2148584870605,68.01053073299998,9.7,8.005500000000001,7,35,4,0.266
4,10.55498413132694,109.7096596614362,70.47662691099998,1.1,7.878200000000001,7,35,4,0.165
2,1.600055591679602,49.67930962877031,67.083902445,27.6,8.404335099999997,9,35,4,0.25
2,2.052572523400631,42.24108200000001,69.16357691100004,15.9,8.587500000000007,9,35,4,0.178
3,2.340950466666667,35.39535431999998,71.7,14.0,7.55,3,35,4,0.34
3,2.110262290067298,55.81273450580047,77.9,16.0,8.7,3,35,4,0.47
3,2.537012033333333,56.40870991461716,79.60000000000001,14.0,7.43,3,35,4,0.52
3,2.520440266666667,54.09200775870068,78.8,15.0,8.2,3,35,4,0.8
3,2.349850466666667,36.19426431999999,71.7,14.0,7.55,3,35,4,0.297651
1,2.102319490067298,55.95153450580048,77.9,16.0,8.7,5,35,4,0.411745
2,1.129394193548386,45.15684560216009,61.1196911,45.73283859,8.700322100000001,9,35,4,0.6
2,1.094549999999999,45.49517656612528,61.1196911,45.73283859,8.029766300000004,9,35,4,0.261
2,1.061999999999999,49.1061951276102,61.1196911,45.73283859,7.9837663,9,35,4,0.149
1,2.020595497786232,45.29746372062179,56.99999999999999,25.35699279409999,5.9,5,35,4,0.1
0,1.953652916146291,42.67959,71.54517691100001,16.6911889913,8.409600000000001,1,35,4,0.347
1,1.596672949000001,38.32088,66.33926602099997,22.0299561305,8.286905300000003,2,35,4,0.843
3,2.187567668201894,39.56789221577728,65.0,18.59030837,7.006363933333338,3,35,4,0.765
1,1.807839288089657,53.81223507408586,58.98586060099998,24.88111396619999,7.638382200000003,5,35,4,0.75
1,1.939727869410057,52.53789335681672,60.52201214299998,24.75109301639999,7.371591199999998,5,35,4,0.76
1,1.589053736733965,30.6454317865429,66.15062999999996,23.27934779839999,7.090416500000004,5,35,4,0.251
0,1.860659700103449,46.93295568445474,64.45021,23.8031295273,7.134600000000005,1,35,4,0.35
0,1.915057775147212,38.90973250580048,75.0,18.4637911219775,6.5,1,35,4,0.175
1,1.706522591537933,42.63571408967517,58.56070276866665,25.2713832593,7.605281799999999,5,35,4,0.178
1,1.805884644717621,42.43221822396984,60.5341316873333,26.5940426778,7.304526899999998,5,35,4,0.989
3,1.859882575201893,45.09970854988399,68.0,18.26299752250279,8.1,3,35,4,0.366912
3,1.851021777201894,45.38347177494199,68.0,18.53429547411899,8.1,3,35,4,0.45864
2,1.627669102837413,45.65442935034804,70.0,27.21518987,8.413299999999998,9,35,4,0.1275
1,1.672868674093259,38.32527192575403,71.6689404,26.1,6.5,5,35,4,0.623
3,3.136499238011697,57.63553406774943,64.1,15.0,8.6,3,35,4,0.42641
3,1.93902570746793,48.63280999999998,65.2,18.0,8.5,3,35,4,0.955469
3,1.746728479551725,46.81319999999999,63.7,21.0,8.3,3,35,4,0.1148843
3,1.746039471201894,35.94349064965198,71.3,18.0,8.5,3,35,4,0.278718
3,1.539086739,49.3241,70.6,21.0,8.3,3,35,4,0.8778
3,2.940102766666668,49.92088997262183,70.8,15.0,8.7,3,35,4,0.1574339
3,1.521131949,40.64224125290024,75.7,21.0,8.4,3,35,4,0.39533
3,3.139144433333334,67.0719317986079,76.8,15.0,8.6,3,35,4,0.656666
3,1.761788268201893,47.95800387470997,74.0,18.0,8.6,3,35,4,0.88871
0,1.773829758733965,41.04954037122969,65.0,21.0,7.1,1,35,4,0.142953
0,1.753971800310117,45.63900520881669,65.0,21.7,7.3,1,35,4,0.122483
0,1.817141802310117,47.46613874709977,65.0,22.8,7.4,1,35,4,0.634
3,1.806301869733965,47.59266646171695,65.0,20.5,7.2,3,35,4,0.334899
3,1.903168271479625,35.68215500000002,69.831,16.6,7.5461275,8,3,4,0.1135
3,1.899372751479625,36.67274500000002,69.831,16.6,7.713700000000002,8,3,4,0.67
3,1.891115071479625,45.98763499999998,69.831,16.6,7.677177500000003,8,3,4,0.263
3,1.900028561479625,36.77984500000002,69.831,16.6,7.5931,8,3,4,0.597
1,1.866840004687787,55.94802410850122,65.03715044039971,27.12254902,7.88,5,35,4,0.92
4,1.630115882426386,47.56076542923436,55.00000000000001,30.83333333,7.02,7,35,4,0.64
4,1.619503685874662,48.41048422273785,55.00000000000001,30.83333333,7.02,7,35,4,0.27
0,2.776798233333334,40.34930169,57.99999999999999,12.72727273,5.95,1,35,4,0.56
0,2.776798233333334,42.25466847000001,57.99999999999999,12.72727273,5.95,1,35,4,0.49
3,1.957125259704029,102.294980436471,69.39999999999999,29.0,8.8,3,29,4,1.13
3,1.970713095,94.58404134570766,71.1,24.7,9.1,3,29,4,1.06
3,2.002313646346497,93.03564999999995,71.2,17.6,8.8,3,29,4,1.02
3,8.554935425745661,148.035937513198,67.60000000000001,19.0,9.0,3,29,4,0.7100000000000001
3,1.925854356000001,96.22154499999996,69.19999999999999,19.5,8.6,3,29,4,0.8099999999999999
3,8.455836773733967,160.8386313001604,71.0,21.2,9.2,3,30,4,0.77
3,1.868634398,88.70554499999997,70.3,19.6,7.5,3,31,4,1.2
3,1.90891476918851,38.99379531322507,71.8,19.5,8.4,3,32,4,1.03
0,3.195126133333333,51.04792599102442,63.92792691100001,11.5239567718,8.261700000000005,1,35,4,0.14
1,1.976694366733965,37.16557500000003,66.5,16.31243012159999,7.494566666666669,5,35,4,0.4
1,1.736261735201894,43.52721854988399,66.5,17.97326186349999,7.644016666666675,5,35,4,0.152
1,1.993678866733965,38.91364500000003,66.5,16.37380616739999,7.610700000000004,5,35,4,0.94
3,1.890255213745662,46.57980999999998,65.0,18.0,8.545766666666673,3,35,4,0.168225
3,1.995417850733966,39.84696000000002,65.0,18.0,8.434100000000003,3,35,4,0.773
3,1.923959309745661,43.47218000000001,65.0,18.0,8.50036666666667,3,35,4,0.12486
0,3.745051026430251,40.78583923230416,54.99000000000001,7.78,8.1111,1,35,4,0.14147
0,2.911536250584823,34.16655409948599,69.31,11.28,8.192900000000003,1,35,4,0.628
0,1.074268387096773,46.56772784222738,46.9,39.83122363,7.2,1,35,4,0.559429
0,1.074268387096773,46.56772784222738,46.9,39.83122363,7.2,1,35,4,0.634857
0,1.737981037103449,42.47133577014154,47.59999999999999,19.93785603,7.9,1,35,4,0.1232
0,1.737981037103449,45.27804899519953,47.59999999999999,19.93785603,7.9,1,35,4,0.1936
0,1.078752792898063,45.07731335158005,60.3,35.63009973,7.8,1,35,4,0.339429
0,1.078752792898063,45.07731335158005,60.3,35.63009973,7.8,1,35,4,0.333143
0,1.073196774193547,43.60780189543156,65.03715044039971,37.83542039,7.3,1,35,4,0.2275429
0,1.073196774193547,43.60780189543156,65.03715044039971,37.83542039,7.3,1,35,4,0.2382286
2,1.200730477196884,38.5902859733898,50.0,32.0,7.396099999999995,9,35,4,0.227
2,1.749517098391815,45.99087283649887,50.0,30.0,7.326599999999996,9,35,4,0.517
2,1.708986835448858,45.55517738870303,50.0,28.0,7.660499999999996,9,35,4,0.144
5,6.6,92.4,71.7,14.000000000000002,7.55,10,35,4,0.362
5,6.39,89.46,79.6,14.0,7.43,10,35,4,0.571
5,6.69,107.04,77.9,16.0,8.7,10,35,4,0.448
5,6.31,94.65,78.8,15.000000000000004,8.2,10,35,4,0.881
5,5.77,77.9,82.16,13.500866551126519,9.4,10,35,4,0.213
5,4.36,71.0,82.36,16.284403669724767,9.8,10,35,4,0.575
5,11.58,114.6,69.94,9.896373056994818,9.6,10,35,4,0.264
5,2.845139718825504,56.407650761498424,65.0,18.590308370044053,-1.0,10,35,4,2.5300000000000002
3,8.8,160.3,62.3,18.21590909090909,-1.0,0,19,4,0.3
3,6.9,149.5,64.2,21.666666666666664,-1.0,0,19,4,0.1
3,7.8,153.5,64.17,19.67948717948718,-1.0,0,19,4,0.2
3,8.7,153.8,63.96,17.678160919540232,-1.0,0,19,4,0.1
5,4.32,115.2,76.0,26.666666666666664,-1.0,10,35,4,0.99
5,4.32,115.3,76.0,26.689814814814813,-1.0,10,35,4,0.243
3,7.96,132.2,60.0,16.60804020100502,8.35,0,19,4,0.387
3,5.0,180.67,59.6,36.134,6.99,0,20,4,0.679
3,8.4,177.9,57.8,21.178571428571427,-1.0,0,35,4,0.4
3,7.5,160.3,62.1,21.373333333333335,-1.0,0,35,4,0.23
3,8.3,172.4,59.1,20.771084337349397,-1.0,0,35,4,0.5
5,7.5,157.8,60.55,21.040000000000003,-1.0,10,35,4,0.169
5,7.5,157.8,60.55,21.040000000000003,-1.0,10,35,4,0.415
5,7.5,157.8,60.55,21.040000000000003,-1.0,10,35,4,0.477
5,7.5,157.8,60.55,21.040000000000003,-1.0,10,35,4,0.262
5,7.5,157.8,60.55,21.040000000000003,-1.0,10,35,4,0.385
3,-1.0,-1.0,80.0,23.06666667,-1.0,3,35,4,0.172
3,-1.0,-1.0,72.0,24.43333333,-1.0,3,35,4,0.447
3,9.79,185.0,61.9,18.89683350357508,8.0,0,19,4,0.28
3,8.01,153.0,58.3,19.10112359550562,8.2,0,19,4,0.26
3,10.0,163.0,66.1,16.3,8.6,0,35,4,0.7
3,9.1,132.0,70.0,14.505494505494505,8.6,0,35,4,0.48
5,2.845139718825504,56.407650761498424,50.4,26.30288166768854,8.94,10,35,4,0.29
5,2.845139718825504,56.407650761498424,55.1,23.30210772833724,8.79,10,35,4,0.57
5,8.31,107.24,65.03715044039971,12.904933814681106,-1.0,10,35,4,0.462
5,8.78,105.3,65.03715044039971,11.993166287015946,-1.0,10,35,4,0.587
5,11.12,117.88,65.03715044039971,10.600719424460431,-1.0,10,35,4,0.5
5,2.845139718825504,56.407650761498424,50.8,30.700000000000003,8.54,10,35,4,0.92
5,2.845139718825504,56.407650761498424,50.8,30.700000000000003,8.54,10,35,4,1.9600000000000002
3,2.845139718825504,56.407650761498424,70.5,19.300225733634313,7.6,0,29,4,0.621
3,2.845139718825504,56.407650761498424,70.5,19.300225733634313,7.6,0,29,4,1.73
5,4.03,48.99,88.5,12.156327543424316,6.8,10,35,4,0.9
5,4.03,48.99,88.5,12.156327543424316,6.8,10,35,4,0.6
5,4.0,48.99,88.5,12.247499999999999,6.9,10,35,4,0.8
5,4.0,48.99,88.5,12.247499999999999,6.9,10,35,4,0.16
5,4.0,48.99,88.5,12.247499999999999,6.9,10,35,4,0.13
5,4.0,48.99,88.5,12.247499999999999,6.9,10,35,4,0.25
3,3.2,197.0,79.0,22.351348664737735,-1.0,0,19,4,0.36
3,2.9,135.0,86.0,46.55172413793104,-1.0,0,19,4,1.55
3,3.9,130.0,84.0,33.333333333333336,-1.0,0,19,4,1.98
3,3.6,168.0,81.0,46.66666666666667,-1.0,0,19,4,0.34
3,3.9,150.0,83.0,38.46153846153846,-1.0,0,19,4,2.3600000000000003
3,4.0,136.0,85.0,34.0,-1.0,0,19,4,3.8
5,9.72,126.6,40.0,13.024691358024688,7.9,10,35,4,1.4
5,5.7,87.64,80.02,15.375438596491227,-1.0,10,35,4,0.123
5,5.45,84.52,80.77,15.508256880733944,-1.0,10,35,4,0.56
5,0.69,68.38,85.33,22.351348664737735,7.8456135058307,10,35,4,0.21
5,-1.0,68.38,85.33,-1.0,7.8456135058307,10,35,4,0.19
5,2.22,68.96,84.66,31.06306306306306,7.8456135058307,10,35,4,-0.5
5,-1.0,68.96,84.66,-1.0,7.8456135058307,10,35,4,-0.5
5,1.21,67.74,84.3,55.98347107438016,7.8456135058307,10,35,4,0.19
5,-1.0,67.74,84.3,-1.0,7.8456135058307,10,35,4,-0.5
5,0.37,72.33,83.91,22.351348664737735,7.8456135058307,10,35,4,0.473
5,-1.0,72.33,83.91,-1.0,7.8456135058307,10,35,4,0.112
5,1.58,67.74,84.3,42.87341772151898,7.8456135058307,10,35,4,0.186
5,1.31,67.74,84.3,51.70992366412214,7.8456135058307,10,35,4,0.319
5,1.07,72.33,83.91,22.351348664737735,7.8456135058307,10,35,4,0.7
5,1.44,72.33,83.91,50.229166666666664,7.8456135058307,10,35,4,0.4
5,-1.0,72.33,81.08,-1.0,-1.0,10,35,4,0.7
5,-1.0,72.33,81.08,-1.0,-1.0,10,35,4,0.9
5,-1.0,72.33,81.08,-1.0,-1.0,10,35,4,0.49
5,-1.0,72.33,81.08,-1.0,-1.0,10,35,4,0.131
5,2.845139718825504,56.407650761498424,82.67,15.232926829268292,-1.0,10,35,4,0.17
5,2.845139718825504,56.407650761498424,83.59,17.103896103896105,-1.0,10,35,4,0.165
5,2.845139718825504,56.407650761498424,78.36,19.69584008643976,-1.0,10,35,4,0.161
5,-1.0,-1.0,77.2,-1.0,7.8,10,35,4,0.1
5,-1.0,-1.0,-1.0,-1.0,-1.0,10,35,4,0.11
5,-1.0,-1.0,-1.0,-1.0,-1.0,10,35,4,0.59
5,-1.0,-1.0,-1.0,-1.0,-1.0,10,35,4,0.58
5,-1.0,78.27,76.28,-1.0,-1.0,10,35,4,0.915
5,-1.0,78.27,76.28,-1.0,-1.0,10,35,4,1.99
5,-1.0,78.27,76.28,-1.0,-1.0,10,35,4,1.23
5,-1.0,78.27,76.28,-1.0,-1.0,10,35,4,0.975
5,-1.0,78.27,76.28,-1.0,-1.0,10,35,4,0.435
5,-1.0,78.27,76.28,-1.0,-1.0,10,35,4,0.491
5,-1.0,78.27,76.28,-1.0,-1.0,10,35,4,0.328
5,3.2,86.88,82.52,27.15,-1.0,10,35,4,0.223
5,2.92,123.79,77.67,42.39383561643836,-1.0,10,35,4,0.432
5,2.6,178.23,72.04,22.351348664737735,-1.0,10,35,4,0.168
5,2.845139718825504,174.91,45.32,12.01304945054945,7.35,10,35,4,0.14
5,10.27,56.407650761498424,57.9,31.372930866601752,8.14,10,35,4,0.38
5,-1.0,-1.0,59.66,-1.0,9.0,10,35,4,0.168
5,3.89,69.21,76.0,17.791773778920305,8.2,10,35,4,1.1
