material_0,initial TN(%),initial TC(%),initial moisture content(%),initial CN(%),initial pH,material_1,Excipients_1,Additive Species,NH3-N loss  (%)
3,2.6599999999999997,39.900000000000006,65.0,15.000000000000002,7.60664,9,4,4,28.000000000000004
3,2.6599999999999997,39.900000000000006,65.0,15.000000000000002,7.41084,9,4,1,9.0
3,2.6599999999999997,39.900000000000006,65.0,15.000000000000002,6.61538,9,4,1,4.0
3,2.6599999999999997,39.900000000000006,65.0,15.000000000000002,6.40734,9,4,1,0.5
3,1.31,47.160000000000004,-1.0,36.0,7.52,0,25,4,7.26
3,1.14,-1.0,-1.0,-1.0,7.58,0,25,3,3.59
5,2.85,-1.0,-1.0,-1.0,7.7,11,25,4,15.53
5,1.85,35.15,-1.0,19.0,7.4,11,25,3,13.53
3,0.984,50.6,61.7,51.5,7.87,0,25,4,6.79
3,1.12,49.9,61.4,44.6,7.94,0,25,3,2.95
3,0.985,44.9,59.3,45.6,7.96,0,25,3,3.01
3,0.905,37.1,56.9,41.0,7.83,0,25,3,2.71
3,2.46,32.5,65.0,13.211382113821138,6.49842,9,43,4,3.0
3,2.75,30.130000000000003,65.0,10.956363636363637,7.2,9,43,3,4.6
3,3.1300000000000003,34.910000000000004,65.0,11.15335463258786,6.1,9,43,3,2.1
3,3.05,30.0,65.0,9.836065573770492,6.2,9,43,3,0.3
3,2.46,31.883321999999996,65.0,12.9607,6.27,9,43,4,10.7
3,2.97,34.832457,65.0,11.7281,7.12,9,43,0,22.7
3,2.52,35.401716,65.0,14.0483,7.43,9,43,0,14.5
3,2.79,33.530499,65.0,12.0181,6.98,9,43,0,16.1
3,2.73,34.293987,65.0,12.5619,6.92,9,43,0,16.4
3,2.98667,37.7698,60.0,12.646124278879153,7.29412,7,53,4,5.6000000000000005
3,2.9000000000000004,39.300000000000004,58.3,13.551724137931034,7.3,7,53,3,2.3
3,3.2,38.2,59.0,11.9375,7.36,7,53,3,2.3
1,1.390625,44.5,55.00000000000001,32.0,6.37,11,25,4,23.3852839506173
1,1.390625,44.5,55.00000000000001,32.0,6.3,11,25,3,23.9757037037037
1,1.390625,44.5,55.00000000000001,32.0,6.2,11,25,3,17.766893827160498
1,1.79,39.6,60.0,22.1,5.01,11,4,4,13.3
1,1.98,36.0,60.0,18.2,4.43,11,4,3,8.4
1,1.89,36.0,60.0,19.1,4.28,11,4,3,10.5
1,-1.0,-1.0,-1.0,18.5,-1.0,11,53,4,22.0
1,-1.0,-1.0,-1.0,-1.0,-1.0,11,53,1,4.8
3,2.23,41.3,52.2,24.8,8.56364,9,53,4,38.7
3,2.23,41.3,52.2,24.8,8.08636,9,53,1,17.9
5,-1.0,-1.0,68.0,-1.0,-1.0,11,53,4,21.16
5,-1.0,-1.0,69.0,-1.0,-1.0,11,53,3,14.44
5,-1.0,-1.0,57.99999999999999,-1.0,-1.0,11,53,3,10.24
5,-1.0,-1.0,60.5,-1.0,-1.0,11,53,3,37.21
5,-1.0,-1.0,60.0,-1.0,-1.0,11,53,3,16.81
5,-1.0,-1.0,49.0,-1.0,-1.0,11,53,3,11.559999999999999
3,-1.0,-1.0,-1.0,20.8,8.22764,9,53,4,23.200000000000003
3,-1.0,-1.0,-1.0,-1.0,8.11382,9,53,1,9.6
3,-1.0,-1.0,-1.0,-1.0,6.7,9,53,1,7.1
3,-1.0,-1.0,-1.0,-1.0,7.73984,9,53,1,8.459999999999999
3,-1.0,-1.0,-1.0,-1.0,6.82927,9,53,1,5.45
3,2.88,47.52,61.8,16.5,6.33716,9,53,4,34.9
3,-1.0,-1.0,-1.0,-1.0,6.18213,9,53,1,15.0
3,2.11165,42.8665,70.39999999999999,20.30000236781664,7.25,9,4,4,31.319999999999997
3,-1.0,-1.0,-1.0,-1.0,7.82843,9,4,1,21.790000000000003
3,-1.0,-1.0,-1.0,-1.0,7.86275,9,4,1,14.21
3,2.34,-1.0,64.60000000000001,-1.0,7.4,9,25,4,9.700000000000001
3,-1.0,-1.0,-1.0,-1.0,-1.0,9,25,0,9.8
3,2.2340999999999998,-1.0,62.0,29.3,7.84615,9,25,4,3.462
3,2.44843,-1.0,60.0,-1.0,7.94846,9,25,3,2.13
3,2.50053,-1.0,60.0,-1.0,7.51769,9,25,3,5.74
5,2.8000000000000003,46.6,61.7,16.642857142857142,5.7,11,53,4,19.6
5,-1.0,-1.0,-1.0,-1.0,4.8,11,53,1,7.000000000000001
3,1.59,41.34,70.0,26.0,8.8,0,53,4,19.0158
3,1.44,-1.0,-1.0,-1.0,8.8,0,53,3,10.660599999999999
3,1.55,-1.0,-1.0,-1.0,8.6,0,53,3,10.943
3,1.3599999999999999,40.8,-1.0,30.0,8.7,0,53,3,8.542599999999998
3,1.59,39.75000000000001,-1.0,25.000000000000004,8.6,0,53,4,16.6
3,1.5699999999999998,39.25,-1.0,25.000000000000004,8.6,0,53,1,15.2
3,1.55,38.75000000000001,-1.0,25.000000000000004,8.6,0,53,1,12.7
3,1.55,38.75000000000001,-1.0,25.000000000000004,8.9,0,53,1,14.899999999999999
3,1.6199999999999999,40.5,-1.0,25.000000000000004,9.1,0,53,4,15.299999999999999
3,1.35,33.75,-1.0,25.000000000000004,9.0,0,53,1,17.0
3,1.31,32.75000000000001,-1.0,25.000000000000004,8.7,0,53,1,11.899999999999999
3,1.25,31.250000000000007,-1.0,25.000000000000004,8.7,0,53,1,11.899999999999999
3,2.1,38.934000000000005,-1.0,18.54,-1.0,9,53,4,35.3
3,-1.0,-1.0,-1.0,-1.0,-1.0,9,53,3,28.000000000000004
3,-1.0,-1.0,-1.0,-1.0,-1.0,9,53,3,21.2
3,-1.0,-1.0,-1.0,-1.0,-1.0,9,53,3,16.8
3,-1.0,-1.0,-1.0,-1.0,-1.0,9,53,3,14.799999999999999
3,-1.0,-1.0,-1.0,-1.0,-1.0,9,53,3,8.3
3,3.2,41.0,55.00000000000001,12.812499999999998,8.2,7,25,4,12.839999999999998
5,-1.0,-1.0,58.199999999999996,-1.0,7.7,11,53,4,33.900000000000006
5,-1.0,-1.0,-1.0,-1.0,5.52688,11,53,1,16.455000000000002
5,-1.0,-1.0,-1.0,-1.0,6.33333,11,53,1,21.6259069767442
3,1.0774193548387097,33.4,55.00000000000001,31.0,7.7,7,53,4,18.0
3,1.1206896551724137,32.5,55.00000000000001,29.0,7.7,7,53,3,5.6000000000000005
1,1.9,38.0,-1.0,20.0,6.23506,11,53,4,24.9
1,-1.0,-1.0,-1.0,-1.0,4.81275,11,53,1,12.6
1,-1.0,-1.0,-1.0,-1.0,4.42231,11,53,3,15.299999999999999
1,-1.0,-1.0,-1.0,-1.0,5.6,11,53,1,8.9
1,1.73,45.6,70.0,26.4,6.3,11,53,4,16.5467
1,1.73,-1.0,-1.0,-1.0,-1.0,11,53,0,12.879
1,1.6099999999999999,-1.0,-1.0,-1.0,6.2,11,53,1,2.9862
3,1.8680998,48.5705948,58.099999999999994,26.0,8.38,9,53,4,33.01
3,1.7369735000000002,-1.0,-1.0,-1.0,8.35,9,53,3,28.939999999999998
3,1.5455498,-1.0,-1.0,-1.0,8.22,9,53,3,21.279999999999998
3,1.4885897000000001,-1.0,-1.0,-1.0,8.2,9,53,3,17.39
3,1.4000000000000001,-1.0,65.4,-1.0,7.1,9,25,4,21.4
3,-1.0,-1.0,-1.0,-1.0,-1.0,9,25,0,20.7
3,3.4000000000000004,-1.0,64.9,-1.0,6.9,9,25,4,18.4
3,-1.0,-1.0,-1.0,-1.0,-1.0,9,25,0,19.7
3,2.4,37.0,65.0,15.416666666666666,6.82846,9,43,4,26.0
3,-1.0,-1.0,-1.0,-1.0,6.00631,9,43,3,11.799999999999999
3,-1.0,-1.0,-1.0,-1.0,6.2,9,43,3,21.5
3,-1.0,-1.0,-1.0,-1.0,6.1,9,43,3,20.200000000000003
1,-1.0,-1.0,63.5,20.5,6.03,11,53,4,12.86
1,-1.0,-1.0,-1.0,-1.0,6.0,11,53,1,10.23
1,2.33,49.43,43.61,28.8,4.92,11,53,4,50.89999999999999
1,2.33,-1.0,-1.0,-1.0,-1.0,11,53,3,9.87
5,2.32,45.81,55.00000000000001,25.0,7.4,11,53,4,1.02
5,-1.0,-1.0,-1.0,-1.0,7.8,11,53,3,0.2
5,-1.0,-1.0,-1.0,-1.0,7.8,11,53,3,0.11
5,-1.0,-1.0,-1.0,-1.0,8.0,11,53,3,0.11
5,-1.0,-1.0,-1.0,-1.0,8.0,11,53,3,0.06
5,-1.0,-1.0,-1.0,-1.0,8.1,11,53,3,0.04
5,-1.0,-1.0,-1.0,-1.0,8.2,11,53,3,0.02
1,3.1647058823529415,53.800000000000004,66.0,17.0,6.35433,11,53,4,21.2
1,-1.0,-1.0,-1.0,-1.0,7.07177,11,53,1,32.800000000000004
1,-1.0,-1.0,-1.0,-1.0,5.79375,11,53,1,12.6
1,-1.0,-1.0,-1.0,-1.0,5.2108,11,53,1,3.5000000000000004
6,0.8200000000000001,-1.0,80.7,-1.0,-1.0,11,53,4,11.4
6,0.8999999999999999,-1.0,-1.0,-1.0,-1.0,11,53,3,8.13793103448276
6,0.95,-1.0,-1.0,-1.0,-1.0,11,53,1,4.22508196721311
6,0.83,-1.0,-1.0,-1.0,-1.0,11,53,2,7.9278
3,2.04,37.48,69.2,18.4,-1.0,9,5,4,32.5
3,2.04,37.48,69.2,18.4,-1.0,9,5,1,14.5
3,2.04,37.48,69.2,18.4,-1.0,9,5,1,16.0
3,2.04,37.48,69.2,18.4,-1.0,9,5,1,13.3
3,2.04,37.48,69.2,18.4,-1.0,9,5,1,5.9
3,1.8800000000000001,45.0,58.099999999999994,23.93617021276596,8.18689,9,53,4,20.3
3,-1.0,-1.0,-1.0,-1.0,8.07761,9,53,3,13.819999999999999
3,-1.0,-1.0,-1.0,-1.0,8.02036,9,53,3,10.57
3,-1.0,-1.0,-1.0,-1.0,7.92272,9,53,3,9.8
3,1.9,33.4,65.0,17.578947368421055,7.28,9,53,4,1.6
3,-1.0,-1.0,-1.0,-1.0,6.6,9,53,3,1.184
3,-1.0,-1.0,-1.0,-1.0,6.58,9,53,3,0.864
3,-1.0,-1.0,-1.0,-1.0,6.35,9,53,3,0.688
3,-1.0,-1.0,-1.0,-1.0,7.05,9,53,1,0.8480000000000001
3,1.96,38.8245,62.06,19.91,7.5,9,52,4,13.18
3,1.29,35.68,58.69,18.23,7.75,9,52,3,11.360000000000001
1,1.0999999999999999,35.52,53.59,32.46,-1.0,11,53,4,32.7
1,-1.0,-1.0,-1.0,-1.0,-1.0,11,53,0,20.3721
1,-1.0,-1.0,-1.0,-1.0,-1.0,11,53,0,30.0186
3,1.69,37.96,65.0,22.461538461538463,7.56,9,53,4,26.82
3,1.51,37.7,-1.0,-1.0,8.03,9,53,3,21.65
3,1.41,37.34,-1.0,-1.0,8.17,9,53,3,7.31
3,1.35,40.35,-1.0,-1.0,8.33,9,53,3,5.47
3,2.04,38.71,67.60000000000001,18.97549019607843,7.8,9,4,4,29.26
3,-1.0,-1.0,-1.0,-1.0,6.7,9,4,3,16.11
3,-1.0,-1.0,-1.0,-1.0,8.0,9,4,3,30.930000000000003
3,-1.0,-1.0,-1.0,-1.0,7.2,9,4,1,16.12
3,2.0,38.5,60.0,19.25,7.1,9,4,4,24.95
3,-1.0,-1.0,-1.0,-1.0,6.6,9,4,1,11.23
3,-1.0,-1.0,-1.0,-1.0,6.7,9,4,1,22.85
3,-1.0,-1.0,-1.0,-1.0,8.35,9,4,1,26.71
3,2.8899999999999997,47.9,53.800000000000004,16.6,7.9,7,43,4,15.67
5,-1.0,-1.0,65.0,11.37,7.78,11,4,4,31.52
5,-1.0,-1.0,65.0,-1.0,-1.0,11,4,3,21.26
3,2.04,37.480000000000004,69.19999999999999,18.372549019607842,8.2,9,53,4,32.5
3,-1.0,-1.0,-1.0,-1.0,8.0,9,53,1,14.499999999999998
3,-1.0,-1.0,-1.0,-1.0,7.25,9,53,3,20.3
3,-1.0,-1.0,-1.0,-1.0,6.75,9,53,1,12.4
3,-1.0,-1.0,60.0,30.0,6.53,7,43,4,36.3
3,-1.0,-1.0,60.0,30.0,6.85,7,43,3,33.2
3,-1.0,-1.0,60.0,30.0,6.46,7,43,3,26.6
3,-1.0,-1.0,60.0,30.0,6.52,7,43,3,20.4
3,-1.0,-1.0,60.0,30.0,6.5,7,43,3,14.899999999999999
3,-1.0,-1.0,60.0,30.0,6.55,7,43,3,10.7
3,2.084,52.1,55.00000000000001,25.0,7.75,9,53,4,2.5
3,-1.0,-1.0,-1.0,-1.0,8.2,9,53,3,1.55
3,-1.0,-1.0,-1.0,-1.0,-1.0,9,53,3,0.8699999999999999
5,1.46,42.91,67.60000000000001,33.5,6.1,11,25,4,8.7
5,1.22,40.9,67.30000000000001,33.52459016393442,7.65,11,25,1,7.870000000000001
5,1.24,41.06,66.8,33.112903225806456,6.7,11,25,1,6.6000000000000005
5,1.32,41.620000000000005,66.0,31.53030303030303,6.43,11,25,1,3.5000000000000004
3,1.2,32.11446740858506,60.0,26.76205617382088,7.8,7,3,4,8.8
3,10.4,30.176565008025683,60.0,2.9015927892332387,7.8,7,3,3,8.6
3,2.845139718825504,33.99239543726235,60.0,2.536745928153907,7.8,7,3,3,6.4
3,-1.0,-1.0,-1.0,-1.0,7.6,0,4,4,44.47
3,-1.0,-1.0,-1.0,-1.0,7.6,0,4,3,16.74
3,-1.0,-1.0,-1.0,-1.0,7.6,0,4,3,10.03
3,-1.0,-1.0,-1.0,-1.0,-1.0,9,43,4,20.65
3,-1.0,-1.0,-1.0,-1.0,-1.0,9,43,0,28.11
3,-1.0,-1.0,-1.0,-1.0,-1.0,9,43,3,13.86
3,-1.0,-1.0,-1.0,-1.0,-1.0,9,43,2,19.21
5,2.68,30.45,72.1,11.361940298507461,7.72,11,4,4,29.52
5,2.68,30.45,72.1,11.361940298507461,7.72,11,4,1,24.68
5,2.68,30.45,72.1,11.361940298507461,7.72,11,4,1,21.16
5,2.68,30.45,72.1,11.361940298507461,7.72,11,4,2,32.03
5,2.68,30.45,72.1,11.361940298507461,7.72,11,4,2,22.91
3,1.91,38.1,59.81,19.9,7.3,9,4,4,17.13
3,1.79,35.6,60.21,19.9,7.89,9,38,4,11.11
5,-1.0,-1.0,-1.0,-1.0,-1.0,11,26,4,13.6
5,-1.0,-1.0,-1.0,-1.0,-1.0,11,26,0,18.06
5,-1.0,-1.0,-1.0,-1.0,-1.0,11,26,0,13.51
5,-1.0,-1.0,-1.0,-1.0,-1.0,11,26,0,14.29
3,1.52,35.65,66.56369999999994,23.5,8.3,0,53,4,23.3720930232558
3,1.04,23.81,65.05469999999998,22.9,7.2,0,53,1,14.4883720930233
3,1.02,23.61,65.68179999999995,22.3,8.3,0,53,3,16.2558139534884
3,1.03,23.81,67.50139999999998,23.1,7.5,0,53,2,19.46753404651166
3,1.0,37.16,62.35080000000001,37.2,8.2,0,24,4,22.36462474418603
3,0.82,29.73,71.84760000000004,36.1,7.0,0,24,1,20.43658432558141
3,0.8,29.73,55.0916,37.1,8.0,0,24,3,26.72223674418606
3,0.81,29.73,70.15879691100002,36.6,7.3,0,24,2,19.70521341860468
3,0.85,40.41,75.57460000000005,47.5,7.7,0,17,4,21.76474079069769
3,0.7,32.33,64.245593822,45.9,6.7,0,17,1,19.8594578139535
3,0.68,32.33,73.95100000000004,47.5,7.6,0,17,3,18.66850760465118
3,0.69,32.33,73.87280000000001,46.7,6.9,0,17,2,20.28326862790699
3,1.52,35.65,68.08669999999992,23.5,8.3,0,53,4,22.08572474418603
3,1.0,37.16,62.35080000000001,37.2,8.2,0,24,4,22.36462474418603
3,0.85,40.41,75.57460000000005,47.5,7.7,0,17,4,21.76474079069769
3,1.04,23.81,67.32379999999998,22.9,7.2,0,53,3,18.80992832558142
3,0.82,29.73,71.84760000000004,36.1,7.0,0,24,3,20.43658432558141
3,0.7,32.33,64.245593822,45.9,6.7,0,17,3,19.8594578139535
3,1.02,23.61,66.84099999999994,22.3,8.3,0,53,3,18.8699794883721
3,0.8,29.73,55.0916,37.1,8.0,0,24,3,26.72223674418606
3,0.68,32.33,73.95100000000004,47.5,7.6,0,17,3,18.66850760465118
3,1.03,23.81,67.50139999999998,23.1,7.5,0,53,3,19.46753404651166
3,0.81,29.73,70.15879691100002,36.6,7.3,0,24,3,19.70521341860468
3,0.69,32.33,73.87280000000001,46.7,6.9,0,17,3,20.28326862790699
2,0.97,51.3,76.36259999999997,52.88659793814433,6.7,11,53,4,20.64768253488374
2,0.92,50.6,75.0436,55.0,8.76,11,53,1,22.58059025488372
2,0.92,49.4,76.06080000000001,53.69565217391304,9.33,11,53,1,22.53566846418605
2,0.94,48.9,76.22680000000001,52.02127659574468,9.35,11,53,1,22.58059025488372
2,0.91,46.6,75.72990000000001,51.20879120879121,8.13,11,53,1,22.27994097674419
2,0.83,44.6,75.69040000000001,53.73493975903615,8.86,11,53,1,21.90818090604652
2,0.77,41.1,75.83610000000002,53.37662337662338,8.77,11,53,1,22.63592239441861
3,2.18,28.0,65.03,12.88,7.88,3,25,4,23.3759
3,1.9,43.37434388303481,63.17,24.41,7.88,3,25,3,17.5215
3,1.8,43.16737540603248,62.39,27.43,7.7,3,25,3,21.2503
3,1.8,43.65782853828306,62.6,28.06,7.88,3,25,3,18.7578
3,2.05,38.03156300000003,61.97,16.31,7.88,3,25,3,19.4581
3,1.8,45.88559215777261,63.43,39.93,7.88,3,25,3,20.6637
2,2.473897911832947,49.47795823665894,61.1,20.0,6.0,11,35,4,17.65489936516306
2,1.722737819025522,51.68213457076566,53.5,30.0,6.1,11,35,4,19.6221424713511
2,1.363109048723898,54.52436194895591,48.5,40.0,6.5,11,35,4,17.68503247387359
2,2.105820639564209,48.4338747099768,74.7,23.0,8.9,11,6,4,9.517667999151026
2,1.662799690641918,49.88399071925754,65.6,30.0,8.9,11,6,4,18.45233188785017
2,1.357308584686775,54.29234338747099,53.0,40.0,8.2,11,6,4,15.57924926773749
2,1.283007402496962,53.8863109048724,47.5,42.0,6.9,11,42,4,15.98826509115754
2,1.79,42.59,72.00489691100002,23.8,8.2,11,39,4,29.8
2,4.45,44.38,70.46750000000002,30.6,8.4,11,39,4,22.8
3,3.86,46.9,81.0,12.2,7.0,3,53,4,18.6199912
3,3.18,48.8,75.8,15.3,7.1,4,20,4,20.75543129999999
0,2.16,48.2,77.3,22.3,8.7,11,20,4,20.32435385576744
0,2.25,45.3,77.0,20.1,8.8,11,20,4,20.47716322786047
0,1.82,54.5,80.0,29.9,6.7,11,41,4,21.33827316279071
0,2.26,38.3,84.1,16.9,10.7,11,53,3,25.9219308854946
0,2.21,45.3,80.7,20.5,9.8,11,20,3,22.08041657669768
0,2.03,42.5,81.5,21.3,10.0,11,20,3,20.92492709404996
3,2.295194145561243,38.68289928120651,60.0,16.0,6.954763033333339,0,12,4,10.43193172080196
3,2.031960637073607,33.98118955445477,65.0,19.0,6.944186742857148,0,12,4,17.68192030968051
3,1.277269940201892,25.29425999999998,70.0,22.0,7.199152800000002,0,12,4,9.206282871286511
3,2.386932878405209,40.08146983990719,70.0,16.0,7.127311766666668,0,12,4,17.28161902325582
3,2.04231034389359,40.6889710185615,60.0,19.0,6.649135033333336,0,12,4,19.8906775348837
3,1.527390292201894,34.14800336426914,65.0,22.0,7.167312500000006,0,12,4,18.11722718604653
3,2.387783241153718,36.78098493199538,65.0,16.0,6.972203066666672,0,12,4,16.46840585813955
3,1.495309491935857,26.19814039675175,70.0,19.0,7.092696109523814,0,12,4,18.40963567441862
3,1.598367165021877,37.43413740139212,60.0,22.0,7.258119300000004,0,12,4,20.89209030232558
3,2.12,36.7,67.35141999999993,17.3,7.9823613,9,4,4,18.5
3,2.12,36.7,67.33011999999994,17.3,8.0193613,9,4,4,20.0
3,2.12,36.7,67.52870999999998,17.3,8.108158700000002,9,4,4,31.5
3,2.12,36.7,67.15951,17.3,7.917320900000004,9,4,4,40.1
3,2.12,36.7,67.15951,17.3,7.917320900000004,9,4,4,40.1
3,2.12,36.7,67.55981999999997,17.3,8.0069369,9,4,4,25.3
5,1.715,43.97,58.83044999999998,25.63848396501458,7.743668899999998,11,26,4,15.30898242349861
5,1.925,44.47,67.24429999999997,23.1012987012987,7.682135100000002,11,4,4,10.28026519307741
5,1.985,42.27,68.47079999999998,21.29471032745592,7.805135100000002,11,11,4,12.31763101017214
5,1.96,43.165,67.76759999999997,22.02295918367347,7.763535100000001,11,18,4,11.12606204315448
3,1.9,40.0,61.0,21.05263157894737,7.913376900000002,0,26,4,8.194396720999995
3,1.9,40.0,61.0,21.05263157894737,7.9521769,0,26,4,11.71745862234426
3,1.9,40.0,61.0,21.05263157894737,7.9341769,0,26,4,11.74577345468909
3,1.9,40.0,61.0,21.05263157894737,7.937176900000001,0,26,4,10.70427692767213
3,1.9,40.0,61.0,21.05263157894737,7.941676900000001,0,26,4,10.57685931934426
3,1.22,30.2,63.0,24.75409836065574,7.729217299999992,0,9,4,8.82366919280991
3,1.24,31.1,63.0,25.08064516129032,7.731051299999993,0,9,4,8.851688365753077
3,1.5,30.2,64.0,20.13333333333333,7.922627499999994,0,9,4,16.37321940009422
3,1.5,30.6,65.0,20.4,7.862807899999996,0,9,4,14.87139621310602
3,1.19,43.90951276102088,55.72479382199998,36.89875021934528,7.415600000000003,0,10,4,14.30026919499766
3,1.22,44.32714617169373,66.2854,36.33372637024077,7.177707900000001,0,10,4,7.649918038687003
3,1.25,46.79814385150812,62.80799691099999,37.4385150812065,7.21466666666667,0,10,4,8.22534999426982
3,1.29,41.84454756380511,71.77489999999995,32.43763377039156,7.161700000000004,0,10,4,16.58266483734572
3,1.32,43.49187935034803,62.30699999999998,32.94839344723335,7.487099999999999,0,10,4,7.844033619301668
0,2.4,40.7,69.0,16.95833333333334,7.580647899999998,11,7,4,12.49665466166642
0,2.4,40.7,63.0,16.95833333333334,7.382253399999999,11,7,3,9.210104082365367
0,1.87,41.9,63.0,22.40641711229946,7.652439699999998,11,7,3,10.86846328263898
0,1.97,49.0,58.0,24.87309644670051,7.218014300000004,11,7,3,13.51570716885165
0,1.99,41.4,70.0,20.80402010050251,7.691427199999997,11,7,3,11.07369842225447
0,2.4,40.7,62.0,16.95833333333334,7.308101899999998,11,7,3,9.65534445187856
0,2.09,41.4,61.0,19.80861244019139,7.6014139,11,7,3,13.465444857
0,2.15,45.4,57.0,21.11627906976744,7.609300499999997,11,7,3,12.98967170097145
0,2.37,40.5,64.0,17.08860759493671,7.4330296,11,7,3,9.884924387425388
3,1.65,43.0,83.0,16.5,8.45,0,2,4,0.35093
3,1.65,43.0,83.0,16.5,8.45,0,2,4,0.0413
3,4.6,35.2,71.0,6.1,6.8,7,2,4,5.31736
3,4.61,35.2,71.0,6.1,6.8,7,2,4,3.52143
3,3.42,48.7,65.0,12.2,6.95,7,2,3,12.155
3,3.42,48.7,65.0,12.2,6.95,7,2,3,2.805
1,-1.0,-1.0,66.9,31.8,5.6,11,53,4,22.0
1,-1.0,-1.0,57.58,31.5,6.6,11,4,4,20.0
1,-1.0,-1.0,57.78,32.5,6.5,11,26,4,21.0
1,-1.0,-1.0,58.599999999999994,22.5,6.2,11,37,4,22.0
3,2.17,38.76,65.9,17.86,7.8,9,4,4,29.1
3,1.96,36.72,-1.0,-1.0,-1.0,9,4,1,22.8
3,2.06,36.53,-1.0,-1.0,-1.0,9,4,2,21.6
3,2.1,37.4,-1.0,-1.0,-1.0,9,4,2,24.6
3,2.07,36.9,63.0,17.8,8.6,9,4,4,14.49
3,2.07,36.9,63.0,17.8,8.6,9,4,4,14.49
3,2.07,36.9,63.0,17.8,8.6,9,4,4,11.110000000000001
3,2.36,34.8,64.1,14.7,-1.0,9,5,4,13.9
3,2.06,38.0,71.3,18.4,-1.0,9,5,4,12.7
3,1.93,40.9,75.7,21.2,-1.0,9,5,4,9.6
3,2.08,38.0,65.2,18.3,-1.0,9,5,4,18.7
3,1.9,40.1,70.6,21.1,-1.0,9,5,4,16.9
3,2.37,35.3,76.8,14.9,-1.0,9,5,4,27.7
3,1.9,39.4,63.7,20.7,-1.0,9,5,4,20.6
3,2.35,35.2,70.8,15.0,-1.0,9,5,4,32.4
3,2.09,37.6,74.0,18.0,-1.0,9,5,4,24.9
3,2.36,34.8,64.1,14.7,-1.0,9,5,4,13.9
3,2.06,38.0,71.3,18.4,-1.0,9,5,4,12.7
3,1.93,40.9,75.7,21.2,-1.0,9,5,4,9.6
3,2.08,38.0,65.2,18.3,-1.0,9,5,4,18.7
3,1.9,40.1,70.6,21.1,-1.0,9,5,4,16.9
3,2.37,35.3,76.8,14.9,-1.0,9,5,4,27.7
3,1.9,39.4,63.7,20.7,-1.0,9,5,4,20.6
3,2.35,35.2,70.8,15.0,-1.0,9,5,4,32.4
3,2.09,37.6,74.0,18.0,-1.0,9,5,4,24.9
3,1.084689387096774,41.68833944315543,71.66,22.351348664737735,9.19,0,53,4,5.37
3,2.014258931331036,109.5648143985244,75.16000000000001,35.45,8.0,0,53,4,2.589
3,1.815557998100111,34.88742000000001,60.0,26.03,7.25,7,8,4,21.77
3,1.821698998100112,36.37376500000001,65.7,20.0,8.6,9,4,4,13.58
3,1.830004298100112,35.77165500000001,65.7,20.0,8.6,9,4,4,12.93
3,2.654226884419754,35.03935215807424,65.7,20.0,8.6,9,4,4,12.35
3,1.961381895,41.93885999999998,69.47,13.16,7.13,9,4,4,23.810000000000002
3,1.872139878103448,40.49142547563805,66.0,21.9,-1.0,0,25,4,12.590000000000002
3,1.870833758103448,40.38722547563805,66.0,21.9,-1.0,0,25,4,16.16
3,2.193934385080452,37.51888000000002,66.0,21.9,-1.0,0,25,4,17.44
3,2.207793288922557,37.8937454060325,64.0,17.4,7.4,9,4,4,29.5
3,2.18327471846546,37.40829000000002,64.0,17.4,7.4,9,4,4,27.900000000000002
3,1.911524156551724,42.58870555029236,64.0,17.4,7.4,9,4,4,12.8
3,2.525962500000001,104.1240172,60.0,15.39,6.54,9,13,4,4.51
3,3.300718153477851,105.9205693076923,60.0,15.39,6.54,9,13,4,2.5020000000000002
5,3.292418595005085,104.4046382000001,64.83,7.73,8.25,11,13,4,4.44
5,2.445529166666669,30.90866671,57.48,8.54,8.22,11,13,4,2.18
5,2.026948818733965,38.93168490719259,72.1,11.37,7.78,11,4,4,21.16
3,2.226265840778045,44.60722505800465,67.7,18.99,-1.0,9,4,4,35.699999999999996
3,0.9968841935483864,45.29815150812065,60.0,25.0,6.5,7,43,4,36.3
5,2.142323150057043,47.35519466357311,65.0,47.48,7.2,11,43,4,7.3
3,2.117300889565703,37.18338200000002,60.0,25.0,7.7,9,43,4,2.48
3,2.173219160267505,37.29957547563808,74.0,-1.0,7.9,0,24,4,8.12
3,2.210663524812959,37.97062531322506,74.0,-1.0,7.9,0,24,4,16.56
3,1.524620471753617,31.12977276102088,74.0,-1.0,7.9,0,24,4,22.509999999999998
3,2.026113567497537,38.23992846171696,66.7,-1.0,-1.0,0,24,4,8.1
3,2.138165653733965,50.15742068445478,66.7,-1.0,-1.0,0,24,4,9.879999999999999
3,2.151105515489805,42.94369848027844,65.0,20.0,7.1,7,40,4,0.0354
3,2.218666125913735,43.32290308584688,65.0,20.0,7.1,7,40,4,8.86
3,4.382967487460104,61.3195276500802,65.0,20.0,7.1,7,40,4,16.48
3,4.361819485074892,54.05477671315713,77.53,6.53,6.2,9,53,4,2.6
3,3.175467652320319,38.616286459486,66.71000000000001,6.81,7.01,9,13,4,1.2
3,4.126415514398965,50.71793434410016,66.36,9.22,7.41,9,13,4,0.5499999999999999
3,3.974248847732298,50.14637846153725,67.67999999999999,7.35,7.59,9,14,4,0.15
3,2.043140309275499,41.84695255220419,66.25999999999999,7.24,8.04,9,15,4,0.25
5,2.233711866666666,28.46501826666665,72.13000000000001,19.11,5.67,11,25,4,18.970000000000002
5,2.375968732831738,32.49411828666666,69.74000000000001,13.27,7.56,11,43,4,13.819999999999999
5,2.444810466666667,39.01730444,71.05,13.56,8.08,11,21,4,11.66
5,2.353467600000001,31.54446386666665,72.0,13.9,7.4,11,21,4,0.612
5,6.045013729436318,71.90582510521976,71.05,13.56,8.08,11,21,4,12.53
5,6.037513729436317,72.95900782656841,50.0,4.43,7.6,11,53,4,1.447
5,6.261126219790239,66.16843148192574,60.0,4.43,7.9,11,53,4,3.0044999999999997
5,2.090401444745661,36.58605958236664,70.0,4.43,5.1,11,53,4,0.9396
3,2.090401444745661,36.58605958236664,63.0,17.8,8.55,9,4,4,38.09
3,2.090401444745661,36.76365958236664,63.0,17.8,8.55,9,4,4,36.38
3,2.185545950080451,37.29791000000003,63.0,17.8,8.55,9,4,4,30.880000000000003
3,2.185545950080451,37.29791000000003,64.0,17.1,7.4,9,4,4,26.19
3,2.163010250102327,37.26238000000004,64.0,17.1,7.4,9,4,4,24.09
3,2.668392166666666,37.77305564,64.0,17.1,7.4,9,4,4,15.770000000000001
3,2.589267900000001,36.58572513201857,61.42999999999999,14.0,6.62,9,24,4,30.28
3,2.5400561,37.62363871930393,65.75,14.0,7.06,9,24,4,28.22
3,2.300834533333334,46.11927424547564,65.59,14.93,8.48,0,24,4,5.2
3,2.573126400000001,40.52929370904874,76.09,14.43,7.74,0,24,4,2.2399999999999998
3,2.575616200000001,39.41481476751742,40.0,15.0,6.72,9,4,4,3.37
3,2.797464615746701,57.17435090116007,60.0,15.0,6.76,9,4,4,3.17
3,2.621616200000001,40.09538573503483,80.0,15.0,6.63,9,4,4,6.45
3,2.697619933333332,40.38357253503482,60.0,15.0,6.82,9,4,4,3.1300000000000003
3,1.89837974812454,37.24609330904872,60.0,15.0,-1.0,9,4,4,18.35
3,1.654720268808591,41.45347823229465,60.0,20.0,-1.0,9,4,4,20.72
3,1.662037056274191,46.24829314453593,60.0,25.0,-1.0,9,4,4,25.05
3,1.693771898769985,44.98550102088168,60.0,30.0,-1.0,9,4,4,25.95
1,2.074209909484245,43.28969311925756,66.9,25.0,5.75,11,53,4,34.9
1,2.223000581669822,42.71665491322508,58.599999999999994,20.9,5.36,11,0,4,18.2
1,2.13145271346793,39.61294208399073,53.1,18.7,5.13,11,0,4,6.5
1,1.879975696257651,51.37511282407425,47.5,16.8,5.04,11,0,4,1.4000000000000001
3,2.845139718825504,56.407650761498424,60.0,30.0,7.2,9,25,4,0.258
3,2.845139718825504,56.407650761498424,81.0,18.15182829888712,7.47,0,53,4,160.6
3,2.030158912576152,40.07720159350349,81.0,16.161837455830387,7.42,0,53,4,75.5
5,1.748145674184919,41.48466171693732,50.0,19.0,-1.0,11,13,4,1.48
5,1.678395160883716,32.77929392111368,62.0,20.16,7.41,11,21,4,7.558
5,1.793881356435441,32.81418411832948,62.83,19.16,7.35,11,22,4,7.506
5,2.145376592137751,33.77202083751742,61.919999999999995,17.17,7.55,11,23,4,4.7645
5,2.161692419073607,38.84428481392112,63.0,17.17,-1.0,11,23,4,3.025
5,2.184646562339643,38.62483226635732,55.00000000000001,17.17,-1.0,11,23,4,3.9600000000000004
5,1.740810821041611,33.16864887471,48.0,17.17,-1.0,11,23,4,6.2569
3,2.5101029,45.23463180603248,73.67,9.89,8.0,7,25,4,13.530000000000001
3,1.331338380044081,38.15653448628305,80.30000000000001,15.4,7.6,9,53,4,35.57
3,1.318087223310117,37.97099040275639,70.39999999999999,28.3,7.38,9,24,4,28.528
3,1.339158022467928,31.20829895591645,71.6,30.2,7.42,9,19,4,35.480000000000004
3,2.524737,103.8260276,70.1,24.7,7.42,9,1,4,16.37
5,2.445529166666669,30.90866671,72.1,11.37,7.78,11,4,4,18.4
5,2.446229166666669,30.95712671,72.1,11.37,7.78,11,4,4,21.2
5,2.079781363505318,46.991471549884,72.1,11.37,7.78,11,4,4,19.1
5,2.001289095480891,43.45463821877497,55.00000000000001,25.0,7.3,11,43,4,2.7199999999999998
3,2.686926866666667,33.00541882,52.2,24.8,8.6,9,4,4,38.7
5,2.880081325490195,38.61749670081207,62.1,11.5,7.63,11,25,4,29.42
5,2.883086425490195,39.06372700058004,63.4,12.8,5.45,11,27,4,18.38
5,2.718115300000001,35.4221081,62.6,12.9,5.23,11,32,4,18.09
5,2.730640125490197,38.43469962,63.4,12.9,7.52,11,30,4,28.349999999999998
5,2.516099392156863,36.29627528999997,61.8,13.8,5.31,11,28,4,20.669999999999998
5,3.69,87.0,62.4,14.15,6.14,11,33,4,13.88
3,3.72,86.0,66.60000000000001,23.6,-1.0,0,53,4,9.0
3,3.138238865007541,35.60303812923078,66.9,23.1,-1.0,0,53,4,13.0
3,3.069070799515944,85.9399082069231,45.0,8.4,-1.0,7,53,4,24.0
3,3.024338865007541,85.84753433923079,66.7,7.7,-1.0,7,53,4,19.0
3,3.326664902311552,84.58778463692308,44.0,9.3,-1.0,7,53,4,16.0
3,3.446113200000003,90.14442071525971,65.8,7.8,-1.0,7,53,4,10.0
3,4.539022258760394,84.6690855534136,62.0,13.0,8.4,9,24,4,3.9
3,1.723644470000001,105.1669,62.0,7.0,8.4,9,24,4,2.4
3,1.727534264000001,109.4094,72.5,24.8,-1.0,0,43,4,11.0
3,1.83324526,111.31665,72.5,24.8,-1.0,0,43,4,18.0
3,1.83664107,111.4837887470997,74.8,22.3,-1.0,0,43,4,1.0
3,1.83664107,111.4837887470997,74.8,22.3,-1.0,0,43,4,2.0
3,1.176744193548386,43.96602109048721,74.8,22.3,-1.0,0,43,4,2.0
3,2.2960425,33.81100755999998,68.0,-1.0,8.1,9,25,4,11.28
3,1.863664520791133,43.41995530301623,68.0,-1.0,8.1,9,25,4,12.740000000000002
3,2.7,47.45699800464038,65.8,18.28,7.17,9,25,4,9.19
3,3.149865037625853,106.16359556,67.30000000000001,24.03,7.94,9,25,1,12.58
5,2.034405180082273,39.80889920139213,58.199999999999996,20.29,4.45,11,25,4,2.44
5,2.081699611060397,41.15196440696057,59.4,19.14,5.51,11,25,4,16.29
5,1.621275573432186,34.21562387282599,57.49999999999999,18.86,6.48,11,25,4,18.740000000000002
5,2.267485590093753,38.90020945897913,58.199999999999996,19.01,7.56,11,25,4,33.879999999999995
3,1.234579036748745,117.11343387471,65.0,-1.0,6.79,9,25,4,14.2
3,2.176354167339643,39.67536809703019,65.0,18.0,8.5,9,4,4,17.034
3,1.830465374837413,32.43599354988401,65.0,18.0,6.6,9,13,4,9.525699999999999
3,1.595830248116084,41.1390937985522,65.0,18.0,8.6,9,25,4,32.87
3,1.083233057842046,39.61840035854058,45.0,33.85,7.75,9,4,4,2.36
3,1.100367369292619,41.05066600928073,55.00000000000001,33.85,7.75,9,4,4,2.75
3,1.065257369292619,40.82361600928072,65.0,33.85,7.75,9,4,4,2.08
3,1.146739387096773,51.35823503480277,75.0,33.85,7.6,9,4,4,2.02
3,2.115037944551623,46.7794594189977,85.0,33.85,6.9,9,4,4,1.47
3,2.104931293744444,47.12708253637123,60.0,30.0,6.9,0,4,4,8.5
3,2.183875764619906,47.26565640275638,60.0,30.0,6.9,0,4,4,28.1
3,2.192759499821798,47.83999040275638,60.0,30.0,6.9,0,4,4,22.5
3,2.447046532831736,36.3633811329002,60.0,30.0,5.0,0,4,4,17.0
1,3.067448615245105,33.63429487389254,79.0,7.9,-1.0,11,53,4,65.0
3,3.502114170963554,36.89732620257006,68.5,8.47,6.5,9,53,4,16.82
3,3.495111988215044,35.91536813278603,68.5,8.47,6.5,9,53,4,0.9900000000000001
3,3.505914170963554,37.69507134160272,68.5,8.47,6.1,9,53,4,9.629999999999999
3,4.671848124172111,72.50098745899507,68.5,8.47,6.1,9,53,4,0.7100000000000001
3,3.118238159879337,33.90467381367124,65.0,10.0,6.5,9,25,4,13.350000000000001
3,2.826039790838778,32.62598321252899,65.0,10.0,6.5,9,25,4,0.8200000000000001
3,3.118238159879337,34.84757381367124,65.0,10.0,6.5,9,49,4,14.540000000000001
3,3.082614790838778,33.15224128104764,65.0,10.0,6.5,9,49,4,0.76
3,3.118238159879337,34.84757381367124,65.0,10.0,6.5,9,24,4,11.19
3,3.087514790838778,33.23183485104764,65.0,10.0,6.5,9,24,4,0.75
3,3.118238159879337,35.21285050597893,65.0,10.0,6.4,9,36,4,12.479999999999999
3,4.160442561997968,42.31291463238308,65.0,10.0,6.4,9,36,4,0.69
3,4.193109228664635,58.39160924289344,63.1,6.975,-1.0,7,4,4,11.799999999999999
3,4.237725528780387,56.14417805280485,63.1,6.975,-1.0,7,4,4,10.15
3,1.617141836391135,41.98943191415314,63.1,6.975,-1.0,7,4,4,6.04
3,1.990217452733965,44.49992271461716,82.0,-1.0,-1.0,9,43,4,7.93
3,2.572473398996808,43.93213003777262,85.0,-1.0,-1.0,9,43,4,14.860000000000001
3,2.644368298996809,44.07111617802784,83.2,-1.0,-1.0,9,43,4,4.95
3,2.653564331828546,45.20065981802784,83.2,-1.0,-1.0,9,43,4,5.81
3,5.441638533333339,94.7824552545331,83.2,-1.0,-1.0,9,43,4,6.15
3,2.519293198996809,119.8664007829002,83.0,-1.0,-1.0,9,43,4,13.469999999999999
1,1.732379099902084,43.98073887730626,60.0,40.0,8.1,11,43,4,6.154
5,2.273521196382895,38.13346451044085,55.00000000000001,25.0,7.4,11,43,4,6.0
1,2.282421837536612,40.21229335027844,72.0,16.19,-1.0,11,4,4,7.172000000000001
1,2.272815861438838,40.68846824587009,72.0,16.19,-1.0,11,4,4,10.02
1,2.271088649755841,39.44115620000002,72.0,16.19,-1.0,11,4,4,13.139999999999999
1,2.470014666666667,34.12529155999999,62.3,16.9,7.5,11,4,4,16.27
3,1.760276474733965,31.91560887471001,61.0,13.67,7.8,9,4,4,29.37
3,1.361870248935857,39.70914575406032,62.13999999999999,17.23,8.1,9,4,4,14.64
1,1.502568034351645,36.72918677494198,77.84,21.35,-1.0,11,53,4,19.5
1,2.207320290778046,40.77274280139213,65.18,22.59,-1.0,11,4,4,8.25
5,1.583972282665982,43.8721886319629,55.300000000000004,18.4,6.44,11,21,4,1.09
3,1.584169547100011,45.23765070615313,59.79,30.3,8.89,7,25,4,10.555915
5,1.534297682200906,37.93819999999999,65.0,25.0,-1.0,11,13,4,19.134047671113045
5,1.63421832136127,39.63789999999999,65.0,25.0,-1.0,11,13,4,14.062621270834228
5,1.711698897339223,41.36020649651972,65.0,25.0,-1.0,11,13,4,16.01475892796805
3,2.003656116285363,42.97367648164268,60.0,25.0,7.6,0,43,4,0.8994119427297276
3,1.778077375211347,43.10707633410672,60.0,25.0,6.23,0,43,4,0.650756828903138
3,3.481838159879336,36.75708010664111,60.0,25.0,7.51,0,44,4,1.4399686548995068
5,3.175771005647339,35.16554675384616,57.08125,7.8,-1.0,11,16,4,7.041311209244771
5,3.972343092093727,41.18103113366644,54.974999999999994,8.0,-1.0,11,16,4,11.24416429208762
5,3.302193595005085,35.4603236,55.59375,7.42,-1.0,11,16,4,5.1820967280911105
5,2.020727233111407,42.21430989698375,58.868750000000006,7.98,-1.0,11,16,4,3.9650110698475856
3,1.986985676377443,40.05833709698375,60.0,-1.0,6.56,7,21,4,1.031198799012166
3,1.981029546579335,42.45510154431554,60.0,-1.0,7.0,7,21,4,1.3846509067816628
3,2.003431143131059,42.89485053735498,60.0,-1.0,6.53,7,21,4,1.1085656243790938
3,1.991482731111407,41.30245385522041,60.0,-1.0,5.75,7,21,4,0.7616537769492425
3,2.003431143131059,42.53962919164733,60.0,-1.0,6.62,7,21,4,1.2641549826442924
3,2.003431143131059,42.89485053735498,60.0,-1.0,6.23,7,21,4,0.815063244281926
3,2.003431143131059,42.57395053735497,60.0,-1.0,5.93,7,21,4,0.7873970548115419
3,1.785505928241365,42.39889628770301,60.0,-1.0,6.0,7,21,4,0.8650917893984345
3,1.785505928241365,42.98879628770301,60.0,25.0,7.8,9,25,4,1.7149460246029595
3,1.785505928241365,42.98879628770301,60.0,25.0,7.8,9,25,4,1.3846266056161105
3,1.785505928241365,42.55999628770301,60.0,25.0,7.8,9,25,4,1.4453260004742006
3,1.785505928241365,42.39889628770301,60.0,25.0,7.8,9,25,4,1.5074639151012712
3,1.785505928241365,42.39889628770301,60.0,25.0,7.8,9,25,4,1.8038533759275444
3,1.710244107339223,41.71070649651971,60.0,25.0,7.8,9,25,4,1.6979542369506555
3,1.710244107339223,41.71070649651971,60.0,25.0,7.62,7,25,4,0.8929052891901182
3,1.710244107339223,41.72570649651971,60.0,25.0,7.62,7,25,4,0.93000120863898
3,1.710244107339223,41.72570649651971,60.0,25.0,7.62,7,25,4,1.024495396069231
3,2.845139718825504,56.407650761498424,60.0,25.0,7.62,7,25,4,1.016822154955054
3,2.845139718825504,56.407650761498424,-1.0,20.25,8.66,7,48,4,74.58768149801823
3,2.845139718825504,56.407650761498424,-1.0,30.29,8.64,7,48,4,52.9289864550642
3,2.845139718825504,56.407650761498424,-1.0,26.85,8.61,7,48,4,84.51497682183413
3,2.845139718825504,56.407650761498424,-1.0,28.99,8.49,7,48,4,72.79440319817239
3,1.773263211017967,35.96167540603248,-1.0,27.18,8.49,7,48,4,74.71149315808175
3,1.756861172006271,42.47892474150349,62.81,19.21,8.96,0,43,4,0.29838157271549987
3,1.781580650551725,46.25926456421345,59.81999999999999,20.39,8.73,0,44,4,0.25573896971838184
3,1.801547354103449,49.83159736331321,55.78999999999999,21.35,8.52,0,44,4,0.2209159554954846
3,1.931560015487582,33.16543029923432,54.04,22.75,8.34,0,44,4,0.1928403371659476
3,1.588123471625823,32.21987678654291,65.0,-1.0,-1.0,9,25,4,4.670000000000001
3,1.639260412891859,32.12759001160092,65.0,-1.0,-1.0,9,25,4,3.530000000000001
3,2.725947133333335,36.33593656025523,65.0,-1.0,-1.0,9,25,4,3.170000000000001
3,1.731775223576153,34.72431677494199,52.1,12.64,7.27,9,13,4,2.1011196992873833
3,2.188619833333332,33.77264755025524,-1.0,-1.0,-1.0,9,13,4,2.370673071252297
3,1.461985265808376,29.75646032482598,65.0,15.0,7.69,0,4,4,9.74061899442845
3,1.511413355062677,34.205,65.0,20.0,7.74,0,4,4,6.6113992813500975
3,1.615507029563317,42.77644941995361,65.0,25.0,7.6,0,4,4,4.6429401125077225
3,1.093298378194697,42.42120344458324,65.0,30.0,7.38,0,4,4,4.109799262509086
3,1.27423551246793,26.74923433874709,65.0,35.0,7.27,0,4,4,3.097576750195128
5,1.27328072246793,26.02671522041763,70.0,20.42,7.8,11,13,4,11.5329512893983
5,1.27893530646793,26.14579747099768,70.0,20.42,7.8,11,13,4,14.1833810888252
5,2.101572722073607,39.73313324825988,70.0,20.42,7.8,11,13,4,18.230659025788
5,2.51859991346793,42.65213774013922,63.46000000000001,-1.0,5.43,11,27,4,18.382000000000005
5,1.698933367288704,32.40733709976799,62.66,-1.0,5.22,11,32,4,18.095
5,2.110238679060397,42.09900815545245,63.42,-1.0,7.52,11,31,4,28.348399999999994
5,2.485947233333334,37.13799288999997,61.77,-1.0,5.31,11,29,4,20.673899999999996
5,1.669293693883799,31.59066064965199,62.45,-1.0,6.14,11,34,4,13.8777
5,1.665158919282435,30.14597859211135,62.07,-1.0,7.63,11,25,4,29.417399999999994
5,1.091264637096773,40.41654849187935,60.36,-1.0,7.02,11,39,4,22.732499999999998
5,2.511306467201893,41.38897782877032,61.11,-1.0,6.67,11,51,4,20.32729999999999
5,2.594797233333334,36.7969729289559,61.919999999999995,-1.0,6.25,11,51,4,17.219799999999996
5,1.948569340060397,40.64949650812065,62.51,-1.0,6.14,11,51,4,11.777700000000001
5,1.831009137706283,34.25165677494201,61.6,-1.0,5.63,11,51,4,14.70739999999999
5,2.737105433333333,36.51210187501161,63.129999999999995,-1.0,7.07,11,50,4,29.84239999999999
5,1.649845495011593,38.80522830626448,57.52,-1.0,6.55,11,51,4,9.144800000000004
5,1.595214436078918,34.40435454338746,61.07,-1.0,7.29,11,51,4,7.915800000000004
5,1.604212990902338,37.72331727795824,60.61,-1.0,7.39,11,51,4,5.054399999999999
5,1.640731173858587,38.115386774942,59.85,-1.0,7.29,11,51,4,14.817600000000006
5,1.838340168152304,40.14345754060324,60.99,-1.0,7.3,11,51,4,23.28749999999999
5,1.847814832576153,40.72504494941995,-1.0,-1.0,7.44,11,25,4,2.69112080183176
5,1.849669205000001,37.82709941067285,-1.0,-1.0,7.2,11,25,4,1.5930538217908206
5,1.570103313598028,33.73157677494198,-1.0,-1.0,7.09,11,25,4,1.8692465004011682
5,1.570103313598028,33.73157677494198,-1.0,-1.0,7.44,11,25,4,3.8584713073169596
1,1.62783702546793,37.60803895591647,70.41410691099998,19.3,8.229921299999999,5,53,4,0.52
1,1.945071978134596,40.76967000000003,72.23015,16.5,8.407800000000002,5,53,4,0.576
5,3.429619129819451,48.2148584870605,68.01053073299998,9.7,8.005500000000001,8,53,4,0.25
5,10.55498413132694,109.7096596614362,70.47662691099998,1.1,7.878200000000001,8,53,4,0.19
2,1.600055591679602,49.67930962877031,67.083902445,27.6,8.404335099999997,10,53,4,0.25
2,2.052572523400631,42.24108200000001,69.16357691100004,15.9,8.587500000000007,10,53,4,0.354
3,2.340950466666667,35.39535431999998,71.7,14.0,7.55,3,53,4,0.643
3,2.110262290067298,55.81273450580047,77.9,16.0,8.7,3,53,4,0.33
3,2.537012033333333,56.40870991461716,79.60000000000001,14.0,7.43,3,53,4,0.163
3,2.520440266666667,54.09200775870068,78.8,15.0,8.2,3,53,4,0.46
3,2.349850466666667,36.19426431999999,71.7,14.0,7.55,3,53,4,0.675
1,2.102319490067298,55.95153450580048,77.9,16.0,8.7,5,53,4,0.326
0,1.953652916146291,42.67959,71.54517691100001,16.6911889913,8.409600000000001,1,53,4,0.31276
1,2.032320232127878,38.87390208816704,61.99329999999996,24.273982727,6.916372500000003,5,53,4,0.39
5,1.877070133502768,49.4497828936798,62.29,26.71,7.224894650000005,8,53,4,0.22488
5,1.877070133502768,52.1134828936798,62.29,26.71,7.178152150000003,8,53,4,0.177713328
1,1.807839288089657,53.81223507408586,58.98586060099998,24.88111396619999,7.638382200000003,5,53,4,0.11
1,1.939727869410057,52.53789335681672,60.52201214299998,24.75109301639999,7.371591199999998,5,53,4,0.2
1,1.589053736733965,30.6454317865429,66.15062999999996,23.27934779839999,7.090416500000004,5,53,4,0.863
0,1.860659700103449,46.93295568445474,64.45021,23.8031295273,7.134600000000005,1,53,4,0.23
3,1.859882575201893,45.09970854988399,68.0,18.26299752250279,8.1,3,53,4,0.193788
3,1.851021777201894,45.38347177494199,68.0,18.53429547411899,8.1,3,53,4,0.1235274
2,1.627669102837413,45.65442935034804,70.0,27.21518987,8.413299999999998,10,53,4,0.467664
3,3.136499238011697,57.63553406774943,64.1,15.0,8.6,3,53,4,0.1432
3,1.93902570746793,48.63280999999998,65.2,18.0,8.5,3,53,4,0.1643634
3,1.746728479551725,46.81319999999999,63.7,21.0,8.3,3,53,4,0.1725235
3,1.746039471201894,35.94349064965198,71.3,18.0,8.5,3,53,4,0.911746
3,1.539086739,49.3241,70.6,21.0,8.3,3,53,4,0.1824627
3,2.940102766666668,49.92088997262183,70.8,15.0,8.7,3,53,4,0.269977
3,1.521131949,40.64224125290024,75.7,21.0,8.4,3,53,4,0.54678
3,3.139144433333334,67.0719317986079,76.8,15.0,8.6,3,53,4,0.1849426
3,1.761788268201893,47.95800387470997,74.0,18.0,8.6,3,53,4,0.16439
0,1.773829758733965,41.04954037122969,65.0,21.0,7.1,1,53,4,0.2473555
0,1.753971800310117,45.63900520881669,65.0,21.7,7.3,1,53,4,0.225879
0,1.817141802310117,47.46613874709977,65.0,22.8,7.4,1,53,4,0.2164544
3,1.806301869733965,47.59266646171695,65.0,20.5,7.2,3,53,4,0.1761181
3,1.903168271479625,35.68215500000002,69.831,16.6,7.5461275,9,4,4,0.98493
3,1.899372751479625,36.67274500000002,69.831,16.6,7.713700000000002,9,4,4,0.98493
3,1.891115071479625,45.98763499999998,69.831,16.6,7.677177500000003,9,4,4,0.1538619
3,1.900028561479625,36.77984500000002,69.831,16.6,7.5931,9,4,4,0.98493
1,1.866840004687787,55.94802410850122,65.03715044039971,27.12254902,7.88,5,53,4,0.11
5,1.630115882426386,47.56076542923436,55.00000000000001,30.83333333,7.02,8,53,4,0.871
5,1.619503685874662,48.41048422273785,55.00000000000001,30.83333333,7.02,8,53,4,0.28
0,2.776798233333334,40.34930169,57.99999999999999,12.72727273,5.95,1,53,4,0.48
0,2.776798233333334,42.25466847000001,57.99999999999999,12.72727273,5.95,1,53,4,0.35
1,2.058036326935858,46.56273387749421,46.7,17.0,6.1,5,53,4,0.17
4,3.196922761671752,43.98986857487061,55.00000000000001,8.8,8.0,6,53,4,0.239
4,4.134427023922273,47.08178954922957,55.40000000000001,5.4,8.2,6,53,4,1.3
5,2.734703333333334,39.64161937,61.8,13.0,7.1,8,53,4,0.4
0,2.912501133333333,42.90724489666431,62.4,11.0,7.6,1,53,4,0.23
3,1.957125259704029,102.294980436471,69.39999999999999,29.0,8.8,3,43,4,16.5
3,1.970713095,94.58404134570766,71.1,24.7,9.1,3,43,4,27.500000000000004
3,2.002313646346497,93.03564999999995,71.2,17.6,8.8,3,43,4,38.7
3,8.554935425745661,148.035937513198,67.60000000000001,19.0,9.0,3,43,4,48.9
3,1.925854356000001,96.22154499999996,69.19999999999999,19.5,8.6,3,43,4,36.199999999999996
3,8.455836773733967,160.8386313001604,71.0,21.2,9.2,3,45,4,47.9
3,1.868634398,88.70554499999997,70.3,19.6,7.5,3,46,4,24.8
3,1.90891476918851,38.99379531322507,71.8,19.5,8.4,3,47,4,24.9
0,3.195126133333333,51.04792599102442,63.92792691100001,11.5239567718,8.261700000000005,1,53,4,0.1159278
1,1.976694366733965,37.16557500000003,66.5,16.31243012159999,7.494566666666669,5,53,4,0.7
1,1.736261735201894,43.52721854988399,66.5,17.97326186349999,7.644016666666675,5,53,4,0.1
1,1.993678866733965,38.91364500000003,66.5,16.37380616739999,7.610700000000004,5,53,4,0.7
3,3.409911314743511,38.01518322541497,68.53,9.78,6.546500000000001,3,53,4,0.658921141575
3,3.517320400575256,47.19861208220775,68.75,8.0,6.783333333333337,3,53,4,0.197539375
0,3.298718260900066,36.7124792623077,62.5,9.0,6.980900899999998,1,53,4,0.51972393
1,2.097130289565702,45.63964199999999,72.66,15.85,7.269298333333338,2,53,4,0.11376942254
1,2.41230213964893,49.52036696751739,80.43,15.63,7.031787500000002,2,53,4,0.7537348317
1,1.782454286935858,32.43301322505799,69.44,22.83,6.9058017,2,53,4,0.735682464
0,3.442048502999851,50.28947220530667,76.53,10.15,7.186900000000001,1,53,4,0.62188989422
0,1.766783720551725,47.93375754060324,59.71000000000001,21.21,8.179400000000008,1,53,4,0.136121814
2,1.656849891827716,50.55360678654292,80.82,19.34,7.247702309523813,10,53,4,0.2233823634
2,1.775626615551725,48.85543806821345,53.66,21.87,8.1421,10,53,4,0.1769786256
5,4.274749240590694,69.1171333333333,84.89,4.89,8.192066666666665,8,53,4,0.3267526548272
0,4.501064710266936,59.95569999999997,83.87,5.22,8.4404,1,53,4,0.724215643879999
1,1.839446627127877,39.98585514060325,56.24,21.79,7.022399999999998,5,53,4,0.768822696
1,1.786120950910925,43.86903906171693,55.19,24.7,7.5026689,5,53,4,0.6458476
0,2.595296417251491,42.89346647610211,70.13,15.42,7.091760000000004,1,53,4,0.59891766483
0,1.815447806953594,48.76521526821344,57.9,21.58280000000001,7.373868899999999,1,53,4,0.12525327868852
1,2.103814399565703,39.00818200000001,71.04,16.36255569610001,7.341065000000004,5,53,4,0.3929872
1,3.052866301671244,41.1173069464055,67.51,12.0995687150838,7.017300000000003,5,53,4,0.387828
1,1.948206290067297,37.78119000000004,65.33,15.81090659658056,7.460578333333338,5,53,4,0.2822138
1,1.876962557057043,49.78914515913688,61.0,24.90231653550001,7.314160040000003,5,53,4,0.152
0,1.822558815127876,41.58350419350349,44.99999999999999,21.0667572368,7.172599999999997,1,53,4,0.41
3,1.890255213745662,46.57980999999998,65.0,18.0,8.545766666666673,3,53,4,0.12155
3,1.995417850733966,39.84696000000002,65.0,18.0,8.434100000000003,3,53,4,0.786637
3,1.923959309745661,43.47218000000001,65.0,18.0,8.50036666666667,3,53,4,0.2293786
0,1.751506812551726,49.03518112201391,63.8,23.2,8.7,1,53,4,0.155172
3,1.826996090833905,49.15809141531321,55.00000000000001,25.0,8.088699999999996,3,53,4,0.2272
3,1.826110193833905,51.44219141531322,55.00000000000001,25.0,8.073299999999998,3,53,4,0.1976
5,1.826996090833905,51.44219141531322,55.00000000000001,25.0,8.0867,8,53,4,0.172
5,1.829865825833905,51.44219141531322,55.00000000000001,25.0,8.095499999999996,8,53,4,0.212
0,1.074268387096773,46.56772784222738,46.9,39.83122363,7.2,1,53,4,0.34
0,1.074268387096773,46.56772784222738,46.9,39.83122363,7.2,1,53,4,0.34
0,1.737981037103449,42.47133577014154,47.59999999999999,19.93785603,7.9,1,53,4,0.237143
0,1.737981037103449,45.27804899519953,47.59999999999999,19.93785603,7.9,1,53,4,0.1942857
0,1.078752792898063,45.07731335158005,60.3,35.63009973,7.8,1,53,4,0.367
0,1.078752792898063,45.07731335158005,60.3,35.63009973,7.8,1,53,4,0.373
0,1.073196774193547,43.60780189543156,65.03715044039971,37.83542039,7.3,1,53,4,0.652
0,1.073196774193547,43.60780189543156,65.03715044039971,37.83542039,7.3,1,53,4,0.6
1,1.914176071479625,38.07749000000003,70.6,16.8073556961,7.497423333333336,2,53,4,0.35868
1,1.817218375211347,51.50183758700697,60.74499999999999,25.48121653550001,7.485748639999997,5,53,4,0.13542975
6,6.6,92.4,71.7,14.000000000000002,7.55,11,53,4,8.367
6,6.39,89.46,79.6,14.0,7.43,11,53,4,3.219
6,6.69,107.04,77.9,16.0,8.7,11,53,4,3.725
6,6.31,94.65,78.8,15.000000000000004,8.2,11,53,4,3.19
6,5.77,77.9,82.16,13.500866551126519,9.4,11,53,4,0.14
6,2.845139718825504,56.407650761498424,71.5,22.900763358778622,10.32,11,53,4,2.3489999999999998
6,2.845139718825504,56.407650761498424,71.5,22.900763358778622,10.32,11,53,4,0.793
3,8.8,160.3,62.3,18.21590909090909,-1.0,0,24,4,12.270999999999999
3,6.9,149.5,64.2,21.666666666666664,-1.0,0,24,4,5.929
3,7.8,153.5,64.17,19.67948717948718,-1.0,0,24,4,13.753
3,8.7,153.8,63.96,17.678160919540232,-1.0,0,24,4,12.270999999999999
3,8.4,177.9,57.8,21.178571428571427,-1.0,0,53,4,1.19
3,7.5,160.3,62.1,21.373333333333335,-1.0,0,53,4,3.67
3,8.3,172.4,59.1,20.771084337349397,-1.0,0,53,4,2.6510000000000002
6,5.19,93.37,72.7,17.990366088631987,-1.0,11,53,4,23.747
6,5.43,97.8,71.7,18.011049723756905,-1.0,11,53,4,2.789
6,5.43,97.8,71.7,18.011049723756905,-1.0,11,53,4,17.631999999999998
6,5.49,120.81,68.8,22.005464480874316,-1.0,11,53,4,11.458
6,4.73,122.92,69.5,25.98731501057082,-1.0,11,53,4,9.366
6,4.35,126.12,67.3,28.993103448275868,-1.0,11,53,4,12.972999999999999
3,-1.0,-1.0,80.0,23.06666667,-1.0,3,53,4,1.363
3,-1.0,-1.0,72.0,24.43333333,-1.0,3,53,4,3.88
6,2.845139718825504,56.407650761498424,50.8,30.700000000000003,8.54,11,53,4,12.3
6,2.845139718825504,56.407650761498424,50.8,30.700000000000003,8.54,11,53,4,24.9
6,4.03,48.99,88.5,12.156327543424316,6.8,11,53,4,4.661
6,4.0,48.99,88.5,12.247499999999999,6.9,11,53,4,1.491
6,4.0,48.99,88.5,12.247499999999999,6.9,11,53,4,3.48
3,3.2,197.0,79.0,22.351348664737735,-1.0,0,24,4,14.709999999999999
3,2.9,135.0,86.0,46.55172413793104,-1.0,0,24,4,4.1899999999999995
3,3.9,130.0,84.0,33.333333333333336,-1.0,0,24,4,8.75
3,3.6,168.0,81.0,46.66666666666667,-1.0,0,24,4,24.16
3,3.9,150.0,83.0,38.46153846153846,-1.0,0,24,4,11.11
3,4.0,136.0,85.0,34.0,-1.0,0,24,4,8.690000000000001
6,5.7,87.64,80.02,15.375438596491227,-1.0,11,53,4,2.66
6,5.45,84.52,80.77,15.508256880733944,-1.0,11,53,4,2.755
6,-1.0,-1.0,77.2,-1.0,7.8,11,53,4,7.89
6,-1.0,-1.0,-1.0,-1.0,-1.0,11,53,4,7.99
6,-1.0,-1.0,-1.0,-1.0,-1.0,11,53,4,15.619
6,-1.0,-1.0,-1.0,-1.0,-1.0,11,53,4,21.298
6,-1.0,78.27,76.28,-1.0,-1.0,11,53,4,0.539
6,-1.0,78.27,76.28,-1.0,-1.0,11,53,4,0.456
6,-1.0,78.27,76.28,-1.0,-1.0,11,53,4,0.36
6,-1.0,78.27,76.28,-1.0,-1.0,11,53,4,0.226
6,-1.0,78.27,76.28,-1.0,-1.0,11,53,4,0.225
6,-1.0,78.27,76.28,-1.0,-1.0,11,53,4,0.126
6,-1.0,78.27,76.28,-1.0,-1.0,11,53,4,0.15
6,3.2,86.88,82.52,27.15,-1.0,11,53,4,0.412
6,2.92,123.79,77.67,42.39383561643836,-1.0,11,53,4,0.128
6,2.6,178.23,72.04,22.351348664737735,-1.0,11,53,4,0.223
6,2.845139718825504,56.407650761498424,62.9,25.006729475100943,8.2,11,53,4,0.74
6,2.845139718825504,56.407650761498424,62.9,25.006729475100943,8.2,11,53,4,0.351
6,3.89,69.21,76.0,17.791773778920305,8.2,11,53,4,1.5
