Material_Main,Turning times,V2_Ventilation Interval (min),M1_is Enclosed, Composting Method,Additive_4,Additive_2,Additive_1,Material_3,Material_2,Additive_3,Period (d),V1_Ventilation Type,V4_Ventilation Day,V3_Ventilation Duration (min),Compost volume (m3),Application Rate (%DW),V5_Ventilation rate (L/min/kg iniDW),Initial C/N (%),Initial Moisture Content (%),Initial TN (%),Initial pH
-0.0237526571056175,-0.005286232142702558,0.004327895424523947,-0.02477953998666223,-0.004594782534151397,0.0,0.0,0.008414585976157697,-0.0018828426436212542,-0.004536583282197588,0.0,-0.0025064503479263066,0.0022781597135870246,-0.001958197679834858,-4.460988265957267e-05,-0.008823430770517894,0.0038594045459365263,-0.008514016541278428,-0.027958839347062937,-0.014254305648908823,-0.026155919420141057,-0.005570353480415163
-0.020502430683892424,-0.0015510520480950954,0.0032662366579596556,-0.018654034601556558,-0.004850060233546526,0.0,0.0,-0.019207685441705136,-0.0019395545711821058,-0.010318184963759315,0.0,-0.0027645938820350297,0.0017092490166291698,-0.0023416975477721647,-0.0006418436984150537,-0.004533820271733687,-0.0004239021874878289,-0.008248205406715179,-0.03142583464727235,-0.013147869875441328,-0.017473219487069806,-0.004601998311459298
-0.02139730962665534,-0.0013554927408417048,0.0033141128446327753,-0.019838299649973155,-0.005034664538479364,0.0,0.0,-0.015689348754293442,-0.0021169174056527517,-0.01047564152924746,0.0,-0.00250285487542118,0.0016173389718947418,-0.0025904563763703165,-0.0005097294751797312,-0.005404167641489723,-0.0019860669321956556,-0.008464850112485447,-0.030694363505947647,-0.013246399669777524,-0.01848464609172094,-0.0009454811629662759
-0.0009368622755390861,0.02127762161402825,0.013687172522792017,0.008379838261142953,0.003509361945947438,0.0,0.0,0.010177120307349175,-0.0010091457360803713,0.0016956977419634162,0.0,0.0014779567379987885,0.004493796142539486,-0.004110036403093497,0.0007444179574172073,-0.004137526898772343,0.022628935241424245,-0.00249350550189306,0.03348304698986155,0.004489654448248804,0.04635761186628468,0.007997066496760144
-0.014784034428683568,0.013176436081260866,0.007821386650218046,0.005808129802472117,0.001845192669385037,0.0,0.0,-0.007531799666877436,-0.001762920788961798,-0.0022184690680006653,0.0,-0.00028632448932806593,-0.0005691221350590911,-0.013378928490855216,-0.0005168820045221613,-0.008287883750063674,-0.032944443736064546,-0.00763502049522774,-0.009634157827691905,-0.008249119026153374,0.004394243666022188,-0.020672857774665945
-0.011675183304497424,0.013219509113625282,0.008457702600345611,0.006192004469322062,0.0019291014489232654,0.0,0.0,-0.0033713158789377097,-0.0017304071552154225,-0.002766701090436508,0.0,-9.537527858992568e-05,0.0005105319564986337,-0.013816969833039618,-0.00039835635576570053,-0.007586186141618229,-0.030502892086810243,-0.007411620819567029,0.004668578969439706,-0.006236248012635565,0.008711997502009957,-0.02156633597652903
-0.0030781990657128516,0.022277962994158206,0.008025003891249076,-0.013604983033979052,-0.007340747782781239,0.0,0.0,-0.006051443894323844,-0.002806076553391963,0.002965495304151893,0.0,0.0034815046537808566,-0.0005854016148759912,0.0024426628688122825,-0.00015106018131086103,0.014362230135314073,0.0017468964821867273,-0.0016829409163352789,0.01294452742598841,0.005042018313603368,-0.002542270764090138,0.0010776093934092028
-0.0030781990657128516,0.022277962994158206,0.008025003891249076,-0.013604983033979052,-0.007340747782781239,0.0,0.0,-0.006051443894323844,-0.002806076553391963,0.002965495304151893,0.0,0.0034815046537808566,-0.0005854016148759912,0.0024426628688122825,-0.00015106018131086103,0.014362230135314073,0.0017468964821867273,-0.0016829409163352789,0.01294452742598841,0.005042018313603368,-0.002542270764090138,0.0010776093934092028
0.015030510121637248,0.0059306726883555025,0.008790156359141337,-0.02276805902520334,0.0018014948226863425,0.0,0.0,0.016953440213691554,-0.0015440249546920923,-0.004785075325196971,0.0,-0.004089773114997954,0.004544878512704045,0.0044677159066293815,0.0006309775382602077,0.006295728095364418,0.009324855794329205,-0.004542647328662388,0.0015322648950527418,-0.0034451605830593934,0.01196374365493831,-0.00017128043467253738
0.004629458135104936,0.001246238310790238,0.0065273102709420055,-0.025381062187286925,7.278502458327915e-05,0.0,0.0,-0.025265489903585018,-0.00222861952996931,-0.009329251514630604,0.0,-0.004645661678495489,-7.81646532275186e-05,0.002111561939570166,-7.914949684717625e-05,-0.001720413479108576,-0.040086157082654186,-0.005226787744170882,-0.0011166521921441236,-0.007313140603073061,-0.007152203191079142,-0.007986075800025083
0.012146068865581762,0.00598247708747916,0.007917087111426198,-0.01633238512128029,0.00043716911539367384,0.0,0.0,-0.004696435890570704,-0.0024022040795141065,-0.007883162735206352,0.0,-0.0007218828928493887,0.004890598775231464,0.002701112144226036,3.7962043020732566e-05,0.0051021765382880105,-0.0018909861277590229,-0.004424065268424246,0.0014893699774342548,0.0005061744790394308,-0.004907889479256388,0.0018108039672805635
0.017566827936380525,0.011073609453683422,0.008088551785517819,-0.016396011539497882,0.000636360899947222,0.0,0.0,-0.0004434069950399806,-0.0016040609063056451,-0.004988693364415039,0.0,0.00036876932846079217,0.004593898507599176,0.0031858850542854475,0.00010720013690379801,0.01068047943017877,0.019408745708229102,-0.0037401452099174825,0.0027125287944835606,0.008675579562541263,-0.0025322309510318816,0.023148218811447678
0.016299547303672692,0.011954735075466082,0.007649860368291992,-0.015429232311420321,0.0002547737828469444,0.0,0.0,-0.002257390262871724,-0.001558267382401493,-0.00410573241942968,0.0,0.0002690081541489052,0.0037558761249834776,0.0029295784531360135,-4.344855363392238e-05,0.009422962807859236,0.01288658488854894,-0.0037385481764618373,0.002660770811756089,0.0073117193136229075,-0.0016013384609436237,0.013994824758440872
0.011193548814777028,0.006133424290130378,0.005924900391199681,-0.019801888050327853,-0.0013749556334195308,0.0,0.0,-0.007267487508849927,-0.0015501428863894163,-0.006973372809220568,0.0,-0.0009432083882428658,0.0030334167259312176,0.002259217137182407,-0.0002774851359195398,0.003796054905451218,-0.021141809530913942,-0.005356665542721866,-0.0008912975366848949,-0.002721652317750686,-0.01029907271973739,-0.02249127005425316
0.020463176454809457,0.028818528634083688,-0.00803628768793477,0.005622507564341674,0.001998809639350775,0.0,0.0,0.008246137157158186,-0.0011055469086744974,0.0013349833058031685,0.0,0.00048755503053309757,-0.00026580300297968616,0.004957639840833017,0.003913410591197101,0.006348897806903176,0.005999785399882815,0.018856781368045705,6.813334004420343e-05,0.0015599133059966519,-0.007618043038782845,0.021169795082941336
0.018383782313649347,0.024593368151107044,-0.007060637589663603,0.005352445094284645,0.0019270922262524326,0.0,0.0,-0.014838873219554415,-0.0016487800749545815,-0.0073008620742495735,0.0,0.0002568263002440462,-0.0005370203038213891,0.006814866123088813,0.005384640187300041,0.006949100941775454,-0.000738707154889613,0.02105812209336727,-0.0058537752299739985,0.0012058033165583083,-0.004325022158918601,0.022658491146298993
0.01838164298232539,0.024450377788869524,-0.006724643736507724,0.004781613911444046,0.00184930380521005,0.0,0.0,-0.012378405600958266,-0.0017034834189033213,-0.004808131425822074,0.0,-0.00028490871348232173,-0.000728418645833688,0.005148518308143293,0.006373434203735109,0.005568298613315465,-0.003142546801072944,0.018488313901187478,-0.008798933290666253,0.002371829758378832,-0.003240645260176519,0.015735908492247874
0.01946373972023341,0.02373564543367132,-0.001246129285152577,0.006075284437807975,0.0024698161401213135,0.0,0.0,-0.006492059956641498,-0.0015900795610892654,-0.003006988084909395,0.0,1.487969033469966e-05,-0.0003998439179799473,0.005884772923288102,0.0072091560832832574,0.008495022423354974,-0.0005899833257797356,0.020036988935994884,-0.005011190108040887,-0.001761024717127446,-0.0027157630143386743,0.01526554921726858
0.026696053307852102,0.02358347075594148,0.009089495276545272,0.010026728594109397,0.004915528501887692,0.0,0.0,0.0013310487066193297,0.06536733254813026,-0.0018189559308412543,0.0,0.0032036832328093696,0.0012365121675555041,0.003666672705124402,0.001389048802620596,0.02282164524860753,0.0015559669725447526,-0.002979075972902584,0.015494966394764833,0.0037743200822666595,-0.006384485824391222,0.004327305839295945
0.027731271196456544,0.024674443636282437,0.010497733541976187,0.0101760599663853,0.004911081343581833,0.0,0.0,0.011629618626931978,0.06116446545041069,0.001430073459346891,0.0,0.003384447869281387,0.0006561195033457886,0.003648411522553847,0.0012654409670250168,0.024067532100505752,0.0015909566770039283,-0.003108998513647138,0.015944363209100452,0.004043931685250093,-0.00563284988724793,0.004055787138756649
-0.013026356307900173,0.0018092074139104688,0.006792014573293238,0.013832498271355109,0.00329508480232913,0.0,0.0,-0.006602857368292207,0.023288439840433044,-0.00036330768684466046,0.0,-0.003343002049263703,0.00011699229459080074,0.0018010200696436517,0.00013682047215457697,-0.002709534027128006,0.0038111946623823213,-0.006447466483080166,0.016354686711686835,-0.00447036222412343,0.014457559900321196,0.0016001149037173745
-0.01656182319363794,-0.0006393255047982024,0.00919292984271433,0.010801295853438916,0.003676669994148683,0.0,0.0,0.005319665033431653,0.010971807006769054,-7.963183504208285e-06,0.0,-0.002399290180944141,-0.002298924406373431,0.0021244166330574195,0.00010705847089965882,-0.005000946685034425,-0.011565593555579333,-0.006193384822781735,0.022167835984091923,-0.007774411194927594,0.008383285985683336,0.003104213808605932
0.003988180332130925,0.03434194550592999,-0.0006917186262087213,0.006022662962761671,0.0025353641556066526,0.0,0.0,0.009179102097626167,-0.000898575611122043,0.0019276269539096477,0.0,0.0008871643614894464,-0.0005104829895051048,0.003591557892077189,0.006058146372008314,0.008993657517565985,0.0057158762899266,0.02039221887666941,0.017776859063397463,0.003820354300609184,-0.0036914371388261672,0.019335920070677963
0.007643176957192022,0.028951987655626815,0.0018734035424329632,0.005972290627956628,0.002527737205459599,0.0,0.0,-0.008715998412427204,-0.0012016328500855814,-0.0021047210422909914,0.0,0.0007969379843246001,-0.0006170831312798496,0.00415791544058992,0.007411322403321436,0.010189693885950871,0.008583772398000174,0.015857639328168607,0.018654557902357663,0.002425506421359267,-0.0010508822200688776,0.024005954755642562
0.042598637349683346,0.032647989406822515,0.017318205987309706,0.007134668711073971,0.0024842905330305764,0.0,0.0,0.006758180214126745,-0.0017287867330958652,0.0013431480059695445,0.0,0.007984402870307815,0.004884436988995872,0.009312060055659483,0.0022058044513905526,0.016912048093360065,0.0059169678429866115,0.024529160541423456,0.015616343547101084,0.009786301241404925,0.020243398569899373,0.008727568494217566
0.0029292083701439524,0.018510687952944197,0.01550489381233341,0.008967025363507,0.0033350754095564793,0.0,0.0,0.00976553291516078,-0.0014290154176365302,0.0016955128012289835,0.0,0.0031147691281242216,0.005704942157558444,0.0018419345745302126,0.0020230010593086213,-0.0020161581312222493,0.02054819859378838,0.00039024452077761394,0.028537100123865428,0.0050710655821801405,0.04642162093052419,0.012541380486333426
0.003297587124027493,0.018364356204328004,0.015036207874678457,0.008582181804196015,0.003564212506731648,0.0,0.0,-0.0022492487659419086,-0.0013938023067819594,0.0005222069547396624,0.0,0.003032150186857492,0.005738282221486393,0.0013661292445297849,0.0019163140936454652,-0.0008589440759094142,0.016617283511358154,-1.0666405846802631e-05,0.025915493749329343,0.004797207748825541,0.0411632417928318,0.007233264048086642
-0.0014318895385928624,0.01606208842873012,0.014046719072352639,0.008221336278878024,0.003132863043516037,0.0,0.0,-0.0026157972619911493,-0.0017499250830221617,-0.0009701447242308678,0.0,0.0030698227056862363,0.004858525791741627,0.0019105773906996752,0.0019251624596110367,-0.0011251450513128957,-0.006804133614802916,-0.003197875210669757,0.023276503714269002,0.0029342829385071447,0.030162612942302436,-0.0033805983756987966
-0.0012580931068836045,0.015912461862092823,0.013373722167570401,0.008373298617393913,0.0031810225716534476,0.0,0.0,-0.002577521583135129,-0.0016643445554582383,-0.0010794302562624858,0.0,0.003254749918521134,0.0038206487414188793,0.002813739162241415,9.940415130686095e-05,-0.0014851479013851913,-0.01095509117190238,-0.003507172002758621,0.02366883500579633,0.0030180141635727277,0.030545277261989714,0.004419570847380351
-0.0031475291286289183,0.013499054627791307,0.012280252593927444,0.007954233639532831,0.0031553394755606326,0.0,0.0,-0.0034387131703962474,-0.001645850203458163,-0.0019597000678651254,0.0,0.0028750215994035734,0.0037135040127206074,0.0026634412638823738,-0.0002820989230066739,-0.003908033909232653,-0.025525268333985697,-0.005560028143012602,0.01909559002111865,0.0005182392017512197,0.016696403913799614,-0.004882173219665657
-0.00421756213719669,0.013453345742410281,0.012037520989858377,0.007961567250826782,0.0027531606853274052,0.0,0.0,-0.003927003158276252,-0.0016414524504806054,-0.0021894903816886387,0.0,0.0029601944539755245,0.0032282897871343495,0.001418727436215906,0.0002655557447028034,-0.004596715517932778,-0.035911053810062224,-0.006325179633897173,0.020616722867493928,-0.0017743298439801703,0.016319934688144785,-0.004290747332858748
0.06396042107838248,-0.012263689360221727,0.006579057036368723,-0.0022477509923587166,0.003337510251332777,0.0,0.0,0.006725089474352747,-0.0010512571691793386,-0.005448602654348014,0.0,0.005893587528472208,0.01006952299176419,0.005293818851533025,3.848066680153747e-05,0.0029318021588030994,0.00683243657396699,0.001728158051304022,0.013002179392645422,0.011256027376041507,-0.0010655257499684095,0.0056240690334545896
0.05608482947277772,-0.012160662850182602,0.0071165383615782295,-0.005280899398340115,0.003299570064620752,0.0,0.0,0.010431459702376874,-0.0013811576447921162,0.00228008867538649,0.0,0.0041140953394363895,0.010054254676211212,0.005641736191528216,0.00025762694608226033,0.0081754801251225,0.007335082121411281,0.0027859906750064872,0.0034246219946831007,0.013346143614525173,-0.0022384998238252295,0.007064356033525215
-0.015365179336618743,-0.02162098078920106,0.006372167610339624,-0.016309530605294813,0.002426294485913613,0.0,0.0,0.006818962609214513,-0.0011309818982146282,0.003156304130561931,0.0,-0.0021586006697271666,0.00499909204548627,0.0020567365811165143,-0.0003458905322196264,-0.008876096997774472,0.005131897064249365,-0.002421115792614442,0.01791917802495267,0.0005578172762566857,-0.00640160237551958,-0.007602900508952326
-0.01619517186725811,-0.02110583136006301,0.005399256170474421,-0.016933555119425715,0.002502075956883741,0.0,0.0,0.006903091855028588,-0.001146163141521795,0.0027882797993698445,0.0,-0.00037629304459751333,0.0051964734550190165,0.0022380300940723886,-0.00042061637717699234,-0.00834560638872441,0.005710531812393438,-0.0022277843712763786,0.017897570873038452,0.0019356349612046353,-0.006869892080932876,-0.006173337100421114
-0.0218836089739797,-0.023765526090574203,0.007096815208128453,-0.019508760716192647,0.004034065756709565,0.0,0.0,0.0036216544527357783,-0.0011787066645550126,-0.006631401056506167,0.0,-0.0049272848958701616,0.000777196793904398,0.0008473410776118402,-0.00072808604316729,-0.010381181542006181,0.004124913111036903,-0.006964245591858743,0.005408450977405649,-0.018589793554002733,0.004843074518777074,-0.010529023874637089
-0.025115228448031896,-0.01755446751733744,0.0028843514040642797,-0.011227030640566876,0.002086066417696855,0.0,0.0,-0.0003934293959708467,-0.0013186572600376557,0.0032138658102645926,0.0,-5.799860882057186e-05,0.003332127119401532,0.0006551293964998607,-0.001076883410118161,-0.008118139863258867,-0.016596198683787262,-0.0049688121022507525,-0.009248801559554636,0.003216540843403241,-0.006105905759569401,-0.00231383367957551
-0.016358225166038933,-0.01830367757246462,0.004679809022581145,-0.013450950276099737,0.002046599813697431,0.0,0.0,-0.011513278708161736,-0.001509308818921524,-0.002507512867901876,0.0,-0.0018521229030041902,0.0031876156733284407,0.0013808232958747487,-0.0003294070558121651,-0.0057120834541484426,0.00476269317959372,-0.0035961087657445856,0.015871009040904743,0.004741252809095359,-0.00333721016590224,0.003284841088001601
-0.01598118977439523,-0.018303359048471902,0.004331645897612917,-0.017722756639446727,0.001769148867608291,0.0,0.0,-0.010593695917122996,-0.0013593475805801008,-0.0029389897185206435,0.0,-0.0045617353576508585,0.0020874446296630673,0.0011318236417315645,-0.0005934100918576964,-0.0072406217537778535,-0.016165508920417015,-0.0074888007793701755,0.01646066750072691,-0.0008536958026645552,-0.0007785212389849606,-0.00504635216298048
-0.02392317822894533,-0.03349953690342016,0.003730878781413256,0.004446176739333357,0.0014411035596932004,0.0,0.0,0.001374514286659692,-0.001488429724276307,-0.0038284876699663825,0.0,-0.004096956747258633,-0.0060473652682707995,-0.00526418383752244,-0.0015085771426153896,-0.020730572540475934,0.0028142669543278136,-0.0011624531797904598,-0.024933389506882522,-0.0012588489437710608,-0.027575260495367997,-0.0010450713627969414
-0.024187128054352504,-0.03270000419127487,0.00417774948716655,0.004306443209222703,0.0014387835054247228,0.0,0.0,0.0018113335460859673,-0.0015140048512649973,-0.0031809897978822056,0.0,-0.0030188576339151172,-0.005549111487901523,-0.0049727909833544295,-0.0014942851632985497,-0.02144574705117047,0.0034779418990757926,-0.0014084915297152343,-0.031567358871601954,-0.0031388131805357242,-0.03037917067112885,9.890650248705541e-05
-0.024525446625977457,-0.033658655996596586,0.0039553170413215355,0.004010531383873327,0.0014385339414326854,0.0,0.0,0.0018946258321901645,-0.001513585522663078,-0.003231968207877355,0.0,-0.0032151585092461835,-0.006617154045667187,-0.004934346411370271,-0.001518300635677051,-0.022164553500597126,0.003135614790444476,-0.0009930603129528178,-0.028810935384766537,-0.0021885399877560885,-0.03069575506530581,-0.001098840403608937
-0.023255531759753586,-0.03366329824674369,0.004190351988192763,0.004627353674950983,0.0017191769136412868,0.0,0.0,0.0011175809617105078,-0.001606085444379029,-0.0019889514347008422,0.0,-0.002728118498338809,-0.0067015384438507564,-0.005100149248503896,-0.0015212679585157045,-0.022448370324309172,0.0032681136847327566,-0.0010137370369541789,-0.03282591144131871,-0.003404295882041344,-0.02757225939666758,-0.0015798177232963341
-0.02355496675106102,-0.0340186540113,0.004083584654757814,0.003611460870510022,0.0013824461395352105,0.0,0.0,0.001403669999072842,-0.0016371255139769698,-0.002884718670980954,0.0,-0.003575123017694282,-0.006258554560721983,-0.005212176844006876,-0.0015168930022203325,-0.021355451591526818,0.002510547667455487,-0.001051335054848475,-0.030147069447252473,0.000773545062469715,-0.026309174806082854,-0.0019083202185782126
-0.02249138911365653,-0.030494991960964436,0.0028388477928108966,0.003690816684938468,0.001251677302971916,0.0,0.0,-0.0014941023927921347,-0.0017678400773637644,0.0037523603125999,0.0,-0.0033959187362979128,-0.005261034327130907,-0.003672560261670593,-0.0018181159661182311,-0.0194164793995556,-0.01707217911270359,-0.003176171209258944,-0.02187184454886712,-0.005079611126888006,-0.025711776118788107,-0.0005163180163764185
-0.02472962150188626,-0.0315125335214679,0.0029107039785896756,0.003101452020042944,0.0008363702983070051,0.0,0.0,-0.0017958132374458918,-0.0018433277533550893,0.00425315408143834,0.0,-0.0035762915688650997,-0.005045792052424259,-0.004717608822547658,-0.0017950199805028065,-0.019676698059889915,-0.010115451000305836,-0.002424232581605928,-0.032472603421518344,0.0006220224584894869,-0.024146698304923973,-0.001256614956993894
-0.023443845078057888,-0.033664420066386765,0.00403398312301368,0.004479938833113672,0.0014106238618013622,0.0,0.0,0.004809997302731309,-0.0018661545996927513,-0.00026750907339172795,0.0,-0.002804571634489215,-0.007777304117174989,-0.005195957848533568,-0.0012507855429629408,-0.020601801300882745,0.002892225201586302,-0.0011500610241910998,-0.0372273897177175,-0.005374735377478048,-0.02604766029940211,-0.0005983676364285944
-0.023996606573789093,-0.03042956068561197,0.006470591701042726,0.003523694987452498,0.0016680983039954378,0.0,0.0,0.002138989525242405,-0.0014493263344636,0.018178950341416696,0.0,-0.002572005133868544,-0.006349482801943523,-0.004553240287889095,-0.0005811792806114616,-0.022631177013598836,0.003145073886081399,-0.0017162891141779748,-0.025966333769603674,-0.0011989050272066702,-0.026959398499755677,-0.00037933017087520726
0.02583693044517286,0.027615381768901236,0.01001096354783067,0.0048776689215971405,0.0017253260483833977,0.0,0.0,0.005188201270486219,-0.0017101305227466186,-0.003143009435860769,0.0,0.000391441364738472,-0.00436382264079406,-0.004631403564047615,0.00034790886645744216,-0.0005502455029566655,-0.009131672465613496,0.009271365740099262,-0.020165256942459905,-0.0037915943582715462,-0.020650590795696828,-0.0011469377472216429
0.004702302937991832,0.02309725539524538,0.012332191070246657,0.00934029383696786,0.0034107048832373392,0.0,0.0,0.004283568421731096,-0.001232860886903713,0.0002512146162642678,0.0,0.004286447653716703,0.005398516425655304,0.0038723318190365392,0.0013064562292484034,-0.0008053125703689403,0.008150515015056904,0.01838818637349739,0.028711989244004896,0.003878212482198237,0.02622952261349953,0.0034763636121883197
0.007596426796578882,0.021700761215254466,0.012141825294569345,0.009646088806905477,0.005170441443335594,0.0,0.0,0.005469491619907402,-0.0009998958965155352,0.0005951996501307502,0.0,0.0038945943216769684,0.005931238980687817,0.00571186461506606,0.0011830336024867486,0.014941852293734815,0.009182600341465867,0.01752095817659708,0.032400782195707446,0.001445763210666427,0.031130115512631215,0.002087125057504067
0.013858040067191752,0.023511332331957655,0.013685651957035637,0.01055788633641725,0.005388666313782356,0.0,0.0,0.005502985842646571,-0.0009044040213700812,0.003041128125549048,0.0,0.004902589330050339,0.006157191817990211,0.006312182527911515,0.0016014766723407353,0.02719366571454692,0.011165838972968214,0.020139449261299874,0.037734767524398076,0.007173274870142086,0.04462012802519445,0.004916594578949748
0.0190733286221265,0.0016297153997040109,0.007848772147294701,-0.02538438093857093,-0.0006610515104366519,0.0,0.0,0.013121752093711242,-0.001857258127466108,-0.006095844950737307,0.0,-0.0017322157413191526,0.00487329122736378,0.004550425188498144,7.474293144641132e-05,0.005852590400598175,0.0059482431685897435,-0.003461278116443596,-0.002296399387409423,-0.00992960275985331,-0.01296046065164124,-0.002529542308504524
0.01842032046397133,0.004879831966765367,0.009091602645439067,0.016848692675138322,0.0016494309250438262,0.0,0.0,0.013919914143551496,-0.0018223701562535472,-0.00460628507409879,0.0,-0.0006307952921906826,0.006784918113234269,0.006002341401911114,0.00017026749478771304,0.009185306482810194,0.007530874329572538,-0.001504119280455772,-0.0006710412342763043,-0.0026260703809160655,-0.01212646600614718,-0.001103654776875163
0.026566597603520578,0.05262073297915574,0.0078478307283738,-0.02862739819613974,0.0029700822956475834,0.0,0.0,0.013621231188016837,-0.0011392361131197645,-0.0050347187493034,0.0,-0.0004759200894434605,0.005541806040249436,0.005263778688450319,6.911034910150785e-05,0.01574192674630756,0.008541710556361904,-0.002740244312328217,0.004978330992984875,-0.0055670896908364504,-0.007792123879409994,0.004341887523838804
0.02684463075149775,0.06142784210191251,0.009146181450786502,0.019162667973264953,0.006009382497535587,0.0,0.0,0.014416970612741031,-0.001060751711520538,-0.0035518451343056275,0.0,0.0007781441938549651,0.008256006433965728,0.006749709305352936,0.00017484707701850082,0.018398728475846247,0.010471433826283192,-0.00017184556823384253,0.006700925836435287,0.00184061864767595,-0.006208986325824694,0.006407554289671102
-0.005878892450587988,0.009417534974658914,-0.016126865071370337,0.0059548585667740395,0.002081295028592054,0.0,0.0,0.008625875920201918,-0.0015023324733286548,-0.0010332851809954078,0.0,-0.00037346868493178046,-0.0031873448906513772,-0.007455574965197807,-0.00048200859051958253,0.005950985512758633,0.0028443998838378094,0.011848246497580237,0.0025308335129077962,-0.004385294981223124,-0.01250496785034812,-0.002024282333402274
-0.006513931874924229,0.011939864483794652,-0.01433088276976018,0.004495978054422512,0.0024454421763593784,0.0,0.0,0.002909051491138814,-0.0013455590369714483,0.00041837529209728865,0.0,-0.00019377369798901885,-0.0023488744397047673,-0.008122123996903706,0.0012247303929902365,0.00604856907283141,0.0023455989952481573,0.010115299025411193,0.0022832499853230838,-0.0056226976197940245,-0.01884640865043656,-0.0073498944043730394
0.015310465276813704,0.01469451935161594,0.022558968775109534,-0.0033008069247629597,-0.004972343497275379,0.0,0.0,0.006540092057565786,-0.0019835556234606066,0.05635607292230167,0.0,0.0012125644588093763,0.012616648438079775,0.001276535155771745,0.0010899058358142951,0.01428004171406816,0.004970582206804875,-0.0015329906788700747,0.006357281809093513,0.00732347654426243,-0.0023984246605890007,0.00268786987069512
0.002688189634016438,0.006612842933213654,-0.07815718575603438,-0.007303720295215828,-0.0064439402500934976,0.0,0.0,-0.0014319020208301975,-0.002041387760883227,0.025480600696311983,0.0,-0.00013957142400022424,-0.007891039138285354,-0.0010457436967119282,-0.002092878911423871,0.0044898076399493584,-0.006367218793007009,-0.007498501793443844,0.0010954513039326608,0.003194561201760026,-0.007883761886884678,-0.0028919237255641207
0.009784981755574245,0.02006588667837884,0.010425269607040072,0.011926644701869505,0.004400216821668672,0.0,0.0,0.01767035266631878,-0.0014844469343441582,-0.0029891396785383492,0.0,-0.0006519424204416122,0.004961363803982695,0.006628259441629545,0.0006669924544527681,0.010934679590927423,0.007357473957528503,-0.00488407913450587,0.0052125391597784955,-0.001314420633316945,0.005001268877038141,-0.0008376731979011641
0.0038482300699840813,0.013636037113469364,0.008947988874880183,0.010521371548554375,0.004272182590737661,0.0,0.0,-0.02562587183962093,-0.0020947955130769364,-0.007518446178399762,0.0,-0.0017892005471834037,-0.0004479315244844004,0.004013489383456319,0.00018698701243454436,0.0023459611529957395,-0.04333837527274111,-0.0057429249212938155,0.0032246890141469195,-0.00014003233322041795,8.943897972625654e-05,-0.00796390599592457
0.011851048072118281,0.01752039510678579,0.010045366713469518,0.010918048911415614,0.004058684065898144,0.0,0.0,-0.005545651567952651,-0.0020259141327113473,-0.00571093149079466,0.0,-0.0008414685843651063,0.0030791749729335662,0.004956610551002134,0.0007246898498853032,0.007372939728345682,-0.005666566365904749,-0.00590529644851076,0.005979611903723882,0.0022551031315418755,0.0051007526711927065,0.0025410460841544654
0.017221871054094038,0.02180422659623205,0.010241459343269936,0.012264113475297826,0.004125129322535576,0.0,0.0,0.0014937518364206476,-0.0018157820885715882,-0.003894111452308269,0.0,-1.3711536236172672e-05,0.003838608616668394,0.005382368547364096,0.0007114934127152604,0.014812966565853576,0.024587729761941596,-0.005187818331830572,0.007106898714405011,0.007139054497972837,0.009213671539046012,0.0066945034614584965
0.017653499870937794,0.02181995136261437,0.010080073215015391,0.01212646666721591,0.0041050076377242934,0.0,0.0,-3.666947185761636e-05,-0.0017707262540732189,-0.003764707749080452,0.0,-6.470694416237395e-05,0.0038360757037525814,0.005333745736457035,0.00024301191053044535,0.013852645094406854,0.01889017421301582,-0.005253201231480381,0.007302211536926182,0.007013504378513898,0.00836662987491565,0.008250380371474884
0.001392294145000006,0.012391872797684651,0.013101096482745113,0.012041985489474416,0.004365449056526795,0.0,0.0,0.009353978455922266,-0.0010887586178859362,0.002595363575545581,0.0,0.006888851977453856,0.0019119657688521632,0.0040094005030729555,0.0012232467170490938,-0.0002160973805770983,0.019567082249129487,-0.0031500504576202027,0.0308711053213848,0.009541722431023344,0.04053122721668046,0.011972380788967025
0.003730928916783464,0.01256854144323696,0.012683335572994113,0.011030015177844028,0.004590019050978205,0.0,0.0,-0.001955969942735208,-0.0011558598214058075,0.001279427964615169,0.0,0.007045481220662636,0.0015618175491758533,0.00427734561417395,0.0011628991300556381,0.0010551082969090454,0.014367164608990457,-0.0037867996262932056,0.028549796709861713,0.009878987645417324,0.03896732776617671,0.00675062299827299
-0.000675599251749562,0.01065072419555003,0.011472756584557361,0.010043852005251677,0.004048459561651024,0.0,0.0,-0.0019550034178456633,-0.0014286932053232527,-0.00017136733155782038,0.0,0.005376793586613132,0.001289164148549648,0.004383677354589528,0.0008022229537139043,0.0004221367995095905,-0.006280861078841139,-0.004312294490297151,0.024940165300886843,0.0009155448350616119,0.029725599908832945,-0.004604334239672185
-0.0018126990729476597,0.01111777137245122,0.011952143664598694,0.010137007786333623,0.0040482544746454525,0.0,0.0,-0.0020901490208795593,-0.0013674871817782805,-0.0001303284736931967,0.0,0.005961817960402263,0.0016406715081689945,0.004564759823923631,0.0008944621596383113,-0.00016499515982318081,-0.01015178578217122,-0.004381425982120977,0.026864404008821716,0.006241590373986433,0.023522443231198308,0.005331833866317924
-0.0026731501948389115,0.008333041027494818,0.010635191684942381,0.009846915275567024,0.00402733559393082,0.0,0.0,-0.0031816831998992463,-0.0013430598170418157,-0.0010646136712396358,0.0,0.004928994292707842,0.0018047768419206767,0.004534443401548563,0.0006644050957887108,-0.001857467044389078,-0.025248463545988028,-0.005269032025248436,0.02309158261311784,-0.0002142034994904735,0.01925101968672016,-0.00932021886732709
-0.0031702343137023493,0.008238841376088145,0.010683289453548683,0.00971229217869576,0.0031201298505354564,0.0,0.0,-0.0037927794656323647,-0.001295734034765317,-0.0008825490814937282,0.0,0.004029347892415218,0.0015936055544496985,0.004572116074871754,0.0005811244285277419,-0.002729715040048175,-0.03417531776537605,-0.006323316436262738,0.019506990291254824,-0.007188853739071875,0.016317275860192947,-0.0047871375086582044
0.060667484306744825,-0.013858409967465443,0.007520090307062398,-0.007850848001540641,0.004375774429948566,0.0,0.0,0.008910286725035636,-0.0007033206333494168,-0.0016974159036027938,0.0,0.0024674616174169524,0.00898940880267632,0.004875995889668432,0.00017319091935824436,0.012827385997264523,0.008472793234689148,-0.0012187385471514774,0.014766770033375322,-0.002332841229635845,0.007702775950618802,-0.009198092047262999
0.0656013521639856,-0.007876756245818442,0.013021185602773178,-0.0033473364940028896,0.005383831017686225,0.0,0.0,0.010819397047446703,-0.000560660706065072,0.045144729111735366,0.0,0.005471081658565716,0.009794951671548775,0.004938939415632196,0.0012859807087131337,0.015761784315143815,0.008579669094797774,-0.0010609251855057096,0.02030238644885351,0.011533980250855395,0.033000803568906965,0.004248959771707385
0.0013270064666824847,-0.03912814355271249,0.006333444515764577,0.0021596305149122028,0.002351259595274453,0.0,0.0,0.001325570220578784,-0.001335813459687356,-0.009235737139387027,0.0,0.00023277787966418946,-0.006720482699808598,-0.017232137836589424,-0.0014354539677652852,-0.007181748061003281,0.001748853376376784,-0.006364066776209841,-0.00417031883326044,-0.011268802788236157,-0.026674870927731124,-0.019265322654534827
0.027266242166309174,-0.030748539108684112,0.005074235912518661,0.002956860237445563,0.0023046399324409693,0.0,0.0,0.007204418132122071,-0.0016405084434943419,0.0007536548680534925,0.0,0.0003041830325792693,-0.006888349831916285,-0.007166193102652457,-0.0008961863704855363,-0.0018180142328828764,0.0030592831088413625,-0.004823403290292346,-0.004403118974857427,-0.0013206569369310468,-0.017448367767510423,-0.0008242131889977443
0.02565282585571493,-0.029570030077487,0.005182107535772574,0.003211483480985687,0.0024818306091825035,0.0,0.0,0.003081824885389805,-0.0008441037311053718,0.004180958026140192,0.0,0.001352329355747699,-0.00664942704322041,-0.008789253719768846,-0.0011438969890936387,-0.006389835787079968,0.003153110962554189,-0.00511798579103883,-0.0033695502086945528,0.00020169912029823425,-0.01271129431008112,0.016337637064846956
0.004970121770198544,0.027215841363450753,-0.003838301921341134,0.0074575263482999634,0.0031210572829552968,0.0,0.0,0.0039564888050229,-0.0008673732691597053,0.0031095574035244896,0.0,0.007082328151917581,-0.0008517526834328203,0.001748367856353183,0.0019317981540493848,-0.001921591085685784,0.01285666013905446,0.039767575294306245,0.0271861412641045,0.010194844288159925,0.031400871730018105,0.0072113981515689145
0.0018833066137802568,0.019620806762943505,-0.009477923060790682,0.0065925311761618225,0.0031892907964524166,0.0,0.0,0.004039769047391574,-0.0008487718080007912,-0.0016978564931458611,0.0,0.004804757871389209,-0.00286459618689292,0.0007731234860820995,-0.0011129020490350772,-0.0050585348688788655,0.011928784438371347,0.0286311091091336,0.02593428789956866,-0.005176966848096847,0.0336016469393181,-0.0009278781669650078
-0.001584909304070434,0.018091171389848348,-0.012707002847415265,0.005930614525648071,0.0022894839519740588,0.0,0.0,0.0031776659763893323,-0.0013302381566248289,3.074779504945672e-05,0.0,0.0032075922032798335,-0.0019081993148185171,-0.0006196322995018274,-0.0006062767455435696,-0.007030817312886486,0.009221118987301413,0.021982868694744032,0.008637525308224902,-0.005882279883088513,0.008103259230335304,-0.008079575648745863
-0.009458556519654333,0.016668758117892677,-0.015414078742325482,0.005220709360831619,0.002212945375868423,0.0,0.0,0.0024929437889606907,-0.0014513965065155335,0.0003377059232190788,0.0,0.0020782448401472425,-0.002348516350208644,-0.0016825269640005388,-0.0010481499299636462,-0.007486302438730181,0.007414702567447428,0.011625660163244752,-0.024534746597389818,-0.007060761389830734,0.0005440088933235075,-0.011518674082598879
-0.0014660805942800438,-0.03268787491103195,0.004640941435827492,0.003462402520065468,-0.014709121723891803,0.0,0.0,-0.0037040983603116684,-0.00042153989435965666,-0.0009647957163329622,0.0,-0.004629131123616979,-0.007695913943222051,-0.018042165084968018,-0.0007235485592106107,0.0019999707382547444,0.0010306699281321763,-0.005812917263579098,-0.0012348914068340525,-0.0036399960317004916,-0.013624039424302705,-0.00025333869489083875
-0.002909973378564518,-0.03031026094390498,0.004754494678897945,0.002270114672642198,-0.01778653878466115,0.0,0.0,-0.011518558002282088,0.01162086217173048,-0.004431536550400576,0.0,-0.004994282751539281,-0.005498532043692643,-0.02013383320155366,-0.001239369769959435,0.003981188522079004,-0.004394603190422455,-0.005815491500887593,0.005072308227293855,-0.007082909369153631,-0.012502660411901768,-0.007328433191486623
-0.002760570938809327,-0.03918526801634073,0.005082219501283417,0.002887193114842712,-0.018306365762910365,0.0,0.0,0.0016522943012280183,-0.0017155120350610888,-0.002193077241830672,0.0,-0.0035199861665550745,-0.00804010195052055,-0.022398995222086635,-0.0007245916909890658,-0.0013162600625303616,-0.0025654858080215014,-0.006667530229921594,-0.0019334598950498032,-0.008970103087950626,-0.019729405312465465,-0.003276315741816958
-0.0028618188014981386,-0.03004772883709771,0.004440847774360188,0.0018566852981985794,-0.018188301550511876,0.0,0.0,-0.014214574622328911,0.013182634314930327,-0.004789954551104499,0.0,-0.0050418207953330605,-0.006041681562779512,-0.019550560609108734,-0.001338128723323206,0.0018519537005779634,-0.005690376520651806,-0.005882485850277883,-0.0030589891687211076,-0.00733735410114273,-0.012780503629804743,-0.008021954295682662
-0.0023528941835566034,-0.020549963615755448,0.0061154701442438075,-0.026903103602119356,0.00444806351664408,0.0,0.0,0.013336637702098407,-0.002110429230203976,0.0026420178639895518,0.0,0.0024858274855054157,0.006386398858557608,0.002841642845844032,0.0004504554371019607,0.021510832517261626,0.006834633062591962,-0.001566575461133866,0.005282218553316746,0.0037256434687320734,0.007324422447847841,0.01862789589394533
0.007135270290152819,-0.023475466573821126,0.006780983344826321,0.023369667690643657,0.0066076072413398124,0.0,0.0,0.01448868644912971,-0.002058789566775388,0.0037727206085274843,0.0,0.003699466021311678,0.007693692352092442,0.004956782504953704,0.0007495718640628252,0.026064894649454093,0.0090726065864712,0.0006373937561656531,0.005138835506023383,0.009795366044947863,0.011918861392985567,0.021045845156480822
0.018249080922263825,0.0311189025535208,0.010078736303260708,0.025584948946469215,0.00603599579196051,0.0,0.0,0.014960105156599459,-0.0010647461332288371,0.0056234286448032,0.0,0.0031425949277237198,0.004602796462732966,0.005843425857561668,0.0017236015597850373,0.03303096043156517,0.012577916504973148,0.0023747350363527314,0.04086366044826448,0.013269793863807802,0.013808297648254702,0.024319588825704844
0.022757994301689493,0.011432858024606751,-0.07163225651602075,0.008285868579685962,0.0035504949178964754,0.0,0.0,0.007760876619382627,-0.005565715238583106,-0.0030988695973140122,0.0,0.001873177013544607,-0.005290939302875122,-0.0007843516809626932,-0.0011801962296817624,0.010408853004708219,-0.009822253827277415,-0.008026988596466781,0.007990668560297187,0.0011995950915162155,-0.007946268628525243,-0.0023264909706123224
-0.006548853529002406,0.0006514687056966234,-0.07047361073271488,0.00510508894072919,0.0021421870609755157,0.0,0.0,0.004506396913968024,-0.001295856499728965,-0.0022546221507824815,0.0,-0.002277092699575408,-0.006062699249834655,-0.0031712874860228865,-0.003021329011631445,-0.006950984597807768,0.00932446772899055,-0.013285187086004423,0.0044359372202585805,-0.004241486356132374,-0.0013343626022394755,-0.007885761520768517
-0.009306001296572107,0.0026757675378255067,-0.059902901850882005,0.00453316594340664,0.001671416906385765,0.0,0.0,-5.766371559502233e-05,-0.001152891206910016,-0.0032929671131163313,0.0,-0.0016287475703996763,-0.006096832858260172,-0.00380893145377914,-0.0025426612049137005,-0.0075734099731403735,-0.013234075504220183,-0.01403110887673318,0.006632745870277957,-0.0074753176139908005,-0.004774842279948408,0.012075339677105838
-0.009194865155258452,0.0026101650476457426,-0.05666307225932504,0.004381925236785473,0.0018351403040135794,0.0,0.0,-0.011964170889811346,-0.0015393753888294371,-0.00931983447782578,0.0,-0.0020415143497424654,-0.005448246496899823,-0.003687283346891803,-0.0021333225123418027,-0.005896461942296284,-0.010262405620295532,-0.01381721205077315,0.003733531502966942,-0.00567040151012314,-0.003949428918810741,-0.0018484043065515655
-0.016860524269101777,-0.03382476678578575,0.00807780135201798,0.007212421097003858,0.0031697542780269707,0.0,0.0,0.005587547113102115,-0.0014052258022423105,0.00041546900763504924,0.0,-0.005964448540474513,-0.0016610948905531673,0.0002373699863879695,-0.000754236036982924,-0.010698854479879475,0.0088436008356954,-0.006205584910533743,0.031391800781180514,-0.0025713404055738684,0.023494617369802833,-0.00657900654679788
-0.009511559775682556,-0.027375611575198227,0.004721650606652378,0.006705964631189173,0.0030496029401562126,0.0,0.0,0.005192181882218339,-0.0014375121976386031,-0.0003269316017061142,0.0,-0.006036882241864527,-0.0029013620633511383,0.0007584938824392154,0.003376305724451388,-0.007152084680191864,0.007370141752487105,0.012337210570578325,0.028492270037662647,-0.0013115459403357,0.021353249442764764,-0.005467991756351829
-0.011213594133511329,-0.02757500655771196,0.004793346218733307,0.006843377584148314,0.0030247424435672,0.0,0.0,0.005429075987260685,-0.001412889981230772,-0.0005000962290675121,0.0,-0.0008959455071495709,-0.002503465199077105,0.000718814496738311,0.00235263906861863,-0.0072518841317022,0.0071666045077543265,0.02518182486794019,0.027100321742041716,1.8236814556703026e-05,0.023185102989857313,-0.0047793971660505235
-0.02878699576385448,-0.03145844071716169,0.003985763052908584,0.004828932535419769,0.002099792965836119,0.0,0.0,0.002221398110707659,-0.0016875401045220615,-0.004036478396124089,0.0,-0.0035057671397129317,-0.005432716214423181,-0.002796980446114127,-0.001527020208743128,-0.011890625516333754,0.0043902746220432975,-0.007330044903534544,-0.03376961413878081,-0.010930256747066078,-0.025326214671908376,-0.0016772311664969507
-0.027585794275926584,-0.02957983852402048,0.0037094278356204708,0.00463418108718683,0.0016574553608661123,0.0,0.0,0.00041462122757485257,-0.0016925370594144007,-0.0021608382850968506,0.0,-0.0031535714771021876,-0.004814301877210755,-0.002037675562158649,-0.0017655156449458299,-0.012040037545471779,-0.01112871060178126,-0.00803102270380161,-0.032132829866009426,-0.008493803279739472,-0.02119173147078899,-0.0013494298668785658
-0.02741851702191621,-0.02906793506872476,0.003540533345166208,0.004347634876607425,0.0014508233334653473,0.0,0.0,0.0003806542565813528,-0.0016907234195736199,-0.00204603782113692,0.0,-0.002665906803753539,-0.004788135591889845,-0.0019991857212287548,-0.0017595523348350635,-0.012040037545471779,-0.011541683923726743,-0.007782829949268342,-0.03459541585911712,-0.008555098907428121,-0.02140993159604782,-0.0006123469183507283
-0.02919522710526253,0.009868795565837859,0.006045522704647721,0.006425921889600278,0.0009422673402923113,0.0,0.0,0.0060220175178964525,-0.0013022390644404859,-0.002027203014965186,0.0,-0.0022486189981334973,-0.0031093803395037018,-0.00781448788664678,-0.0003172208667330265,-0.013953915723725155,0.004071451656871834,-0.010730302982038774,-0.03913413990913496,-0.009123069188656715,-0.011935941308755813,-0.013026757654358683
-0.029090289476205657,0.009189013773953208,0.006020545296966539,0.006188305736009154,0.0009422673402923113,0.0,0.0,0.005981050102012249,-0.0013022390644404859,-0.002028734714503862,0.0,-0.002248883185205852,-0.0030812529451460244,-0.00781448788664678,-0.0003172208667330265,-0.013960769742411287,0.004071451656871834,-0.011793278839713523,-0.0391341250938361,-0.009085898295724785,-0.011936113518364452,-0.013031271334746426
-0.02514799582154348,0.015238009719314499,-0.012281597735703552,0.005635256372662464,0.0008579867184690932,0.0,0.0,0.0053507888639717964,-0.0018449067367638395,-0.0008816213977206209,0.0,-0.002071241327758799,-0.001364040790017314,-0.004860052654692719,0.0037099140019023515,-0.010554705830925588,0.004062573600014701,0.008669787131102016,-0.03299216305857109,-0.009266385744381796,-0.010453702615339688,-0.009360559587389558
0.02185493068279729,0.04681671427596539,0.013061117177119507,0.008905272706881255,0.0038216875162350766,0.0,0.0,0.011705050961983576,-0.0008433285734575341,-0.002099908944209382,0.0,0.010464307844435165,0.0019933337468867433,0.0053633079196675655,0.0012577858454086055,0.015391467072171434,0.01408616609820851,0.016614608576287118,0.02065867863518196,0.007305678732583507,0.021460617753323266,0.006893062790034347
0.026632000406838177,0.039806223781316416,0.016332307831143915,0.007165947063645867,0.004178147706164412,0.0,0.0,0.005975800564379535,0.0005837552432673126,0.02715793377526581,0.0,0.010267954490055756,0.004248547193750138,0.006093070989964362,0.0016709179552370837,0.021248872749846243,0.012403538737752294,0.01266274946192745,0.021758080232152657,0.009061401326532551,0.036031731848985976,0.011070708302423021
-0.0016478687875143905,-0.0013098081602083394,0.007690883830497347,0.006357189135886398,0.002085550782413193,0.0,0.0,0.001353109922903766,-0.001105287881506743,0.0021270993334113987,0.0,-0.001202663360568325,-0.0036450223982297815,0.0014632626720754158,-0.000985744153864296,-0.009260381310475485,0.0025393920050357072,0.02469615099915501,-0.03441802760739828,-0.002926863353444929,-0.015630417011235846,0.014934794742391311
0.006902901239824672,0.003172052941905354,0.011318564187268669,0.007976282540820423,0.0026181852607643588,0.0,0.0,0.0014400070166574143,-0.0008699879520106796,0.012269073657024237,0.0,0.0035990650196989884,0.003505296468988041,0.005711960096946467,-9.742539884237233e-05,-0.004909815057720061,-0.011280775038670999,0.03441267857247349,0.02716587290830444,0.0009316289512601098,0.018550974493455632,0.012773920889851555
0.007526929330545549,0.002635704610724907,0.01154035053889299,0.007759821955525698,0.002700751460944089,0.0,0.0,0.001976100952585769,-0.0009714494043441949,0.013469848577788707,0.0,0.006539068224953979,0.005012835989721277,0.0057432422891489955,0.0005457366057264368,-0.004312826431797643,-0.004807669056204238,0.03950630748424516,0.031097977414935335,0.008035487372155597,0.027497350652912946,0.00636285781126184
0.007290048637459039,0.003926946203638431,0.011334309457758037,0.007995145340442215,0.0033664802550123175,0.0,0.0,0.0011193457649552702,-0.0008454999392212782,0.012050091250096302,0.0,0.0042637328153136015,0.004900296901761059,0.005352314529317229,0.00028757607023416305,-0.003892948587021978,-0.012143782179939774,0.034694628402246415,0.027817056006140695,0.0019781146303421634,0.02815358494976517,0.0109948657532117
0.0012677677266351712,-0.0001709044107373168,0.007485395043989027,0.006714640683768329,0.0021868192966241744,0.0,0.0,0.0021703649797987002,-0.001124378334344479,0.011844712085323906,0.0,0.00274230513930416,0.0013337798294395754,0.003077182370653841,-0.0006539021832828558,-0.006599637314894692,-0.006850681443707809,0.032405976975641675,-0.027787111731916832,0.0013612530949833237,0.0045934110755326005,0.01329435119198105
-0.0032204104126172884,0.016785314950408685,0.010287588712755254,0.0064015345812631335,0.002688016817022503,0.0,0.0,0.014156991507190131,-0.003520173159949851,0.06712552292849315,0.0,0.0009463252445578734,-0.00042454739154711575,0.0018190736983101767,-0.00014245082331834936,0.014770162649762905,0.005970611890450616,-0.0070071007664573096,0.008798034436538121,0.0007259462078599536,-0.01246406739884451,0.0010447295932387323
-0.0035128579358320554,0.021544976177685266,0.009847318011479445,-0.021328056433012686,0.00458541556154295,0.0,0.0,0.008768337422427516,-0.0008380559928973495,0.0008567796378722581,0.0,0.0015767216626433917,9.169699362275875e-05,0.0014405057667187704,0.0004453642314979314,-0.005226917850115182,0.010480030302705032,-0.006956052774696594,0.020631318538745266,0.0012320844817761282,0.023156492583742166,-0.0040612424046031145
-0.0031333334588375507,0.018000248944564253,0.009419837959359795,-0.021896228667062086,0.0042568712340518965,0.0,0.0,0.007846093531947512,-0.0007098429540810066,-0.0009743271671971183,0.0,0.0015899100412573367,0.00022918465093017506,0.0011818287390597162,3.1327347455067695e-05,-0.005030745604635691,0.009383086475404713,-0.006492104356152627,0.01863187925129817,0.003594807541283169,0.012607498850527206,-0.01513752435895268
0.023623636365653154,0.020028948448398344,0.008766392680736177,0.012837988614921806,0.002208510666676049,0.0,0.0,0.012048440725666238,-0.0010521591473858854,-0.003915874009055943,0.0,-0.00027875822028242445,0.005995176510637097,0.00529888073174253,0.00038318203781557644,0.012542328138051145,0.007955502574027936,-0.003634465728304722,-0.0030037451798784953,-0.0035611674093003138,-0.008067431316971848,-0.00039352919496586034
-0.0018440030107004194,0.010430520301906991,0.01272324918949597,0.003914917324016193,0.0027942882688122214,0.0,0.0,0.009007295408556609,-0.003569039238787483,-0.007463582015424577,0.0,-0.003315883005887587,-0.005007904627223283,-0.0012975349486152277,-0.001312614225395757,0.00013955358989385346,-0.00829343442016079,-0.005933428183873332,-0.0005584444105930065,-0.0021441209732382008,-0.016315716855565227,-0.0020309180889056828
-0.0018440030107004194,0.010430520301906991,0.01272324918949597,0.003914917324016193,0.0027942882688122214,0.0,0.0,0.009007295408556609,-0.003569039238787483,-0.007463582015424577,0.0,-0.003315883005887587,-0.005007904627223283,-0.0012975349486152277,-0.001312614225395757,0.00013955358989385346,-0.00829343442016079,-0.005933428183873332,-0.0005584444105930065,-0.0021441209732382008,-0.016315716855565227,-0.0020309180889056828
-0.0018440030107004194,0.010430520301906991,0.01272324918949597,0.003914917324016193,0.0027942882688122214,0.0,0.0,0.009007295408556609,-0.003569039238787483,-0.007463582015424577,0.0,-0.003315883005887587,-0.005007904627223283,-0.0012975349486152277,-0.001312614225395757,0.00013955358989385346,-0.00829343442016079,-0.005933428183873332,-0.0005584444105930065,-0.0021441209732382008,-0.016315716855565227,-0.0020309180889056828
-0.005392995185086647,0.004602418708598839,-0.04623365928128671,0.0036861968153442583,0.002645058741722356,0.0,0.0,0.004302278225646559,-0.0034101458228281384,-0.006331016212845877,0.0,-0.003927061731309663,-0.003943964358779101,-0.003806502019738837,-0.0030958045165298247,-0.004738804603500175,-0.013886115989806554,-0.010797286845097096,-0.0022501004239715125,-0.0030617541536317357,-0.016512626564066494,-0.004525139909226552
-0.015476166114534026,-0.033351136378103566,0.004096893937655972,0.007635929769845154,0.0016876632196243416,0.0,0.0,0.004251458960009135,-0.0012650841055894698,0.0008501589932992614,0.0,-0.001545911741318781,-0.004932564747699201,-0.0016887796398579603,-0.0010333688197562006,-0.018091937658594997,0.003815777638752699,0.011136881631782183,-0.017759436123360547,0.010508571256965233,-0.017020048326876962,-0.0009239734461597258
-0.01586164876662104,-0.02797610319443575,0.003933958790359065,0.00804024986859694,0.0018800532979369932,0.0,0.0,0.004568378054479315,-0.0013200536018894515,0.001180391725244897,0.0,-0.0011920706234877167,-0.005679266123760014,-0.0026050787331427785,-0.0010962421763408311,-0.01794198905168393,0.004180443051369905,-0.004006115910173713,-0.01664356153357709,0.012380486639674573,-0.01623686327917822,-0.0018319744413319984
-0.008254992080767435,-0.035007320464281864,0.004809371742345822,0.002759438724645524,0.0015319135728885506,0.0,0.0,0.004467580813296211,-0.0016738663674079402,-0.00022226988053303213,0.0,-0.001966259788815433,-0.007080295928271234,-0.0033554196532084514,-0.0011207125034793902,-0.013549873803958374,0.0019949200137424814,0.007256653012515738,-0.027082208931068767,-0.0022751114776699633,-0.028867209318661654,-0.00833856162594407
-0.009721701669216296,-0.03229641002591792,0.004601862952932019,0.0030169184959559702,0.0015881646161935547,0.0,0.0,0.004719582570901117,-0.001744315404684663,-0.00012869708672529095,0.0,-0.0013163097355271176,-0.007408550131982037,-0.0033602508133219015,-0.0011709080690917742,-0.014640221053202642,0.0026503973068770555,-0.004447568910401377,-0.025306047397907833,-0.0016728794209157297,-0.02792129649502367,-0.007223833931999579
-0.018596329804154963,0.009723126132958865,0.008471547038946347,0.005383271152263418,0.0016834407099477055,0.0,0.0,-0.04898106460319486,-0.006235881763899507,-0.03387886020616348,0.0,-0.00029885695830678523,-0.004633118955804518,0.000547499638653462,-0.0024168419859245697,-0.005715267330862599,-0.011706603125097416,-0.0073278208897241395,0.0028836332559331406,-0.0036417475406593847,-0.017730185531619987,-0.0038417885634038132
-0.018596329804154963,0.009723126132958865,0.008471547038946347,0.005383271152263418,0.0016834407099477055,0.0,0.0,-0.04898106460319486,-0.006235881763899507,-0.03387886020616348,0.0,-0.00029885695830678523,-0.004633118955804518,0.000547499638653462,-0.0024168419859245697,-0.005715267330862599,-0.011706603125097416,-0.0073278208897241395,0.0028836332559331406,-0.0036417475406593847,-0.017730185531619987,-0.0038417885634038132
-0.004028245300663655,-0.003126987065985789,-0.0560232420004761,0.004051996221860882,0.0014023811007674882,0.0,0.0,0.007747011946784887,-0.001540933103639245,-0.0005073818531945193,0.0,-0.0021018423757606275,-0.003755253703158922,-0.00964971161303974,-0.001177154889416602,-0.0021382445613077217,0.004263618633394203,0.001577381369062189,0.010368254454545934,-0.00346518219957412,-0.014055184136870054,-0.0006891958444828712
-0.0028647514444622795,-0.0031439868777097344,-0.057510324688624444,0.0037204367861519588,0.001206625717744762,0.0,0.0,-0.00037147607042555556,-0.001573476939096423,-0.0011931202111417681,0.0,-0.0035401645184337306,-0.004472866472441194,-0.010619412068517149,-0.00290185833101267,-0.0039000312891975626,-0.002593456219897122,0.0021367325444201844,0.0004204814248426489,-0.004187148982877891,-0.008569421579091399,-0.002718955012211468
-0.0054785974739669785,-0.003060693491543942,-0.05934834916293055,0.003758887927474178,0.0012846687836108477,0.0,0.0,-0.0015280231874239924,-0.0013827975580078388,-0.0009733235069719732,0.0,-0.003696258499432487,-0.004711783922546369,-0.011489328588284584,-0.004342758383435324,-0.0038669517570448456,0.0027469795421214247,0.004992616437265296,0.0002707125551205177,-0.003942736703461873,-0.011474438778018884,-0.005096866603691404
-0.004586923890304395,-0.004452384117512151,-0.05842613321082802,0.003184096984426326,0.0012853277114486543,0.0,0.0,-0.01272823588214267,-0.0015914776125580887,-0.0011282634483142258,0.0,-0.0036880677923926434,-0.004102417119501732,-0.011566095552045146,-0.0025536818213316797,-0.003966753348218507,0.0005581935274343779,0.00026599357186743786,-0.0009784089758174401,-0.004764607914112672,-0.017076996438593308,-0.005332961088470031
-0.005636984793751752,-0.0017293934434953807,-0.06302054098212735,0.0035276895769020614,0.001271239301434294,0.0,0.0,0.0014580792598752796,-0.001377510899445731,-0.0014314395820019747,0.0,-0.003197413899349101,-0.0046609699453742885,-0.011350585988854104,-0.004065214691459754,-0.0029645250019030797,-0.007292498625048235,0.0014811702684965236,0.0007784410779670011,-0.004540297287175523,-0.0002945498620400159,-0.010604828249717833
-0.0026523335326884587,-0.0028787509328645454,-0.056410936846562156,0.0036888085024864774,0.0013652709114777585,0.0,0.0,0.007784664404515715,-0.0015906974276126396,-0.0008578493645224753,0.0,-0.0020875106623257584,-0.003503853243073246,-0.008187326411437783,-8.634165292871615e-06,-0.0013107415292996907,-0.005886415343546804,0.001412799752939348,0.009121913682990302,-0.0032788046044012337,-0.011494979983255925,-0.002354801450620839
-0.0031534029999658333,-0.002692067010242889,-0.05789319518566867,0.003759148601144835,0.0013088879192710873,0.0,0.0,-0.00195994623486153,-0.0017511523542459888,-0.0035643522724478497,0.0,-0.002747249349462438,-0.004205517886889207,-0.010419750976447812,-0.0033881636209784423,-0.0023904482332573257,-0.004943420189469029,0.001774427498488202,0.0002976798201646914,-0.003932991000646335,-0.009453387274306864,-0.006526988911809464
0.03667972141771142,0.04865238195071046,0.012788813541754452,0.00791322210448906,0.0025350173626734547,0.0,0.0,0.009296829572614466,-0.0007999733024669567,0.004749941008819536,0.0,0.004516935102145342,-0.001019699451891448,0.009106845039815138,0.0017205573153569588,0.009773726009125799,0.01016002876231207,0.021840765330728745,0.015047594789524521,0.02847305566153166,-0.007733615385236811,0.02675395670716374
-0.035784495971109304,-0.02033931884558044,0.004108391486615996,-0.016161701489191802,-0.020969302109517494,0.0,0.0,0.00506635687904355,-0.0013076736873294723,-0.007562601296452844,0.0,-0.005851076242334357,0.002540957858672885,-0.0008515700169273824,-0.0013082127973639186,0.0026482973565868317,0.0002975972789396011,-0.006010542792883514,-0.027677556771238784,-0.0057545716831733686,-0.007807863179036869,-0.0031470463347801052
-0.03561871171048709,-0.021084500145883485,0.004156687664432095,-0.015288838086257656,-0.020274855945816444,0.0,0.0,-0.006963680864122113,-0.0012324066460538223,-0.006917894715787759,0.0,-0.006056731421667645,-0.00013527841181628218,-0.0010361044971846358,-0.001324541193992703,0.004338814240297754,0.000991698345442914,-0.006643537841679109,-0.02769615487319407,-0.006992048568048885,-0.005612748351979676,-0.003219517873074409
-0.03586368358575875,-0.021183862333889313,0.004160035324256569,-0.015288838086257656,-0.020274855945816444,0.0,0.0,-0.006990236217112776,-0.0012335194672034211,-0.006904146745564424,0.0,-0.005220869661377346,-0.00013527841181628218,-0.0010361044971846358,-0.0013251599457103668,0.004338969549130962,0.0010344612301930755,-0.006329365374632546,-0.027695546669906305,-0.006991434362252028,-0.004732121707780342,-0.003214149253297688
-0.03556536960205922,-0.021121220918232972,0.004160790491763408,-0.01531184307914607,-0.020274855945816444,0.0,0.0,-0.0069337776592926816,-0.0012324066460538223,-0.006982458804530041,0.0,-0.0060638461353606605,-0.00028515945661046515,-0.0010371909966098406,-0.001324541193992703,0.004336572286657237,0.0012898910518839932,-0.006626638769143873,-0.027693207330208258,-0.0069836156059653876,-0.005351654921466908,-0.002715101108536712
-0.03546353903929551,-0.020970650343364754,0.004087344868884861,-0.01542904664516094,-0.02021995575938169,0.0,0.0,-0.006222881229177178,-0.0011518792884721843,-0.0074523842731252215,0.0,-0.0043652394377340425,0.00036028308186410694,-0.0010119598329140999,-0.0015098571664563876,3.1412772819327335e-05,0.0003083549793550678,-0.006147618020690776,-0.026174315651083763,-0.005711568024667038,-0.0063472885973165465,-0.0030994220154970764
-0.03522652094660129,-0.02087051048349116,0.004056541953655878,-0.015368712949318202,-0.02021995575938169,0.0,0.0,-0.005808806231406952,-0.001161173999499252,-0.007464324477277136,0.0,-0.005102052318225786,0.00036028308186410694,-0.0009206677225139062,-0.0015228954995111928,-2.846803445027099e-05,0.00020679103257537751,-0.00648843564427078,-0.026222298716788814,-0.005694978748231578,-0.007897235823374366,-0.0030313457488972692
-0.03522652094660129,-0.02087051048349116,0.004056541953655878,-0.015368712949318202,-0.02021995575938169,0.0,0.0,-0.005801819106625074,-0.001161173999499252,-0.007464324477277136,0.0,-0.005107905916213022,0.00036028308186410694,-0.0009206677225139062,-0.0015228954995111928,-2.846803445027099e-05,0.00020377982828385826,-0.00648843564427078,-0.026222298716788814,-0.005694978748231578,-0.00790102378481512,-0.0030312015347041398
-0.03395137583230138,-0.019256514266823514,0.004031461188864634,-0.013810358315052397,0.0018081163986335103,0.0,0.0,0.004730137714586002,-0.0015498481619729962,-0.007363644394355209,0.0,0.0004910973320050086,0.004987813917872174,0.0008877303828372095,-0.0008964786606255032,-0.012067647198238584,0.0014063368894860317,-0.0029201420243981703,-0.02469839274508625,0.005366094131889603,-0.008948704148406608,-0.0025780626530286154
-0.03395137583230138,-0.019256514266823514,0.004031461188864634,-0.013810358315052397,0.0018081163986335103,0.0,0.0,0.004730137714586002,-0.0015498481619729962,-0.007363644394355209,0.0,0.0004910973320050086,0.004987813917872174,0.0008877303828372095,-0.0008964786606255032,-0.012067647198238584,0.0014063368894860317,-0.0029201420243981703,-0.02469839274508625,0.005366094131889603,-0.008948704148406608,-0.0025780626530286154
