Material_Main,Period (d),Turning times,V2_Ventilation Interval (min),M1_is Enclosed, Composting Method,Additive_3,Additive_2,Additive_1,Material_3,Additive_4,Material_2,Compost volume (m3),V1_Ventilation Type,V4_Ventilation Day,Application Rate (%DW),V3_Ventilation Duration (min),Initial C/N (%),V5_Ventilation rate (L/min/kg iniDW),Initial Moisture Content (%),TC loss (%)
10,26.0,13.0,0.0,1.0,0,4,11,27,4,1,13,0.05,0.0,26.0,0.0,0.0,15.0,0.57,65.0,50.0
10,26.0,13.0,0.0,1.0,0,4,6,20,4,1,13,0.05,0.0,26.0,3.8,0.0,15.0,0.57,65.0,53.0
10,26.0,13.0,0.0,1.0,0,4,6,20,4,1,13,0.05,0.0,26.0,7.3,0.0,15.0,0.57,65.0,55.0
10,26.0,13.0,0.0,1.0,0,4,6,20,4,1,13,0.05,0.0,26.0,8.9,0.0,15.0,0.57,65.0,43.0
7,42.0,7.0,20.0,1.0,0,4,11,27,4,1,5,0.06,1.0,42.0,0.0,0.5,10.39326,0.0275,60.0,43.6
7,42.0,7.0,20.0,1.0,0,4,11,2,4,1,5,0.06,1.0,42.0,5.0,0.5,10.73352,0.0275,60.0,36.4
7,42.0,7.0,20.0,1.0,0,4,11,2,4,1,5,0.06,1.0,42.0,25.0,0.5,15.5,0.0275,60.0,39.7
0,47.34274,6.04906,0.0,0.0,1,4,11,27,4,1,2,1.1,2.0,23.02984,4.28852,3.78427,22.41885,0.24986,65.11557,59.78
0,47.34274,6.04906,0.0,0.0,1,4,11,3,4,1,2,1.1,2.0,23.02984,4.28852,3.78427,22.41885,0.24986,65.11557,59.44
0,47.34274,6.04906,0.0,0.0,1,4,11,3,4,1,2,1.1,2.0,23.02984,4.28852,3.78427,22.41885,0.24986,65.11557,56.55
0,47.34274,6.04906,0.0,0.0,1,4,11,3,4,1,2,1.1,2.0,23.02984,4.28852,3.78427,22.41885,0.24986,65.11557,58.57
3,35.0,7.0,0.0,1.0,0,4,11,27,4,1,13,0.06,0.0,60.0,0.0,0.0,22.1,0.2,60.0,54.1
3,35.0,7.0,0.0,1.0,0,4,11,30,4,1,13,0.06,0.0,60.0,10.0,0.0,18.2,0.2,60.0,63.9
3,35.0,7.0,0.0,1.0,0,4,11,4,4,1,13,0.06,0.0,60.0,10.0,0.0,19.1,0.2,60.0,64.2
8,47.34274,6.04906,0.0,1.0,0,4,11,27,4,1,13,1.1,0.0,23.02984,4.28852,3.78427,22.41885,0.24986,65.11557,33.7114
8,47.34274,6.04906,0.0,1.0,0,4,11,38,4,1,13,1.1,0.0,23.02984,4.28852,3.78427,22.41885,0.24986,65.11557,56.2698
8,47.34274,6.04906,0.0,1.0,0,4,11,38,4,1,13,1.1,0.0,23.02984,4.28852,3.78427,22.41885,0.24986,65.11557,52.993
8,47.34274,6.04906,0.0,1.0,0,4,11,38,4,1,13,1.1,0.0,23.02984,4.28852,3.78427,22.41885,0.24986,65.11557,45.3554
8,47.34274,6.04906,0.0,1.0,0,4,11,38,4,1,13,1.1,0.0,23.02984,4.28852,3.78427,22.41885,0.24986,65.11557,32.0312
8,47.34274,6.04906,0.0,1.0,0,4,11,38,4,1,13,1.1,0.0,23.02984,4.28852,3.78427,22.41885,0.24986,65.11557,47.5733
10,70.0,7.0,0.0,0.0,1,4,11,27,4,1,13,1.2,2.0,0.0,0.0,0.0,18.89189,0.0,65.98,68.4
10,70.0,7.0,0.0,0.0,1,4,11,4,4,1,13,1.2,2.0,0.0,3.3,0.0,18.89189,0.0,65.04,64.1
10,70.0,7.0,0.0,0.0,1,4,11,4,4,1,13,1.2,2.0,0.0,6.6,0.0,18.89189,0.0,66.75,66.5
10,70.0,7.0,0.0,0.0,1,4,11,4,4,1,13,1.2,2.0,0.0,9.9,0.0,18.89189,0.0,68.86,60.6
10,70.0,7.0,0.0,0.0,1,4,11,4,4,1,13,1.2,2.0,0.0,13.2,0.0,18.89189,0.0,69.67,55.1
10,70.0,7.0,0.0,0.0,1,4,11,4,4,1,13,1.2,2.0,0.0,16.5,0.0,18.89189,0.0,68.91,42.2
10,35.0,8.75,0.0,1.0,0,4,11,27,4,1,13,0.06,0.0,35.0,0.0,0.0,18.4,0.3,69.2,64.9
10,35.0,8.75,0.0,1.0,0,4,7,13,4,1,13,0.06,0.0,35.0,0.4,0.0,18.4,0.3,69.2,63.1
10,35.0,8.75,0.0,1.0,0,4,9,31,4,1,13,0.06,0.0,35.0,0.4,0.0,18.4,0.3,69.2,60.6
10,35.0,8.75,0.0,1.0,0,4,9,4,4,1,13,0.06,0.0,35.0,0.4,0.0,18.4,0.3,69.2,58.5
10,35.0,8.75,0.0,1.0,0,4,9,13,4,1,13,0.06,0.0,35.0,0.4,0.0,18.4,0.3,69.2,42.9
10,28.0,7.0,0.0,1.0,0,4,11,27,4,1,14,0.06,0.0,28.0,0.0,0.0,17.91,0.36,62.06,35.76
10,28.0,7.0,0.0,1.0,0,4,11,4,4,1,14,0.06,0.0,28.0,10.0,0.0,18.23,0.36,58.69,31.91
8,34.0,5.66667,0.0,1.0,0,4,11,27,4,1,13,0.06,0.0,34.0,0.0,0.0,11.37,0.27211,65.0,55.95
8,34.0,5.66667,0.0,1.0,0,4,11,4,4,1,13,0.06,0.0,34.0,10.0,0.0,11.37,0.26291,65.0,50.26
8,34.0,5.66667,0.0,1.0,0,4,3,4,4,1,13,0.06,0.0,34.0,10.28571,0.0,11.37,0.26265,65.0,49.66
8,34.0,5.66667,0.0,1.0,0,4,3,4,4,1,13,0.06,0.0,34.0,14.57143,0.0,11.37,0.2589,65.0,49.64
10,35.0,5.83333,0.0,1.0,0,4,11,27,4,1,13,0.06,0.0,35.0,0.0,0.0,18.43351,0.25,69.2,64.9
10,35.0,5.83333,0.0,1.0,0,4,8,13,4,1,13,0.06,0.0,35.0,0.4,0.0,18.43351,0.25,68.94,63.1
10,35.0,5.83333,0.0,1.0,0,4,11,4,4,1,13,0.06,0.0,35.0,4.0,0.0,18.43351,0.25,68.94,54.0
10,35.0,5.83333,0.0,1.0,0,4,11,13,4,1,13,0.06,0.0,35.0,0.4,0.0,18.43351,0.25,68.94,42.2
7,50.0,5.55556,0.0,1.0,0,4,11,27,4,1,13,0.1,0.0,17.1,0.0,2.0,31.0074,0.105,60.0,54.2
7,50.0,5.55556,0.0,1.0,0,4,11,8,4,1,13,0.1,0.0,12.6,2.0,0.0,30.0553,0.105,60.0,52.1
7,50.0,5.55556,0.0,1.0,0,4,11,8,4,1,13,0.1,0.0,22.1,4.0,2.0,30.3317,0.135,60.0,48.8
7,50.0,5.55556,0.0,1.0,0,4,11,8,4,1,13,0.1,0.0,17.6,6.0,0.0,30.5467,0.135,60.0,42.3
7,50.0,5.55556,0.0,1.0,0,4,11,8,4,1,13,0.1,0.0,26.6,8.0,4.0,31.0381,0.135,60.0,39.5
7,50.0,5.55556,0.0,1.0,0,4,11,8,4,1,13,0.1,0.0,17.6,10.0,0.0,30.7924,0.135,60.0,38.7
10,50.0,5.55556,0.0,1.0,0,4,11,27,4,1,13,0.1,0.0,50.0,0.0,0.0,25.0,0.3,55.0,19.4242
10,50.0,5.55556,0.0,1.0,0,4,11,2,4,1,13,0.1,0.0,50.0,10.0,0.0,22.74107,0.3,61.5,12.303
10,50.0,5.55556,0.0,1.0,0,4,15,2,4,1,13,0.1,0.0,50.0,20.0,0.0,20.05,0.3,64.0,11.9394
10,50.0,5.55556,0.0,1.0,0,5,15,2,4,1,13,0.1,0.0,50.0,20.5,0.0,20.05,0.3,64.0,11.2121
10,50.0,5.55556,0.0,1.0,0,5,15,2,4,1,13,0.1,0.0,50.0,21.0,0.0,20.05,0.3,64.0,9.51515
10,50.0,5.55556,0.0,1.0,0,5,15,2,4,1,13,0.1,0.0,50.0,22.0,0.0,19.75,0.3,64.0,9.18182
7,91.0,7.0,0.0,1.0,0,4,11,27,4,1,13,0.25,0.0,0.0,0.0,0.0,20.0,0.0,60.0,63.5179
7,91.0,7.0,0.0,1.0,0,4,11,2,4,1,13,0.25,0.0,26.4,12.5,0.0,20.0,0.202,60.0,57.0893
7,91.0,7.0,0.0,1.0,0,4,11,12,4,1,13,0.25,0.0,26.4,12.5,0.0,20.0,0.202,60.0,59.3214
7,47.34274,6.04906,0.0,1.0,0,4,5,2,4,1,13,1.1,0.0,23.02984,4.28852,3.78427,22.41885,0.24986,65.11557,46.2857
7,91.0,7.0,0.0,1.0,0,4,11,27,4,1,13,0.25,0.0,0.0,0.0,0.0,25.0,0.0,60.0,63.4286
7,91.0,7.0,0.0,1.0,0,4,11,2,4,1,13,0.25,0.0,20.4,12.5,0.0,25.0,0.18,60.0,54.8571
7,91.0,7.0,0.0,1.0,0,4,11,12,4,1,13,0.25,0.0,20.4,12.5,0.0,25.0,0.18,60.0,57.9821
7,47.34274,6.04906,0.0,1.0,0,4,5,2,4,1,13,1.1,0.0,23.02984,4.28852,3.78427,22.41885,0.24986,65.11557,46.8214
7,91.0,7.0,0.0,1.0,0,4,11,27,4,1,13,0.25,0.0,8.4,0.0,0.0,30.0,0.07,60.0,65.3036
7,91.0,7.0,0.0,1.0,0,4,11,2,4,1,13,0.25,0.0,8.4,12.5,0.0,30.0,0.07,60.0,58.9643
7,91.0,7.0,0.0,1.0,0,4,11,12,4,1,13,0.25,0.0,8.4,12.5,0.0,30.0,0.07,60.0,57.625
7,47.34274,6.04906,0.0,1.0,0,4,5,2,4,1,13,1.1,0.0,23.02984,4.28852,3.78427,22.41885,0.24986,65.11557,51.1071
8,32.0,0.0,0.0,1.0,0,4,11,27,1,1,13,0.1,0.0,32.0,0.0,0.0,17.96,0.303,75.32,22.82
8,32.0,0.0,0.0,1.0,0,4,11,27,1,1,13,0.1,0.0,32.0,0.0,0.0,17.83,0.274,69.37,43.09
8,32.0,0.0,0.0,1.0,0,4,11,27,1,1,13,0.1,0.0,32.0,0.0,0.0,19.19,0.336,66.06,49.76
0,32.0,0.0,0.0,1.0,0,4,11,27,8,1,13,0.1,0.0,32.0,0.0,0.0,21.77,0.355,76.28,23.45
0,32.0,0.0,0.0,1.0,0,4,11,27,8,1,13,0.1,0.0,32.0,0.0,0.0,21.05,0.328,72.85,37.55
0,32.0,0.0,0.0,1.0,0,4,11,27,8,1,13,0.1,0.0,32.0,0.0,0.0,22.43,0.336,63.45,57.58
8,32.0,0.0,0.0,1.0,0,4,11,27,4,1,13,0.1,0.0,32.0,0.0,0.0,12.13,0.26321,67.86,32.63
0,32.0,0.0,0.0,1.0,0,4,11,27,4,1,13,0.1,0.0,32.0,0.0,0.0,22.24,0.355,76.28,36.19
8,70.0,11.66667,0.0,0.0,2,4,11,27,4,1,2,22.5,2.0,0.0,0.0,0.0,27.07459,0.0,63.81271,34.44421
8,70.0,11.66667,0.0,0.0,2,4,11,2,4,1,2,22.5,2.0,0.0,0.6,0.0,27.07459,0.0,63.81271,28.30697
8,70.0,11.66667,0.0,0.0,2,4,11,2,4,1,2,22.5,2.0,0.0,1.0,0.0,27.07459,0.0,63.81271,29.97245
8,70.0,11.66667,0.0,0.0,2,4,11,2,4,1,2,22.5,2.0,0.0,1.7,0.0,27.07459,0.0,63.81271,30.68183
8,56.0,7.0,0.0,0.0,2,4,11,27,4,1,2,22.5,2.0,0.0,0.0,0.0,27.23283,0.0,64.00481,46.88991
8,56.0,7.0,0.0,0.0,2,4,11,2,4,1,2,22.5,2.0,0.0,4.0,0.0,27.23283,0.0,63.81271,34.85462
8,56.0,7.0,0.0,0.0,2,4,11,2,4,1,2,22.5,2.0,0.0,7.3,0.0,25.58648,0.0,63.7579,33.33327
8,56.0,7.0,0.0,0.0,2,4,11,2,4,1,2,22.5,2.0,0.0,13.5,0.0,25.57485,0.0,62.8479,23.79163
8,56.0,7.0,0.0,0.0,2,4,11,2,4,1,2,22.5,2.0,0.0,25.0,0.0,25.57485,0.0,59.99457,13.35194
8,56.0,7.0,0.0,0.0,2,4,11,2,4,1,2,22.5,2.0,0.0,38.0,0.0,24.77718,0.0,57.92593,21.21206
5,28.0,0.0,0.0,1.0,0,4,11,27,6,1,13,0.1,0.0,28.0,0.0,0.0,45.0,0.2425,58.4,36.77
5,28.0,0.0,0.0,1.0,0,4,11,27,6,1,13,0.1,0.0,28.0,0.0,0.0,40.0,0.2545,56.2,45.06
5,28.0,0.0,0.0,1.0,0,4,11,27,6,1,13,0.1,0.0,28.0,0.0,0.0,35.0,0.28783,58.8,43.65
5,28.0,0.0,0.0,1.0,0,4,11,27,6,1,13,0.1,0.0,28.0,0.0,0.0,30.0,0.36,60.9,50.1
5,28.0,0.0,0.0,1.0,0,4,11,27,6,1,13,0.1,0.0,28.0,0.0,0.0,25.0,0.399,61.9,53.43
7,28.0,0.0,0.0,1.0,0,4,11,27,9,1,0,0.1,0.0,28.0,0.0,0.0,20.0,0.343,61.9,56.34
7,28.0,0.0,0.0,1.0,0,4,11,27,9,1,0,0.1,0.0,28.0,0.0,0.0,15.0,0.31221,64.5,54.84
7,28.0,0.0,0.0,1.0,0,4,11,27,4,1,13,0.1,0.0,28.0,0.0,0.0,11.7,0.30421,65.3,56.57
0,47.34274,6.04906,0.0,1.0,0,4,11,27,4,1,5,1.1,0.0,23.02984,4.28852,3.78427,22.41885,0.24986,65.11557,67.8621
0,47.34274,6.04906,0.0,1.0,0,4,11,30,4,1,5,1.1,0.0,23.02984,4.28852,3.78427,22.41885,0.24986,65.11557,68.5241
0,47.34274,6.04906,0.0,1.0,0,4,11,38,4,1,5,1.1,0.0,23.02984,4.28852,3.78427,22.41885,0.24986,65.11557,65.7655
0,47.34274,6.04906,0.0,1.0,0,4,15,30,4,1,5,1.1,0.0,23.02984,4.28852,3.78427,22.41885,0.24986,65.11557,68.0828
0,47.34274,6.04906,0.0,1.0,0,4,11,27,4,1,13,1.1,0.0,23.02984,4.28852,3.78427,22.41885,0.24986,65.11557,64.5517
0,47.34274,6.04906,0.0,1.0,0,4,11,30,4,1,13,1.1,0.0,23.02984,4.28852,3.78427,22.41885,0.24986,65.11557,59.3655
0,47.34274,6.04906,0.0,1.0,0,4,11,38,4,1,13,1.1,0.0,23.02984,4.28852,3.78427,22.41885,0.24986,65.11557,55.7241
0,47.34274,6.04906,0.0,1.0,0,4,15,30,4,1,13,1.1,0.0,23.02984,4.28852,3.78427,22.41885,0.24986,65.11557,59.3655
0,47.34274,6.04906,0.0,1.0,0,4,11,27,4,1,8,1.1,0.0,23.02984,4.28852,3.78427,22.41885,0.24986,65.11557,61.6828
0,47.34274,6.04906,0.0,1.0,0,4,11,30,4,1,8,1.1,0.0,23.02984,4.28852,3.78427,22.41885,0.24986,65.11557,43.9172
0,47.34274,6.04906,0.0,1.0,0,4,11,38,4,1,8,1.1,0.0,23.02984,4.28852,3.78427,22.41885,0.24986,65.11557,53.0759
0,47.34274,6.04906,0.0,1.0,0,4,15,30,4,1,8,1.1,0.0,23.02984,4.28852,3.78427,22.41885,0.24986,65.11557,51.6414
10,84.0,0.0,0.0,0.0,0,4,11,27,4,1,5,0.12,2.0,0.0,0.0,0.0,12.2,0.0,81.0,24.9
10,84.0,0.0,0.0,0.0,0,4,11,27,4,1,13,0.12,2.0,0.0,0.0,0.0,15.3,0.0,75.8,31.4
1,84.0,0.0,0.0,0.0,0,4,11,27,4,1,13,0.12,2.0,0.0,0.0,0.0,22.3,0.0,77.3,31.6
1,84.0,0.0,0.0,0.0,0,4,11,27,4,1,13,0.12,2.0,0.0,0.0,0.0,20.1,0.0,77.0,40.8
1,84.0,0.0,0.0,0.0,0,4,11,27,4,1,0,0.12,2.0,0.0,0.0,0.0,29.9,0.0,80.0,35.0
1,84.0,0.0,0.0,0.0,0,4,11,2,4,1,5,0.12,2.0,0.0,22.28321,0.0,16.9,0.0,84.1,14.9
1,84.0,0.0,0.0,0.0,0,4,11,2,4,1,13,0.12,2.0,0.0,9.53373,0.0,20.5,0.0,80.7,32.3
1,84.0,0.0,0.0,0.0,0,4,11,2,4,1,13,0.12,2.0,0.0,15.84383,0.0,21.3,0.0,81.5,25.3
0,60.0,12.0,0.0,1.0,0,4,11,4,4,1,13,0.045,0.0,60.0,11.35,0.0,16.0,0.22,60.0,44.0
0,60.0,12.0,0.0,1.0,0,4,11,4,4,1,13,0.045,0.0,60.0,11.35,0.0,19.0,0.44,60.0,51.0
0,60.0,12.0,0.0,1.0,0,4,11,4,4,1,13,0.045,0.0,60.0,10.35,0.0,22.0,0.66,60.0,54.0
0,60.0,12.0,0.0,1.0,0,4,11,4,4,1,13,0.045,0.0,60.0,11.35,0.0,19.0,0.22,65.0,42.0
0,60.0,12.0,0.0,1.0,0,4,11,4,4,1,13,0.045,0.0,60.0,10.35,0.0,22.0,0.44,65.0,56.0
0,60.0,12.0,0.0,1.0,0,4,11,4,4,1,13,0.045,0.0,60.0,11.35,0.0,16.0,0.66,65.0,51.0
0,60.0,12.0,0.0,1.0,0,4,11,4,4,1,13,0.045,0.0,60.0,9.35,0.0,22.0,0.22,70.0,47.0
0,60.0,12.0,0.0,1.0,0,4,11,4,4,1,13,0.045,0.0,60.0,9.35,0.0,16.0,0.44,70.0,36.0
0,60.0,12.0,0.0,1.0,0,4,11,4,4,1,13,0.045,0.0,60.0,9.35,0.0,19.0,0.66,70.0,50.0
1,28.0,0.0,0.0,1.0,0,4,11,27,4,1,5,0.01,0.0,28.0,0.0,0.0,11.0,0.28,69.0,23.5
1,28.0,0.0,0.0,1.0,0,4,11,27,4,1,6,0.01,0.0,28.0,0.0,0.0,11.0,0.28,63.0,20.6
1,28.0,0.0,0.0,1.0,0,4,11,27,4,1,6,0.01,0.0,28.0,0.0,0.0,11.0,0.28,66.0,21.8
1,28.0,0.0,0.0,1.0,0,4,11,27,4,1,8,0.01,0.0,28.0,0.0,0.0,14.7,0.28,65.0,16.8
1,28.0,0.0,0.0,1.0,0,4,11,27,4,1,8,0.01,0.0,28.0,0.0,0.0,12.9,0.28,67.0,19.2
1,28.0,0.0,0.0,1.0,0,4,11,2,4,1,5,0.01,0.0,28.0,25.0,0.0,16.7,0.28,65.0,8.9
1,28.0,0.0,0.0,1.0,0,4,11,2,4,1,5,0.01,0.0,28.0,14.28571,0.0,14.0,0.28,67.0,13.4
1,28.0,0.0,0.0,1.0,0,4,11,27,4,1,13,0.01,0.0,28.0,0.0,0.0,14.0,0.28,65.0,29.5
1,28.0,0.0,0.0,1.0,0,4,11,27,4,1,2,0.01,0.0,28.0,0.0,0.0,12.1,0.28,65.0,18.6
10,37.0,9.25,5.0,1.0,0,4,11,27,4,1,13,0.06,1.0,37.0,0.0,25.0,14.5,0.24,65.0,43.0
10,37.0,9.25,5.0,1.0,0,4,11,27,4,1,13,0.06,1.0,37.0,0.0,25.0,18.09524,0.48,65.0,50.0
10,37.0,9.25,5.0,1.0,0,4,11,27,4,1,13,0.06,1.0,37.0,0.0,25.0,20.73684,0.72,65.0,53.0
10,37.0,9.25,5.0,1.0,0,4,11,27,4,1,13,0.06,1.0,37.0,0.0,25.0,18.09524,0.24,70.0,41.0
10,37.0,9.25,5.0,1.0,0,4,11,27,4,1,13,0.06,1.0,37.0,0.0,25.0,21.10526,0.48,70.0,55.0
10,37.0,9.25,5.0,1.0,0,4,11,27,4,1,13,0.06,1.0,37.0,0.0,25.0,14.66667,0.72,70.0,50.0
10,37.0,9.25,5.0,1.0,0,4,11,27,4,1,13,0.06,1.0,37.0,0.0,25.0,21.52632,0.24,75.0,46.0
10,37.0,9.25,5.0,1.0,0,4,11,27,4,1,13,0.06,1.0,37.0,0.0,25.0,14.70833,0.48,75.0,34.0
10,37.0,9.25,5.0,1.0,0,4,11,27,4,1,13,0.06,1.0,37.0,0.0,25.0,17.90476,0.72,75.0,49.0
10,37.0,9.25,0.0,1.0,0,4,11,27,4,1,13,0.06,0.0,37.0,0.0,0.0,14.7,0.24,64.1,42.7
10,37.0,9.25,0.0,1.0,0,4,11,27,4,1,13,0.06,0.0,37.0,0.0,0.0,18.3,0.48,65.2,51.0
10,37.0,9.25,0.0,1.0,0,4,11,27,4,1,13,0.06,0.0,37.0,0.0,0.0,20.7,0.72,63.7,50.7
10,37.0,9.25,0.0,1.0,0,4,11,27,4,1,13,0.06,0.0,37.0,0.0,0.0,18.4,0.24,71.3,41.6
10,37.0,9.25,0.0,1.0,0,4,11,27,4,1,13,0.06,0.0,37.0,0.0,0.0,21.1,0.48,70.6,54.0
10,37.0,9.25,0.0,1.0,0,4,11,27,4,1,13,0.06,0.0,37.0,0.0,0.0,15.0,0.72,70.8,50.3
10,37.0,9.25,0.0,1.0,0,4,11,27,4,1,13,0.06,0.0,37.0,0.0,0.0,21.2,0.24,75.7,45.6
10,37.0,9.25,0.0,1.0,0,4,11,27,4,1,13,0.06,0.0,37.0,0.0,0.0,14.9,0.48,76.8,33.8
10,37.0,9.25,0.0,1.0,0,4,11,27,4,1,13,0.06,0.0,37.0,0.0,0.0,18.0,0.72,74.0,48.9
7,87.0,6.21429,0.0,0.0,2,4,11,27,4,1,8,0.144,2.0,0.0,0.0,0.0,20.0,0.0,68.64,63.12
7,87.0,6.21429,0.0,0.0,2,4,11,27,4,1,8,0.144,2.0,0.0,0.0,0.0,25.0,0.0,69.05,69.28
0,35.0,3.88889,0.0,1.0,0,4,11,27,4,1,8,0.1559,0.0,35.0,0.0,0.0,21.96203,0.34,66.03,52.90177
0,35.0,3.88889,0.0,1.0,0,4,11,27,4,1,8,0.2984,0.0,35.0,0.0,0.0,21.51131,0.34,65.69,55.63031
0,35.0,3.88889,0.0,1.0,0,4,11,27,4,1,8,0.5697,0.0,35.0,0.0,0.0,21.64477,0.34,66.14,55.11272
10,70.0,7.0,0.0,0.0,1,4,11,27,4,1,13,1.2,2.0,0.0,0.0,0.0,17.4,0.0,64.0,63.64
10,70.0,7.0,0.0,1.0,1,4,11,27,4,1,13,1.2,2.0,0.0,0.0,0.0,17.4,0.0,64.0,63.16
10,70.0,14.0,0.0,0.0,1,4,11,27,4,1,13,1.2,2.0,0.0,0.0,0.0,17.4,0.0,64.0,63.33
10,70.0,14.0,0.0,1.0,1,4,11,27,4,1,13,1.2,2.0,0.0,0.0,0.0,17.4,0.0,64.0,62.73
10,70.0,0.0,0.0,0.0,1,4,11,27,4,1,13,1.2,2.0,0.0,0.0,0.0,17.4,0.0,64.0,52.88
10,70.0,0.0,0.0,1.0,1,4,11,27,4,1,13,1.2,2.0,0.0,0.0,0.0,17.4,0.0,64.0,51.81
8,35.0,7.0,0.0,1.0,0,4,11,27,4,1,13,0.06,0.0,35.0,0.0,0.0,11.37,0.2,72.1,50.26
10,56.0,8.0,0.0,1.0,0,4,11,27,4,1,13,1.2,2.0,0.0,0.0,0.0,18.98238,0.0,67.6,66.0
10,56.0,8.0,0.0,1.0,0,4,11,4,4,1,13,1.2,2.0,0.0,3.3,0.0,18.98238,0.0,67.6,59.5
10,56.0,8.0,0.0,1.0,0,4,11,4,4,1,13,1.2,2.0,0.0,6.6,0.0,18.98238,0.0,67.6,60.5
10,56.0,8.0,0.0,1.0,0,4,11,4,4,1,13,1.2,2.0,0.0,9.9,0.0,18.98238,0.0,67.6,55.3
10,56.0,8.0,0.0,1.0,0,4,11,4,4,1,13,1.2,2.0,0.0,13.2,0.0,18.98238,0.0,67.6,44.3
7,28.0,3.11111,0.0,1.0,0,4,11,27,4,1,13,0.13,2.0,0.0,0.0,0.0,30.8801,0.0,61.4561,41.19
7,28.0,3.11111,0.0,1.0,0,4,11,8,4,1,13,0.13,2.0,0.0,2.0,0.0,30.0375,0.0,60.661,38.64
7,28.0,3.11111,0.0,1.0,0,4,11,8,4,1,13,0.13,2.0,0.0,4.0,0.0,30.3496,0.0,59.7109,31.45
7,28.0,3.11111,0.0,1.0,0,4,11,8,4,1,13,0.13,2.0,0.0,6.0,0.0,30.568,0.0,60.4548,25.78
7,28.0,3.11111,0.0,1.0,0,4,11,8,4,1,13,0.13,2.0,0.0,8.0,0.0,30.8801,0.0,60.0684,18.48
7,28.0,3.11111,0.0,1.0,0,4,11,8,4,1,13,0.13,2.0,0.0,10.0,0.0,31.0362,0.0,59.4546,12.39
10,28.0,14.0,30.0,1.0,0,4,11,27,4,1,13,0.07122,1.0,28.0,0.0,30.0,15.04166,0.8589,60.0,46.9
10,28.0,14.0,30.0,1.0,0,4,11,27,4,1,13,0.07122,1.0,28.0,0.0,30.0,19.96354,0.92562,60.0,53.94
10,28.0,14.0,30.0,1.0,0,4,11,27,4,1,13,0.07122,1.0,28.0,0.0,30.0,24.98683,0.90323,60.0,67.74
2,28.0,7.0,60.0,1.0,0,4,11,27,4,1,5,0.06,1.0,28.0,0.0,30.0,25.0,1.20727,66.9,52.8
2,28.0,7.0,60.0,1.0,0,4,11,27,4,1,0,0.06,1.0,28.0,0.0,30.0,20.9,0.96434,58.6,59.4
2,28.0,7.0,60.0,1.0,0,4,11,27,4,1,0,0.06,1.0,28.0,0.0,30.0,18.7,0.85547,53.1,62.5
2,28.0,7.0,60.0,1.0,0,4,11,27,4,1,0,0.06,1.0,28.0,0.0,30.0,16.8,0.76023,47.5,60.1
1,40.0,4.44444,0.0,1.0,1,4,11,27,4,1,13,0.2,2.0,0.0,0.0,0.0,29.7094,0.0,65.0,55.81
1,40.0,4.44444,0.0,1.0,1,4,11,25,4,1,13,0.2,2.0,0.0,1.0,0.0,29.8465,0.0,65.0,54.13
1,40.0,4.44444,0.0,1.0,1,4,11,2,4,1,13,0.2,2.0,0.0,5.0,0.0,33.0811,0.0,65.0,52.5
1,40.0,4.44444,0.0,1.0,1,4,10,2,4,1,13,0.2,2.0,0.0,6.0,0.0,33.4375,0.0,65.0,48.48
7,30.0,7.5,720.0,1.0,0,4,11,27,4,1,13,0.1,1.0,30.0,0.0,10.0,41.11596,0.00833,60.0,28.4
7,30.0,7.5,720.0,1.0,0,4,11,7,4,1,13,0.1,1.0,30.0,10.0,10.0,38.25338,0.00833,60.0,29.3
7,30.0,7.5,720.0,1.0,0,4,11,2,4,1,13,0.1,1.0,30.0,10.0,10.0,42.9974,0.00833,60.0,37.1
0,20.0,0.0,0.0,1.0,0,4,11,27,4,1,13,0.06,0.0,20.0,0.0,0.0,29.35,0.21,60.22,51.26
0,20.0,0.0,10.0,1.0,0,4,11,27,4,1,13,0.06,1.0,20.0,0.0,10.0,29.35,0.42,60.22,47.55
0,20.0,0.0,15.0,1.0,0,4,11,27,4,1,13,0.06,1.0,20.0,0.0,5.0,29.35,0.84,60.22,49.66
10,42.0,0.0,0.0,1.0,0,4,11,27,4,1,9,0.1,0.0,42.0,0.0,0.0,30.0,0.35,60.0,15.15
10,42.0,0.0,0.0,1.0,0,4,11,8,4,1,9,0.1,0.0,42.0,2.5,0.0,30.0,0.35,60.0,16.12
10,42.0,0.0,0.0,1.0,0,4,11,8,4,1,9,0.1,0.0,42.0,5.0,0.0,30.0,0.35,60.0,16.94
10,42.0,0.0,0.0,1.0,0,4,11,8,4,1,9,0.1,0.0,42.0,10.0,0.0,30.0,0.35,60.0,20.46
10,42.0,0.0,0.0,1.0,0,4,11,8,4,1,9,0.096,0.0,42.0,15.0,0.0,30.0,0.35,60.0,19.19
10,42.0,0.0,0.0,1.0,0,4,11,8,4,1,9,0.088,0.0,42.0,20.0,0.0,30.0,0.35,60.0,19.79
7,30.0,3.0,0.0,0.0,1,4,11,27,4,1,13,0.1458,2.0,0.0,0.0,0.0,20.0,0.0,64.01128,22.39
7,30.0,3.0,0.0,0.0,1,4,11,27,4,1,13,0.1458,2.0,0.0,0.0,0.0,25.0,0.0,62.25712,21.38
7,30.0,3.0,0.0,0.0,1,4,11,27,4,1,13,0.1458,2.0,0.0,0.0,0.0,30.0,0.0,62.23512,21.49
10,56.0,6.22222,0.0,1.0,0,4,11,27,4,1,13,0.1,2.0,0.0,0.0,0.0,24.8781,0.0,64.08,51.47
10,56.0,6.22222,0.0,1.0,0,4,11,28,4,1,13,0.1,2.0,0.0,15.0,0.0,22.8873,0.0,69.61546,64.64
10,56.0,6.22222,0.0,1.0,0,4,11,2,4,1,13,0.1,2.0,0.0,10.0,0.0,26.366,0.0,64.04,63.1
10,56.0,6.22222,0.0,1.0,0,4,12,2,4,1,13,0.1,2.0,0.0,25.0,0.0,24.4799,0.0,66.896,68.47
0,21.0,0.0,0.0,1.0,0,4,11,27,4,1,5,0.06,0.0,21.0,0.0,0.0,11.5,0.21,55.0,32.42
0,21.0,0.0,0.0,1.0,0,4,11,17,4,1,5,0.06,0.0,21.0,20.0,0.0,14.7,0.21,55.0,23.55
0,21.0,0.0,0.0,1.0,0,4,11,17,4,1,5,0.06,0.0,21.0,20.0,0.0,14.0,0.21,55.0,19.67
0,31.0,15.5,0.0,1.0,0,4,11,27,4,1,13,0.06,0.0,31.0,0.0,0.0,14.2,0.09384,65.4,48.8
0,31.0,15.5,0.0,1.0,0,4,11,27,4,1,13,0.06,0.0,31.0,0.0,0.0,14.2,0.15639,65.4,50.7
0,31.0,15.5,20.0,1.0,0,4,11,27,4,1,13,0.06,1.0,31.0,0.0,10.0,14.2,0.28151,65.4,53.1
10,48.0,0.0,0.0,1.0,0,4,11,27,4,1,3,0.045,0.0,48.0,0.0,0.0,17.07927,0.3279,50.0,67.56
7,48.0,0.0,0.0,1.0,0,4,11,27,4,1,3,0.045,0.0,48.0,0.0,0.0,17.32857,0.34666,50.0,60.2
9,48.0,0.0,0.0,1.0,0,4,11,27,4,1,3,0.045,0.0,48.0,0.0,0.0,19.33299,0.38698,50.0,60.06
8,35.0,7.0,0.0,1.0,0,4,11,27,4,1,13,0.06,0.0,35.0,0.0,0.0,10.57997,0.2,72.1,52.59
8,35.0,7.0,0.0,1.0,0,4,11,30,4,1,13,0.06,0.0,35.0,10.0,0.0,11.30095,0.2,72.1,50.31
8,35.0,7.0,0.0,1.0,0,4,11,4,4,1,13,0.06,0.0,35.0,10.0,0.0,10.89254,0.2,72.1,48.7
8,35.0,7.0,0.0,1.0,0,4,3,30,4,1,13,0.06,0.0,35.0,12.5,0.0,11.19228,0.2,72.1,49.24
8,35.0,7.0,0.0,1.0,0,4,3,4,4,1,13,0.06,0.0,35.0,12.5,0.0,11.3794,0.2,72.1,47.73
10,21.0,21.0,0.0,1.0,0,4,11,27,4,1,13,1.2096,0.0,21.0,0.0,0.0,19.9,0.24,59.81,49.2
10,21.0,21.0,0.0,1.0,0,4,11,27,4,1,0,1.2096,0.0,21.0,0.0,0.0,19.9,0.24,60.21,44.46
5,105.0,1.0,0.0,1.0,1,4,11,27,4,1,5,0.055,2.0,0.0,0.0,0.0,53.2,0.0,67.97,49.18
5,105.0,1.0,0.0,1.0,1,4,11,26,4,1,5,0.055,2.0,0.0,4.2,0.0,54.9,0.0,67.97,49.13
5,105.0,1.0,0.0,1.0,1,4,11,26,4,1,5,0.055,2.0,0.0,4.2,0.0,53.7,0.0,66.24,44.24
5,105.0,1.0,0.0,1.0,1,4,11,26,4,1,5,0.055,2.0,0.0,4.2,0.0,52.0,0.0,65.74,43.93
5,105.0,1.0,0.0,1.0,1,4,11,3,4,1,5,0.055,2.0,0.0,4.2,0.0,51.1,0.0,65.24,48.71
5,105.0,1.0,0.0,1.0,1,4,11,3,4,1,5,0.055,2.0,0.0,4.2,0.0,54.0,0.0,67.97,44.74
5,105.0,1.0,0.0,1.0,1,4,11,3,4,1,5,0.055,2.0,0.0,4.2,0.0,53.5,0.0,66.24,44.62
7,15.0,1.0,0.0,1.0,0,4,11,27,4,1,8,0.018,0.0,15.0,0.0,0.0,12.88,0.9532,65.03,10.33
7,47.34274,6.04906,0.0,1.0,0,4,11,2,4,1,8,1.1,0.0,23.02984,4.28852,3.78427,22.41885,0.24986,65.11557,15.82
7,47.34274,6.04906,0.0,1.0,0,4,11,2,4,1,8,1.1,0.0,23.02984,4.28852,3.78427,22.41885,0.24986,65.11557,17.17
7,47.34274,6.04906,0.0,1.0,0,4,11,2,4,1,8,1.1,0.0,23.02984,4.28852,3.78427,22.41885,0.24986,65.11557,16.54
7,47.34274,6.04906,0.0,1.0,0,4,11,2,4,1,8,1.1,0.0,23.02984,4.28852,3.78427,22.41885,0.24986,65.11557,11.61
7,15.0,1.0,0.0,1.0,0,4,11,2,4,1,8,0.018,0.0,15.0,29.0,0.0,39.93,0.91149,63.43,12.7
5,32.0,16.0,0.0,1.0,0,4,11,27,9,1,10,0.1,0.0,32.0,0.0,17.5,20.0,0.60345,61.1,22.76
5,32.0,16.0,0.0,1.0,0,4,11,27,9,1,10,0.1,0.0,32.0,0.0,15.0,30.0,0.66778,53.5,7.81
5,32.0,16.0,0.0,1.0,0,4,11,27,9,1,10,0.1,0.0,32.0,0.0,6.0,40.0,0.15341,48.5,17.58
5,32.0,16.0,0.0,1.0,0,4,11,27,9,1,1,0.1,0.0,32.0,0.0,7.5,23.0,0.387,74.7,34.26
5,32.0,16.0,0.0,1.0,0,4,11,27,9,1,1,0.1,0.0,32.0,0.0,17.5,30.0,0.79723,65.6,21.27
5,32.0,16.0,0.0,1.0,0,4,11,27,9,1,1,0.1,0.0,32.0,0.0,9.5,40.0,0.40073,53.0,7.04
5,32.0,16.0,0.0,1.0,0,4,11,27,4,1,13,0.1,0.0,32.0,0.0,6.0,41.28,0.12341,47.5,10.57
5,45.0,6.42857,0.0,0.0,0,4,11,27,4,1,13,0.06,2.0,0.0,0.0,0.0,23.8,0.0,63.49171,43.0
5,45.0,6.42857,0.0,0.0,0,4,11,27,4,1,13,0.06,2.0,0.0,0.0,0.0,30.6,0.0,62.1828,39.6
10,70.0,17.5,0.0,1.0,0,4,11,27,4,1,13,1.2096,2.0,0.0,0.0,0.0,17.26269,0.0,63.6,54.8
10,47.34274,6.04906,0.0,1.0,0,4,11,27,4,1,13,1.1,0.0,23.02984,4.28852,3.78427,22.41885,0.24986,65.11557,54.2
10,47.34274,6.04906,0.0,1.0,0,4,11,27,4,1,13,1.1,0.0,23.02984,4.28852,3.78427,22.41885,0.24986,65.11557,53.7
10,47.34274,6.04906,0.0,1.0,0,4,11,27,4,1,13,1.1,0.0,23.02984,4.28852,3.78427,22.41885,0.24986,65.11557,52.2
10,47.34274,6.04906,20.0,1.0,0,4,11,27,4,1,13,1.1,1.0,23.02984,4.28852,3.78427,22.41885,0.24986,65.11557,56.3
0,31.0,0.0,0.0,1.0,0,4,11,27,4,1,13,0.01,0.0,31.0,0.0,0.0,16.5,0.43,83.0,40.0
0,31.0,0.0,0.0,1.0,0,4,11,27,4,1,13,0.01,0.0,31.0,0.0,0.0,16.5,0.21,83.0,45.0
7,31.0,0.0,0.0,1.0,0,4,11,27,4,1,13,0.01,0.0,31.0,0.0,0.0,6.1,0.48,71.0,22.0
7,31.0,0.0,0.0,1.0,0,4,11,27,4,1,13,0.01,0.0,31.0,0.0,0.0,6.1,0.23,71.0,24.0
7,47.34274,6.04906,0.0,1.0,0,4,11,2,4,1,13,1.1,0.0,23.02984,4.28852,3.78427,22.41885,0.24986,65.11557,28.0
7,47.34274,6.04906,0.0,1.0,0,4,11,2,4,1,13,1.1,0.0,23.02984,4.28852,3.78427,22.41885,0.24986,65.11557,33.0
10,30.0,7.5,5.0,1.0,0,4,11,27,4,1,13,0.06,1.0,30.0,0.0,25.0,17.86175,0.48,65.9,58.4
10,30.0,7.5,5.0,1.0,0,4,11,30,4,1,13,0.06,1.0,30.0,10.0,25.0,18.73469,0.48,69.59,56.6
10,30.0,7.5,5.0,1.0,0,4,3,30,4,1,13,0.06,1.0,30.0,10.2,25.0,17.73301,0.48,69.59,56.3
10,30.0,7.5,5.0,1.0,0,4,3,30,4,1,13,0.06,1.0,30.0,5.2,25.0,17.80952,0.48,69.59,58.0
7,25.0,12.5,30.0,1.0,0,4,11,27,2,1,13,0.06,1.0,25.0,0.0,30.0,20.0,0.08242,65.0,24.3
7,25.0,12.5,30.0,1.0,0,4,11,27,2,1,13,0.06,1.0,25.0,0.0,30.0,20.0,0.82645,65.0,54.47
7,25.0,12.5,30.0,1.0,0,4,11,27,2,1,13,0.06,1.0,25.0,0.0,30.0,20.0,1.64384,65.0,45.7
10,54.0,7.71429,0.0,0.0,1,4,11,27,4,1,13,0.13,2.0,0.0,0.0,0.0,26.81932,0.0,64.08,58.0
10,54.0,7.71429,0.0,0.0,1,4,11,4,4,1,13,0.13,2.0,0.0,15.0,0.0,22.47066,0.0,66.13546,54.2
10,54.0,7.71429,0.0,0.0,1,4,11,4,4,1,13,0.13,2.0,0.0,15.0,0.0,22.47066,0.0,66.13546,53.8
10,54.0,7.71429,0.0,0.0,1,4,11,27,4,1,13,0.13,2.0,0.0,0.0,0.0,26.81932,0.0,64.08,55.4
10,54.0,7.71429,0.0,0.0,1,4,11,28,4,1,13,0.13,2.0,0.0,6.0,0.0,27.25406,0.0,63.28,52.1
10,54.0,7.71429,0.0,0.0,1,4,11,28,4,1,13,0.13,2.0,0.0,6.0,0.0,27.25406,0.0,63.28,51.8
8,45.0,5.0,720.0,1.0,0,4,11,27,4,1,13,0.12,1.0,45.0,0.0,20.0,22.85936,0.504,65.0,16.32
8,45.0,5.0,720.0,1.0,0,4,11,28,4,1,13,0.12,1.0,45.0,5.0,20.0,25.82089,0.48,65.0,17.17
8,45.0,5.0,720.0,1.0,0,4,11,28,4,1,13,0.12,1.0,45.0,1.0,20.0,24.44737,0.48,65.0,18.95
8,45.0,5.0,720.0,1.0,0,4,11,36,4,1,13,0.12,1.0,45.0,1.0,20.0,24.44737,0.48,65.0,15.14
8,45.0,5.0,720.0,1.0,0,4,11,13,4,1,13,0.12,1.0,45.0,3.0,20.0,24.55118,0.48,65.0,16.54
8,45.0,5.0,720.0,1.0,0,4,11,22,4,1,13,0.12,1.0,45.0,3.0,20.0,24.55118,0.48,65.0,17.15
8,45.0,5.0,720.0,1.0,0,4,11,4,4,1,13,0.12,1.0,45.0,5.0,20.0,25.82089,0.48,65.0,22.42
8,35.0,7.0,0.0,1.0,0,4,11,27,4,1,13,0.06,0.0,35.0,0.0,0.0,11.37,0.1,72.86,49.9
8,35.0,7.0,0.0,1.0,0,4,11,27,4,1,13,0.06,0.0,35.0,0.0,0.0,11.37,0.2,72.86,47.7
8,35.0,7.0,0.0,1.0,0,4,11,27,4,1,13,0.06,0.0,35.0,0.0,0.0,11.37,0.3,72.86,43.8
