Material_Main,Turning times,Period (d),V2_Ventilation Interval (min),M1_is Enclosed, Composting Method,Additive_3,Additive_2,Additive_1,Material_2,Additive_4,Material_3,Compost volume (m3),V1_Ventilation Type,V4_Ventilation Day,V3_Ventilation Duration (min),Application Rate (%DW),V5_Ventilation rate (L/min/kg iniDW),Initial GI (%),Initial pH,Initial C/N (%),Initial Moisture Content (%),Final GI (%)
10,13.0,26.0,0.0,1.0,0,4,11,27,13,1,4,0.05,0.0,26.0,0.0,0.0,0.57,38.0,7.60664,15.0,65.0,82.0
10,13.0,26.0,0.0,1.0,0,4,6,20,13,1,4,0.05,0.0,26.0,0.0,3.8,0.57,43.0,7.41084,15.0,65.0,96.0
10,13.0,26.0,0.0,1.0,0,4,6,20,13,1,4,0.05,0.0,26.0,0.0,7.3,0.57,42.0,6.61538,15.0,65.0,100.0
10,13.0,26.0,0.0,1.0,0,4,6,20,13,1,4,0.05,0.0,26.0,0.0,8.9,0.57,44.0,6.40734,15.0,65.0,76.0
10,6.42857,45.0,720.0,1.0,0,4,11,27,13,1,4,0.09,1.0,45.0,30.0,0.0,7.56254,14.6939,6.5,12.93902,65.0,82.6531
10,6.42857,45.0,720.0,1.0,0,4,11,28,13,1,4,0.09,1.0,45.0,30.0,16.87764,7.06051,3.67347,6.1,11.15335,65.0,79.5918
10,6.42857,45.0,720.0,1.0,0,4,11,8,13,1,4,0.09,1.0,45.0,30.0,15.47117,6.65557,22.9592,7.2,10.95636,65.0,81.7347
10,6.42857,45.0,720.0,1.0,0,4,11,4,13,1,4,0.09,1.0,45.0,30.0,15.47117,7.34153,32.449,6.2,9.83607,65.0,84.7959
10,7.5,45.0,720.0,1.0,0,4,11,27,13,1,4,0.09,1.0,35.0,30.0,0.0,2.6,14.9055,6.28722,12.9607,65.0,84.3683
10,7.5,45.0,720.0,1.0,0,4,11,15,13,1,4,0.09,1.0,35.0,30.0,0.65,2.6,17.1611,7.1357,11.7281,65.0,82.1126
10,7.5,45.0,720.0,1.0,0,4,11,25,13,1,4,0.09,1.0,35.0,30.0,0.65,2.6,15.8077,7.42357,14.0483,65.0,85.7217
10,7.5,45.0,720.0,1.0,0,4,11,25,13,1,4,0.09,1.0,35.0,30.0,0.65,2.6,11.2964,6.98414,12.0181,65.0,63.165
10,7.5,45.0,720.0,1.0,0,4,11,25,13,1,4,0.09,1.0,35.0,30.0,1.95,2.6,9.04075,6.92358,12.5619,65.0,60.9107
3,0.0,56.0,0.0,1.0,0,4,13,23,8,1,4,0.02,1.0,56.0,0.0,1.94326,0.35,4.70588,6.50999,30.4041,55.0,85.6
3,0.0,56.0,0.0,1.0,0,4,13,23,8,1,4,0.02,1.0,56.0,0.0,6.94326,0.35,2.05882,6.29485,34.0404,55.0,119.5
3,7.0,35.0,0.0,1.0,0,4,11,27,13,1,4,0.06,0.0,60.0,0.0,0.0,0.2,38.3,5.01,22.1,60.0,122.9
3,7.0,35.0,0.0,1.0,0,4,11,30,13,1,4,0.06,0.0,60.0,0.0,10.0,0.2,43.9,4.43,18.2,60.0,103.3
3,7.0,35.0,0.0,1.0,0,4,11,4,13,1,4,0.06,0.0,60.0,0.0,10.0,0.2,45.1,4.28,19.1,60.0,94.5
10,9.33333,28.0,0.0,1.0,0,4,11,27,13,1,4,0.06,0.0,28.0,0.0,0.0,0.25,20.6726,8.56091,24.8,52.2,116.83
10,9.33333,28.0,0.0,1.0,0,4,6,20,13,1,4,0.06,0.0,28.0,0.0,3.72823,0.25,18.7371,8.08092,24.8,52.2,106.765
10,9.33333,28.0,0.0,1.0,0,4,6,20,13,1,4,0.06,0.0,28.0,0.0,3.78398,0.25,21.6779,8.04706,24.8,52.2,108.157
10,0.0,60.0,0.0,1.0,0,4,11,27,8,1,4,0.1,0.0,60.0,0.0,0.0,0.0,21.01046,9.0061,33.0,58.0,74.9231
10,0.0,60.0,0.0,1.0,0,4,11,8,8,1,4,0.1,0.0,60.0,0.0,2.5,0.0,19.12098,9.00741,34.3643,58.0,75.6934
10,0.0,60.0,0.0,1.0,0,4,11,8,8,1,4,0.1,0.0,60.0,0.0,5.0,0.0,18.18098,8.9963,34.7059,58.0,84.7699
10,0.0,60.0,0.0,1.0,0,4,11,8,8,1,4,0.1,0.0,60.0,0.0,7.5,0.0,21.61748,8.9,33.9089,58.0,82.5414
10,0.0,60.0,0.0,1.0,0,4,11,8,8,1,4,0.1,0.0,60.0,0.0,10.0,0.0,15.0381,8.84815,35.0474,58.0,84.2347
10,7.8,39.0,0.0,1.0,0,4,11,27,13,1,4,0.06,0.0,39.0,0.0,0.0,0.355,54.4441,8.23826,20.7524,72.008,89.82
10,7.8,39.0,0.0,1.0,0,4,6,20,13,1,4,0.06,0.0,39.0,0.0,1.0,0.35,36.1111,8.10403,20.7524,69.03,99.54
10,7.8,39.0,0.0,1.0,0,4,11,13,13,1,4,0.06,0.0,39.0,0.0,5.98571,0.24016,53.8882,6.68792,20.7524,70.448,69.87
10,7.8,39.0,0.0,1.0,0,4,8,31,13,1,4,0.06,0.0,39.0,0.0,1.4,0.306,26.3889,7.7349,20.7524,69.81,118.24
10,7.8,39.0,0.0,1.0,0,4,8,4,13,1,4,0.06,0.0,39.0,0.0,4.25,0.2285,40.8333,6.84899,20.7524,70.542,107.42
10,8.75,35.0,0.0,1.0,0,4,11,27,13,1,4,0.06,0.0,35.0,0.0,0.0,0.38,68.0323,7.24574,20.3,70.4,116.28
10,8.75,35.0,0.0,1.0,0,4,6,20,13,1,4,0.06,0.0,35.0,0.0,4.56,0.38,66.1456,7.82614,16.91483,68.877,108.464
10,8.75,35.0,0.0,1.0,0,4,1,20,13,1,4,0.06,0.0,35.0,0.0,6.48,0.38,80.7008,7.85682,16.22887,69.817,124.906
7,6.0481,44.97885,0.0,0.0,2,4,11,27,13,1,4,0.74985,2.0,31.30906,6.87009,4.49092,1.05353,27.33179,7.55315,21.87084,63.23219,53.4975
7,6.0481,44.97885,0.0,0.0,2,4,11,2,13,1,4,0.74985,2.0,31.30906,6.87009,4.49092,1.05353,27.33179,7.55315,21.87084,63.23219,52.9064
8,0.0,56.0,0.0,1.0,0,4,11,27,13,1,4,0.13,2.0,0.0,0.0,0.0,0.0,41.69798,8.03025,25.0236,66.93481,56.41
8,0.0,56.0,0.0,1.0,0,4,11,8,13,1,4,0.13,2.0,0.0,0.0,2.0,0.0,41.69798,8.03025,25.2437,66.93481,63.78
8,0.0,56.0,0.0,1.0,0,4,11,8,13,1,4,0.13,2.0,0.0,0.0,4.0,0.0,42.07495,7.93505,27.68296,66.86481,74.46
8,0.0,56.0,0.0,1.0,0,4,11,8,13,1,4,0.13,2.0,0.0,0.0,6.0,0.0,36.89036,7.60611,27.80003,65.84713,85.47
8,0.0,56.0,0.0,1.0,0,4,11,8,13,1,4,0.13,2.0,0.0,0.0,10.0,0.0,27.47561,7.05387,28.84589,60.99778,93.15
7,0.25,45.0,30.0,1.0,0,4,11,27,4,1,0,2.4,1.0,45.0,17.0,0.0,6.67,18.9917,7.87459,30.4875,55.0,98.9221
7,0.25,45.0,30.0,1.0,0,4,11,8,4,1,0,2.4,1.0,45.0,17.0,0.44444,6.67,19.4087,7.73601,29.153,55.0,120.626
7,0.25,45.0,30.0,1.0,0,4,11,8,4,1,0,2.4,1.0,45.0,17.0,0.44444,6.67,16.9045,7.7218,31.2883,55.0,114.157
3,7.5,30.0,0.0,1.0,0,4,11,27,4,1,4,0.06,0.0,30.0,0.0,0.0,0.2,9.74889,6.1837,20.0,60.59701,93.0576
3,7.5,30.0,0.0,1.0,0,4,6,20,4,1,4,0.06,0.0,30.0,0.0,2.1383,0.2,17.1344,4.77333,22.76333,61.81118,100.295
3,7.5,30.0,0.0,1.0,0,4,11,4,4,1,4,0.06,0.0,30.0,0.0,3.20088,0.2,6.49926,4.41037,21.50538,62.39118,106.056
3,7.5,30.0,0.0,1.0,0,4,11,10,4,1,4,0.06,0.0,30.0,0.0,2.216,0.2,9.45347,5.00148,23.97465,60.53118,90.9897
3,7.5,30.0,0.0,1.0,0,4,11,16,4,1,4,0.06,0.0,30.0,0.0,2.53615,0.2,9.15805,5.58222,25.31765,60.53118,80.3545
10,4.25,34.0,360.0,1.0,0,4,11,27,8,1,0,0.06,1.0,34.0,30.0,0.0,0.0,21.4231,8.26949,20.8683,60.0,75.7692
10,4.25,34.0,360.0,1.0,0,4,11,38,8,1,0,0.06,1.0,34.0,30.0,7.5,0.0,36.4231,7.98373,19.9837,60.0,84.5385
10,4.25,34.0,360.0,1.0,0,4,11,4,8,1,0,0.06,1.0,34.0,30.0,7.5,0.0,16.4615,7.86487,20.2439,60.0,77.8462
10,4.25,34.0,360.0,1.0,0,4,6,20,8,1,0,0.06,1.0,34.0,30.0,7.5,0.0,45.4231,7.18207,20.2959,60.0,94.4615
10,7.0,56.0,0.0,1.0,1,4,11,27,8,1,3,0.4,0.0,28.0,0.0,0.0,5e-05,1.14007,7.98471,22.43201,65.0,70.4558
10,7.0,56.0,0.0,1.0,1,4,11,2,8,1,3,0.4,0.0,28.0,0.0,8.4771,5e-05,1.14007,8.02,24.87619,65.0,83.6808
10,7.0,56.0,0.0,1.0,1,4,11,2,8,1,3,0.4,0.0,28.0,0.0,16.95419,5e-05,1.14007,7.90706,22.65348,65.0,130.879
10,7.0,56.0,0.0,1.0,1,4,12,2,8,1,3,0.4,0.0,28.0,0.0,9.04224,5e-05,1.14007,7.97765,24.37066,65.0,88.4688
10,7.0,56.0,0.0,1.0,1,4,12,2,8,1,3,0.4,0.0,28.0,0.0,10.17252,5e-05,1.14007,8.00941,25.68731,65.0,98.5016
3,3.88889,35.0,0.0,1.0,0,4,11,18,8,1,4,0.02,0.0,35.0,0.0,2.25,0.5,10.0885,11.9607,29.0076,60.16,115.9
3,3.88889,35.0,0.0,1.0,0,6,8,18,8,1,4,0.02,0.0,35.0,0.0,3.3209,0.5,15.9292,11.5866,26.9466,59.82,109.7
3,3.88889,35.0,0.0,1.0,0,6,8,18,8,1,4,0.02,0.0,35.0,0.0,4.0709,0.5,22.5664,12.0647,29.0458,61.16,125.1
10,6.66667,40.0,690.0,1.0,0,4,11,27,13,1,4,0.099,1.0,30.0,30.0,0.0,7.69231,23.3491,6.8098,16.53936,64.54545,94.3868
10,6.66667,40.0,690.0,1.0,0,4,11,4,13,1,4,0.095,1.0,30.0,30.0,6.0,7.31707,19.6698,5.99866,16.39658,63.55556,84.1981
10,6.66667,40.0,690.0,1.0,0,4,11,28,13,1,4,0.105,1.0,30.0,30.0,15.0,6.81818,26.0377,6.19841,15.97083,62.06897,102.028
10,6.66667,40.0,690.0,1.0,0,4,11,28,13,1,4,0.09,1.0,30.0,30.0,1.46082,7.79221,18.2547,6.11367,16.34774,65.17413,94.1038
8,5.09091,56.0,0.0,1.0,0,4,11,27,13,1,4,0.13,1.0,56.0,4.5,0.0,1.11111,16.9733,7.4,25.02125,55.0,56.41
8,5.09091,56.0,0.0,1.0,0,4,11,2,13,1,4,0.13,1.0,56.0,4.5,2.0,1.11111,16.11794,7.8,25.08996,55.0,65.5
8,5.09091,56.0,0.0,1.0,0,4,11,2,13,1,4,0.13,1.0,56.0,3.0,4.0,1.11111,15.5003,7.8,25.00167,55.0,72.85
8,5.09091,56.0,0.0,1.0,0,4,11,2,13,1,4,0.13,1.0,56.0,1.5,6.0,1.11111,16.60198,8.0,23.99361,55.0,81.34
8,5.09091,56.0,0.0,1.0,0,4,11,2,13,1,4,0.13,1.0,56.0,3.0,8.0,1.11111,17.13228,8.0,22.31769,55.0,87.63
8,5.09091,56.0,0.0,1.0,0,4,11,2,13,1,4,0.13,1.0,56.0,1.5,12.0,1.11111,19.98933,8.1,21.13909,55.0,98.63
8,5.09091,56.0,0.0,1.0,0,4,11,2,13,1,4,0.13,1.0,56.0,0.0,18.0,1.11111,16.30297,8.2,20.40002,55.0,125.3
10,8.75,35.0,0.0,1.0,0,4,11,27,13,1,4,0.06,0.0,35.0,0.0,0.0,0.3,27.4332,8.23053,18.4,69.2,103.463
10,8.75,35.0,0.0,1.0,0,4,7,13,13,1,4,0.06,0.0,35.0,0.0,2.956,0.3,54.0642,8.02421,18.4,69.2,108.116
10,8.75,35.0,0.0,1.0,0,4,9,31,13,1,4,0.06,0.0,35.0,0.0,1.4,0.3,31.2834,7.96947,18.4,69.2,93.0356
10,8.75,35.0,0.0,1.0,0,4,9,4,13,1,4,0.06,0.0,35.0,0.0,3.25,0.3,39.6258,8.16316,18.4,69.2,100.415
10,8.75,35.0,0.0,1.0,0,4,9,13,13,1,4,0.06,0.0,35.0,0.0,3.4,0.3,28.877,6.85368,18.4,69.2,72.9821
10,6.25,50.0,240.0,1.0,0,4,11,25,4,1,4,0.18,1.0,50.0,10.0,2.38663,5.96659,5.61233,8.03,26.90253,58.1,69.2
10,7.14286,50.0,240.0,1.0,0,4,11,25,4,1,4,0.18,1.0,50.0,10.0,2.5,6.25,0.82569,7.50192,17.6,60.0,46.8
10,7.14286,50.0,240.0,1.0,0,4,11,25,4,1,4,0.18,1.0,50.0,10.0,2.5,6.25,2.84404,7.49704,24.0,60.0,52.5
10,7.14286,50.0,240.0,1.0,0,4,11,25,4,1,4,0.18,1.0,50.0,10.0,2.5,6.25,2.11009,7.49704,32.4,60.0,60.0
10,7.14286,50.0,240.0,1.0,0,4,11,25,4,1,4,0.18,1.0,50.0,10.0,2.5,6.25,1.74312,7.36254,40.3,60.0,59.0
10,7.14286,50.0,240.0,1.0,0,4,10,4,4,1,4,0.18,1.0,50.0,10.0,2.5,6.25,2.69729,8.18053,24.0,60.0,52.5
10,7.14286,50.0,240.0,1.0,0,4,10,4,4,1,4,0.18,1.0,50.0,10.0,5.0,6.25,4.34863,8.08772,24.4,60.0,50.2
10,7.14286,50.0,240.0,1.0,0,4,10,4,4,1,4,0.18,1.0,50.0,10.0,7.5,6.25,3.72434,8.03508,24.1,60.0,51.8
10,7.14286,50.0,240.0,1.0,0,4,10,4,4,1,4,0.18,1.0,50.0,10.0,10.0,6.25,6.12233,7.92372,24.1,60.0,51.5
10,7.0,35.0,240.0,1.0,0,4,10,38,4,1,4,0.18,1.0,35.0,10.0,2.5,6.25,6.30372,8.35331,27.0,60.0,57.7
10,7.0,35.0,240.0,1.0,0,4,10,38,4,1,4,0.18,1.0,35.0,10.0,9.23077,6.25,14.212,8.3426,26.0,60.0,63.6
10,7.0,35.0,240.0,1.0,0,4,10,38,4,1,4,0.18,1.0,35.0,10.0,16.92308,6.25,23.8395,8.23822,26.3,60.0,60.5
10,7.0,35.0,240.0,1.0,0,4,10,38,4,1,4,0.18,1.0,35.0,10.0,24.61538,6.25,46.1891,8.19063,25.3,60.0,74.6
10,1.30645,81.0,0.0,0.0,1,4,11,27,8,1,4,16.0,2.0,0.0,0.0,0.0,0.0,0.30256,8.12,14.42029,65.0,103.982
10,1.22727,81.0,0.0,0.0,1,4,11,2,8,1,4,16.0,2.0,0.0,0.0,8.8,0.0,0.77841,8.12,15.14815,65.0,116.847
10,5.0,30.0,0.0,1.0,0,4,11,27,13,1,4,0.12,0.0,30.0,0.0,0.0,2.56621,3.77994,7.25571,17.57895,66.11478,97.5734
10,5.0,30.0,0.0,1.0,0,4,11,28,13,1,4,0.12,0.0,30.0,0.0,5.0,2.56621,5.93047,6.60761,26.51507,60.03118,114.509
10,5.0,30.0,0.0,1.0,0,4,11,28,13,1,4,0.12,0.0,30.0,0.0,10.0,2.56621,5.39284,6.57182,23.77895,63.42,127.95
10,5.0,30.0,0.0,1.0,0,4,11,28,13,1,4,0.12,0.0,30.0,0.0,1.0,2.56621,4.58605,7.07281,25.30068,60.53118,120.961
10,7.0,28.0,0.0,1.0,0,4,11,27,14,1,4,0.06,0.0,28.0,0.0,0.0,0.36,46.6854,7.79826,17.91,62.06,92.191
10,7.0,28.0,0.0,1.0,0,4,11,4,14,1,4,0.06,0.0,28.0,0.0,10.0,0.36,51.1798,7.89913,18.23,58.69,89.9438
8,5.09091,56.0,0.0,1.0,0,4,11,27,13,1,4,0.1,0.0,56.0,0.0,0.0,1.7961,8.01028,7.1,25.17,56.03,64.17
8,5.09091,56.0,0.0,1.0,0,4,11,38,13,1,4,0.1,0.0,56.0,0.0,10.0,1.81444,13.60774,7.6,25.17972,55.0,105.63
8,5.09091,56.0,0.0,1.0,0,4,11,8,13,1,4,0.1,0.0,56.0,0.0,10.0,1.75444,12.76817,8.6,25.67343,55.0,98.2
8,5.09091,56.0,0.0,1.0,0,4,11,8,13,1,4,0.1,0.0,56.0,0.0,10.0,1.75444,12.76817,8.7,25.43875,55.0,101.85
3,7.5,30.0,20.0,1.0,0,4,11,27,13,1,4,0.06,1.0,30.0,40.0,0.0,1.5611,4.40313,7.01129,32.46,53.59,86.0078
3,7.5,30.0,20.0,1.0,0,4,11,27,13,1,3,0.06,1.0,30.0,40.0,0.0,3.06084,3.22896,7.06416,17.95878,62.83096,101.859
3,7.5,30.0,20.0,1.0,0,4,11,16,13,1,4,0.06,1.0,30.0,40.0,1.88608,3.58016,7.04539,6.81014,17.88206,62.73197,103.327
3,7.5,30.0,20.0,1.0,0,4,11,25,13,1,4,0.06,1.0,30.0,40.0,1.88608,3.58016,5.87123,6.81014,17.9312,62.73197,87.7691
10,10.0,50.0,0.0,1.0,0,4,11,27,13,1,4,0.1,0.0,50.0,0.0,0.0,2.712,29.01787,7.3394,25.0,58.0,93.06
10,10.0,50.0,0.0,1.0,0,4,11,2,13,1,4,0.1,0.0,50.0,0.0,10.0,0.426,35.91537,7.04739,19.51,64.5,99.34
10,10.0,50.0,0.0,1.0,0,4,11,38,13,1,4,0.1,0.0,50.0,0.0,10.0,0.426,35.91537,7.04739,19.51,64.5,98.21
10,10.0,50.0,0.0,1.0,0,4,15,2,13,1,4,0.1,0.0,50.0,0.0,20.0,0.426,35.91537,7.84631,19.17524,65.42,102.41
8,5.66667,34.0,0.0,1.0,0,4,11,27,13,1,4,0.06,0.0,34.0,0.0,0.0,0.27211,38.53,7.92644,11.37,65.0,103.21
8,5.66667,34.0,0.0,1.0,0,4,11,4,13,1,4,0.06,0.0,34.0,0.0,10.0,0.26291,38.63,7.57825,11.37,65.0,97.4
8,5.66667,34.0,0.0,1.0,0,4,3,4,13,1,4,0.06,0.0,34.0,0.0,10.28571,0.26265,58.62,7.53957,11.37,65.0,120.31
8,5.66667,34.0,0.0,1.0,0,4,3,4,13,1,4,0.06,0.0,34.0,0.0,14.57143,0.2589,51.69,7.59268,11.37,65.0,111.0
10,5.83333,35.0,0.0,1.0,0,4,11,27,13,1,4,0.06,0.0,35.0,0.0,0.0,0.25,27.668,8.2,18.43351,69.2,98.3399
10,5.83333,35.0,0.0,1.0,0,4,8,13,13,1,4,0.06,0.0,35.0,0.0,6.98571,0.25,54.2292,8.0,18.43351,69.277,108.142
10,5.83333,35.0,0.0,1.0,0,4,11,4,13,1,4,0.06,0.0,35.0,0.0,4.0,0.25,25.4545,7.25,18.43351,65.04,100.553
10,5.83333,35.0,0.0,1.0,0,4,11,13,13,1,4,0.06,0.0,35.0,0.0,6.10714,0.25,36.0474,6.75,18.43351,69.756,78.419
7,5.55556,50.0,0.0,1.0,0,4,11,27,13,1,4,0.1,0.0,28.7,7.0,0.0,1.7166,22.4747,6.53,31.0074,60.0,120.707
7,5.55556,50.0,0.0,1.0,0,4,11,8,13,1,4,0.1,0.0,38.1,7.0,2.0,3.17666,14.6465,6.85,30.0553,60.0,127.02
10,5.55556,50.0,0.0,1.0,0,4,11,27,13,1,4,0.1,0.0,50.0,0.0,0.0,0.3,0.0,7.74382,25.0,55.0,93.1417
10,5.55556,50.0,0.0,1.0,0,4,11,2,13,1,4,0.1,0.0,50.0,0.0,10.0,0.3,0.0,8.21499,25.37914,57.0,99.5483
10,5.55556,50.0,0.0,1.0,0,4,15,2,13,1,4,0.1,0.0,50.0,0.0,20.0,0.3,0.0,8.13921,22.94238,58.92,102.259
10,5.55556,50.0,0.0,1.0,0,5,15,2,13,1,4,0.1,0.0,50.0,0.0,20.5,0.3,0.0,8.0173,22.47375,60.34,104.723
10,5.55556,50.0,0.0,1.0,0,5,15,2,13,1,4,0.1,0.0,50.0,0.0,21.0,0.3,0.0,7.84926,21.88843,61.34,103.737
10,5.55556,50.0,0.0,1.0,0,5,15,2,13,1,4,0.1,0.0,50.0,0.0,22.0,0.3,0.0,7.82949,22.81319,61.34,105.955
7,7.0,91.0,0.0,1.0,0,4,11,27,13,1,4,0.25,0.0,49.6,7.0,0.0,3.97389,0.0,7.99441,20.0,60.0,77.6786
7,7.0,91.0,0.0,1.0,0,4,11,2,13,1,4,0.25,0.0,43.6,2.0,12.5,1.50225,0.0,7.90629,20.0,60.0,107.143
7,7.0,91.0,0.0,1.0,0,4,11,12,13,1,4,0.25,0.0,40.8,2.0,12.5,1.50225,0.0,7.55385,20.0,60.0,90.5357
7,7.0,91.0,0.0,1.0,0,4,5,2,13,1,4,0.25,0.0,41.2,0.0,25.0,0.29112,0.0,7.45315,20.0,60.0,109.286
7,7.0,91.0,0.0,1.0,0,4,11,27,13,1,4,0.25,0.0,49.6,7.0,0.0,3.97389,0.0,7.61678,25.0,60.0,84.6429
7,7.0,91.0,0.0,1.0,0,4,11,2,13,1,4,0.25,0.0,40.8,2.0,12.5,1.50225,0.0,7.67972,25.0,60.0,117.321
7,7.0,91.0,0.0,1.0,0,4,11,12,13,1,4,0.25,0.0,40.8,2.0,12.5,1.50225,0.0,7.17622,25.0,60.0,95.8929
7,7.0,91.0,0.0,1.0,0,4,5,2,13,1,4,0.25,0.0,41.2,0.0,25.0,0.29112,0.0,7.26434,25.0,60.0,126.429
7,7.0,91.0,0.0,1.0,0,4,11,27,13,1,4,0.25,0.0,49.6,7.0,0.0,3.97389,0.0,7.55385,30.0,60.0,96.9643
7,7.0,91.0,0.0,1.0,0,4,11,2,13,1,4,0.25,0.0,40.8,2.0,12.5,1.50225,0.0,7.5035,30.0,60.0,129.643
7,7.0,91.0,0.0,1.0,0,4,11,12,13,1,4,0.25,0.0,40.8,2.0,12.5,1.50225,0.0,7.15105,30.0,60.0,103.393
7,7.0,91.0,0.0,1.0,0,4,5,2,13,1,4,0.25,0.0,41.2,0.0,25.0,0.29112,0.0,7.12587,30.0,60.0,130.179
0,12.0,60.0,0.0,1.0,0,4,11,4,13,1,4,0.045,0.0,60.0,0.0,6.0,0.22,37.9571,6.89715,16.0,60.0,57.1649
0,12.0,60.0,0.0,1.0,0,4,11,4,13,1,4,0.045,0.0,60.0,0.0,6.0,0.44,33.0769,6.92168,19.0,60.0,82.0
0,12.0,60.0,0.0,1.0,0,4,11,4,13,1,4,0.045,0.0,60.0,0.0,6.0,0.66,42.7711,6.972,22.0,60.0,87.0482
0,12.0,60.0,0.0,1.0,0,4,11,4,13,1,4,0.045,0.0,60.0,0.0,6.0,0.22,41.0061,7.13502,19.0,65.0,81.0978
0,12.0,60.0,0.0,1.0,0,4,11,4,13,1,4,0.045,0.0,60.0,0.0,6.0,0.44,38.1538,7.19013,22.0,65.0,86.9231
0,12.0,60.0,0.0,1.0,0,4,11,4,13,1,4,0.045,0.0,60.0,0.0,6.0,0.66,42.0181,7.13502,16.0,65.0,66.8675
0,12.0,60.0,0.0,1.0,0,4,11,4,13,1,4,0.045,0.0,60.0,0.0,4.0,0.22,43.1405,8.17965,22.0,70.0,73.0185
0,12.0,60.0,0.0,1.0,0,4,11,4,13,1,4,0.045,0.0,60.0,0.0,4.0,0.44,36.0,8.17965,16.0,70.0,58.9231
0,12.0,60.0,0.0,1.0,0,4,11,4,13,1,4,0.045,0.0,60.0,0.0,4.0,0.66,45.0301,8.22492,19.0,70.0,82.0783
10,9.25,37.0,5.0,1.0,0,4,11,27,13,1,4,0.06,1.0,37.0,25.0,0.0,0.24,37.7432,6.89838,14.5,65.0,62.2568
10,9.25,37.0,5.0,1.0,0,4,11,27,13,1,4,0.06,1.0,37.0,25.0,0.0,0.48,33.8521,7.06079,18.09524,65.0,90.856
10,9.25,37.0,5.0,1.0,0,4,11,27,13,1,4,0.06,1.0,37.0,25.0,0.0,0.72,43.9689,6.89838,20.73684,65.0,83.6576
10,9.25,37.0,5.0,1.0,0,4,11,27,13,1,4,0.06,1.0,37.0,25.0,0.0,0.24,40.6615,7.06079,18.09524,70.0,81.5175
10,9.25,37.0,5.0,1.0,0,4,11,27,13,1,4,0.06,1.0,37.0,25.0,0.0,0.48,37.7432,7.06079,21.10526,70.0,85.7977
10,9.25,37.0,5.0,1.0,0,4,11,27,13,1,4,0.06,1.0,37.0,25.0,0.0,0.72,41.6342,7.06079,14.66667,70.0,66.1479
10,9.25,37.0,5.0,1.0,0,4,11,27,13,1,4,0.06,1.0,37.0,25.0,0.0,0.24,43.7743,8.03614,21.52632,75.0,73.7354
10,9.25,37.0,5.0,1.0,0,4,11,27,13,1,4,0.06,1.0,37.0,25.0,0.0,0.48,42.4125,7.98302,14.70833,75.0,53.3074
10,9.25,37.0,5.0,1.0,0,4,11,27,13,1,4,0.06,1.0,37.0,25.0,0.0,0.72,46.6926,7.89742,17.90476,75.0,85.9922
10,9.25,37.0,0.0,1.0,0,4,11,27,13,1,4,0.06,0.0,37.0,0.0,0.0,0.24,37.6,8.6,14.7,64.1,62.0
10,9.25,37.0,0.0,1.0,0,4,11,27,13,1,4,0.06,0.0,37.0,0.0,0.0,0.48,32.8,8.5,18.3,65.2,90.9
10,9.25,37.0,0.0,1.0,0,4,11,27,13,1,4,0.06,0.0,37.0,0.0,0.0,0.72,43.6,8.3,20.7,63.7,83.5
10,9.25,37.0,0.0,1.0,0,4,11,27,13,1,4,0.06,0.0,37.0,0.0,0.0,0.24,40.7,8.5,18.4,71.3,81.4
10,9.25,37.0,0.0,1.0,0,4,11,27,13,1,4,0.06,0.0,37.0,0.0,0.0,0.48,37.6,8.3,21.1,70.6,85.7
10,9.25,37.0,0.0,1.0,0,4,11,27,13,1,4,0.06,0.0,37.0,0.0,0.0,0.72,41.4,8.7,15.0,70.8,66.2
10,9.25,37.0,0.0,1.0,0,4,11,27,13,1,4,0.06,0.0,37.0,0.0,0.0,0.24,43.7,8.4,21.2,75.7,73.5
10,9.25,37.0,0.0,1.0,0,4,11,27,13,1,4,0.06,0.0,37.0,0.0,0.0,0.48,42.4,8.6,14.9,76.8,53.2
10,9.25,37.0,0.0,1.0,0,4,11,27,13,1,4,0.06,0.0,37.0,0.0,0.0,0.72,46.5,8.6,18.0,74.0,86.1
7,1.5,21.0,0.0,0.0,2,4,11,27,0,1,4,2.0,2.0,0.0,0.0,0.0,0.0,33.68381,7.24116,26.03,60.0,83.2288
7,1.5,21.0,0.0,0.0,2,4,11,25,0,1,4,2.0,2.0,0.0,0.0,3.0,0.0,30.3009,7.46543,26.03,60.0,90.7011
7,1.5,21.0,0.0,0.0,2,4,11,25,0,1,4,2.0,2.0,0.0,0.0,3.0,0.0,30.3009,7.32671,26.03,60.0,89.0959
7,1.5,21.0,0.0,0.0,2,4,11,25,0,1,4,2.0,2.0,0.0,0.0,3.0,0.0,30.3009,7.39607,26.03,60.0,94.5756
7,1.5,21.0,0.0,0.0,2,4,11,25,0,1,4,2.0,2.0,0.0,0.0,3.0,0.0,30.3009,7.43075,26.03,60.0,89.1513
7,1.5,21.0,0.0,0.0,2,4,11,25,0,1,4,2.0,2.0,0.0,0.0,3.0,0.0,30.3009,7.50243,26.03,60.0,85.941
7,1.5,21.0,0.0,0.0,2,4,11,25,0,1,4,2.0,2.0,0.0,0.0,3.0,0.0,30.3009,7.18798,26.03,60.0,86.2731
7,1.5,21.0,0.0,0.0,2,4,11,25,0,1,4,2.0,2.0,0.0,0.0,3.0,0.0,30.3009,7.2296,26.03,60.0,84.059
10,3.5,70.0,0.0,0.0,1,4,11,27,13,1,4,1.046,2.0,0.0,0.0,0.0,0.0,46.3494,8.58,21.09164,65.7,116.483
10,3.5,70.0,0.0,1.0,1,4,11,27,13,1,4,1.036,2.0,0.0,0.0,0.0,0.0,37.7002,8.58,20.00523,65.7,94.5508
10,7.0,70.0,0.0,0.0,1,4,11,27,13,1,4,0.929,2.0,0.0,0.0,0.0,0.0,28.4546,8.58,20.16346,65.7,118.588
10,7.0,70.0,0.0,1.0,1,4,11,27,13,1,4,1.113,2.0,0.0,0.0,0.0,0.0,41.7938,8.58,21.40811,65.7,97.0069
10,0.0,70.0,0.0,0.0,1,4,11,27,13,1,4,3.395,2.0,0.0,0.0,0.0,0.0,27.4015,8.58,20.16151,65.7,54.0264
10,0.0,70.0,0.0,1.0,1,4,11,27,13,1,4,0.912,2.0,0.0,0.0,0.0,0.0,46.706,8.58,21.70559,65.7,60.1649
10,7.0,70.0,0.0,0.0,1,4,11,27,13,1,4,1.2,2.0,0.0,0.0,0.0,0.0,39.3,7.4,17.4,64.0,85.2
10,7.0,70.0,0.0,1.0,1,4,11,27,13,1,4,1.2,2.0,0.0,0.0,0.0,0.0,39.3,7.4,17.4,64.0,80.6
10,14.0,70.0,0.0,0.0,1,4,11,27,13,1,4,1.2,2.0,0.0,0.0,0.0,0.0,39.3,7.4,17.4,64.0,73.5
10,14.0,70.0,0.0,1.0,1,4,11,27,13,1,4,1.2,2.0,0.0,0.0,0.0,0.0,39.3,7.4,17.4,64.0,70.5
10,0.0,70.0,0.0,0.0,1,4,11,27,13,1,4,1.2,2.0,0.0,0.0,0.0,0.0,39.3,7.4,17.4,64.0,67.4
10,0.0,70.0,0.0,1.0,1,4,11,27,13,1,4,1.2,2.0,0.0,0.0,0.0,0.0,39.3,7.4,17.4,64.0,65.6
8,7.0,35.0,0.0,1.0,0,4,11,27,13,1,4,0.06,0.0,35.0,0.0,0.0,0.2,38.6,7.78,11.37,72.1,97.4
10,8.0,56.0,0.0,1.0,0,4,11,27,13,1,4,1.2,2.0,0.0,0.0,0.0,0.0,33.75425,7.89425,18.98238,67.6,121.3
10,8.0,56.0,0.0,1.0,0,4,11,4,13,1,4,1.2,2.0,0.0,0.0,3.3,0.0,30.94543,7.84081,18.98238,67.6,102.0
10,8.0,56.0,0.0,1.0,0,4,11,4,13,1,4,1.2,2.0,0.0,0.0,6.6,0.0,31.15648,7.56281,18.98238,67.6,112.2
10,8.0,56.0,0.0,1.0,0,4,11,4,13,1,4,1.2,2.0,0.0,0.0,9.9,0.0,27.69723,7.34205,18.98238,67.6,121.4
10,8.0,56.0,0.0,1.0,0,4,11,4,13,1,4,1.2,2.0,0.0,0.0,13.2,0.0,27.69723,7.32895,18.98238,67.6,82.5
7,3.11111,28.0,0.0,1.0,0,4,11,27,13,1,4,0.13,2.0,0.0,0.0,0.0,0.0,22.0588,6.54514,30.8801,61.4561,121.0
7,3.11111,28.0,0.0,1.0,0,4,11,8,13,1,4,0.13,2.0,0.0,0.0,2.0,0.0,14.4118,6.85143,30.0375,60.661,127.0
0,5.33333,64.0,0.0,0.0,1,4,11,27,13,1,4,1.0,2.0,0.0,0.0,0.0,0.0,29.47002,7.9,21.05429,74.0,65.9
0,5.33333,64.0,0.0,1.0,1,4,11,27,13,1,4,1.0,2.0,0.0,0.0,0.0,0.0,29.47002,7.9,21.05429,74.0,84.8
0,5.33333,64.0,0.0,1.0,1,4,11,27,13,1,4,1.0,2.0,0.0,0.0,0.0,0.0,29.47002,7.9,21.05429,74.0,110.4
0,5.33333,64.0,0.0,1.0,1,4,11,27,13,1,4,1.0,0.0,64.0,0.0,0.0,1.157,36.06254,7.9,20.6,74.0,117.9
7,0.0,25.0,30.0,1.0,0,4,11,27,13,1,2,0.06,1.0,25.0,30.0,0.0,0.82645,31.54192,7.1,20.12346,60.0,97.0
7,0.0,25.0,30.0,1.0,0,4,11,27,13,1,2,0.06,1.0,25.0,30.0,0.0,1.64384,33.77192,6.9,20.01965,60.0,106.28
10,14.0,28.0,30.0,1.0,0,4,11,27,13,1,4,0.07122,1.0,28.0,30.0,0.0,0.8589,18.448,7.2692,15.04166,60.0,75.0
10,14.0,28.0,30.0,1.0,0,4,11,27,13,1,4,0.07122,1.0,28.0,30.0,0.0,0.92562,21.0835,7.2692,19.96354,60.0,88.5
10,14.0,28.0,30.0,1.0,0,4,11,27,13,1,4,0.07122,1.0,28.0,30.0,0.0,0.90323,33.47,7.14183,24.98683,60.0,116.05
2,7.0,28.0,60.0,1.0,0,4,11,27,5,1,4,0.06,1.0,28.0,30.0,0.0,1.20727,44.4,5.75,25.0,66.9,70.8
2,7.0,28.0,60.0,1.0,0,4,11,27,0,1,4,0.06,1.0,28.0,30.0,0.0,0.96434,51.4,5.36,20.9,58.6,121.4
7,0.0,21.0,30.0,1.0,2,4,11,27,8,1,4,0.06,1.0,21.0,30.0,0.0,0.15543,31.09347,8.89,30.3,59.79,107.576
7,0.0,21.0,30.0,1.0,2,4,11,27,8,1,4,0.06,1.0,21.0,30.0,0.0,0.31087,31.09347,8.89,30.3,59.79,117.677
7,0.0,21.0,30.0,1.0,2,4,11,27,8,1,4,0.06,1.0,21.0,30.0,0.0,0.15543,31.09347,8.89,30.3,59.79,88.3838
8,6.0481,44.97885,120.0,1.0,0,4,11,27,8,1,4,0.74985,1.0,31.30906,6.87009,4.49092,1.05353,27.33179,7.55315,21.87084,63.23219,101.1
8,0.0,20.0,120.0,1.0,0,4,11,24,8,1,4,0.004,1.0,20.0,60.0,3.0,0.776,37.2913,7.19,12.5,69.1,65.5
8,6.0481,44.97885,120.0,1.0,0,4,13,24,8,1,4,0.74985,1.0,31.30906,6.87009,4.49092,1.05353,27.33179,7.55315,21.87084,63.23219,85.7143
8,0.0,20.0,120.0,1.0,0,4,11,31,8,1,4,0.004,1.0,20.0,60.0,1.55,0.82263,49.3506,7.45,13.3,70.0,48.3
0,6.0,66.0,0.0,1.0,0,4,11,27,5,1,4,0.028,0.0,66.0,0.0,0.0,0.4,34.4262,7.55687,18.0,72.7,97.7459
0,6.0,66.0,0.0,1.0,0,4,11,27,5,1,4,0.028,0.0,66.0,0.0,0.0,0.4,34.4262,7.55687,18.0,71.7,93.2377
0,6.0,66.0,0.0,1.0,0,4,11,27,5,1,4,0.028,0.0,66.0,0.0,0.0,0.2,34.4262,7.55687,18.0,71.7,49.1803
0,6.0,66.0,0.0,1.0,0,4,11,27,8,1,4,0.028,0.0,66.0,0.0,0.0,0.2,32.0833,6.99087,22.0,68.8,95.0
0,6.0,66.0,0.0,1.0,0,4,11,27,8,1,4,0.028,0.0,66.0,0.0,0.0,0.2,31.6667,6.99087,26.0,69.5,86.875
0,6.0,66.0,0.0,1.0,0,4,11,27,8,1,4,0.028,0.0,66.0,0.0,0.0,0.2,35.0,7.40391,29.0,67.3,91.6667
0,6.0,66.0,0.0,1.0,0,4,11,27,5,1,4,0.028,0.0,66.0,0.0,0.0,0.2,34.4262,8.43,18.0,71.8,112.295
0,0.0,64.0,0.0,0.0,1,4,11,27,13,1,4,1.1,2.0,0.0,0.0,0.0,0.0,38.7423,7.9,23.2134,74.27405,65.7975
0,0.0,64.0,0.0,1.0,1,4,11,27,13,1,4,1.1,2.0,0.0,0.0,0.0,0.0,38.7423,7.9,23.2134,74.27405,84.2945
0,5.33333,64.0,0.0,1.0,1,4,11,27,13,1,4,1.1,2.0,0.0,0.0,0.0,0.0,38.7423,7.9,21.05429,74.27405,109.969
0,5.33333,64.0,1410.0,1.0,1,4,11,27,13,1,4,1.1,1.0,64.0,30.0,0.0,2.5,38.7423,7.9,19.52418,74.27405,117.975
1,4.44444,40.0,0.0,1.0,1,4,11,27,13,1,4,0.2,2.0,0.0,0.0,0.0,0.0,50.3571,7.6376,29.7094,65.0,97.619
1,4.44444,40.0,0.0,1.0,1,4,11,25,13,1,4,0.2,2.0,0.0,0.0,1.0,0.0,52.381,7.74491,29.8465,65.0,130.595
1,4.44444,40.0,0.0,1.0,1,4,11,2,13,1,4,0.2,2.0,0.0,0.0,5.0,0.0,49.7619,7.65293,33.0811,65.0,105.714
1,4.44444,40.0,0.0,1.0,1,4,10,2,13,1,4,0.2,2.0,0.0,0.0,6.0,0.0,50.7143,7.61269,33.4375,65.0,131.786
0,0.0,20.0,0.0,1.0,0,4,11,27,13,1,4,0.06,0.0,20.0,0.0,0.0,0.21,42.5336,7.53,29.35,60.22,90.14
0,0.0,20.0,10.0,1.0,0,4,11,27,13,1,4,0.06,1.0,20.0,10.0,0.0,0.42,42.5336,7.53,29.35,60.22,94.79
0,0.0,20.0,15.0,1.0,0,4,11,27,13,1,4,0.06,1.0,20.0,5.0,0.0,0.84,42.5336,7.53,29.35,60.22,88.56
7,3.0,30.0,0.0,0.0,1,4,11,27,13,1,4,0.1458,2.0,0.0,0.0,0.0,0.0,55.8948,7.50003,20.0,61.0,87.5514
7,3.0,30.0,0.0,0.0,1,4,11,27,13,1,4,0.1458,2.0,0.0,0.0,0.0,0.0,55.6409,7.45559,25.0,61.0,86.1971
7,3.0,30.0,0.0,0.0,1,4,11,27,13,1,4,0.1458,2.0,0.0,0.0,0.0,0.0,50.9855,7.41485,30.0,61.0,83.8271
10,6.22222,56.0,0.0,1.0,0,4,11,27,13,1,4,0.1,2.0,0.0,0.0,0.0,0.0,27.2527,7.694,24.8781,68.51741,114.286
10,6.22222,56.0,0.0,1.0,0,4,11,2,13,1,4,0.1,2.0,0.0,0.0,10.0,0.0,24.2637,6.73299,26.366,62.9923,123.429
0,0.0,21.0,0.0,1.0,0,4,11,27,5,1,4,0.06,0.0,21.0,0.0,0.0,0.21,27.0292,7.26,11.5,55.0,70.9552
0,0.0,21.0,0.0,1.0,0,4,11,17,5,1,4,0.06,0.0,21.0,0.0,20.0,0.21,52.3342,7.36,14.7,55.0,90.0531
0,0.0,21.0,0.0,1.0,0,4,11,17,5,1,4,0.06,0.0,21.0,0.0,20.0,0.21,68.5675,7.21,14.0,55.0,113.607
0,15.5,31.0,0.0,1.0,0,4,11,27,13,1,4,0.06,0.0,31.0,0.0,0.0,0.09384,36.12385,9.1,14.2,65.4,84.4
0,15.5,31.0,0.0,1.0,0,4,11,27,13,1,4,0.06,0.0,31.0,0.0,0.0,0.15639,36.12385,9.1,14.2,65.4,70.1
0,15.5,31.0,20.0,1.0,0,4,11,27,13,1,4,0.06,1.0,31.0,10.0,0.0,0.28151,43.50719,9.1,14.2,65.4,80.4
10,0.0,48.0,0.0,1.0,0,4,11,27,3,1,4,0.045,0.0,48.0,0.0,0.0,0.3279,54.5,8.82,17.07927,50.0,126.4
7,0.0,48.0,0.0,1.0,0,4,11,27,3,1,4,0.045,0.0,48.0,0.0,0.0,0.34666,9.4,8.08,17.32857,50.0,89.3
9,0.0,48.0,0.0,1.0,0,4,11,27,3,1,4,0.045,0.0,48.0,0.0,0.0,0.38698,34.3,8.66,19.33299,50.0,118.3
5,0.0,48.0,0.0,1.0,0,4,11,27,12,1,4,0.045,0.0,48.0,0.0,0.0,0.32143,23.2,8.19,21.56792,50.0,102.3
8,7.0,35.0,0.0,1.0,0,4,11,27,13,1,4,0.06,0.0,35.0,0.0,0.0,0.2,38.6235,7.82186,10.57997,72.1,113.314
8,7.0,35.0,0.0,1.0,0,4,11,30,13,1,4,0.06,0.0,35.0,0.0,10.0,0.2,43.0769,7.57287,11.30095,72.1,103.193
8,7.0,35.0,0.0,1.0,0,4,11,4,13,1,4,0.06,0.0,35.0,0.0,10.0,0.2,38.8262,7.78543,10.89254,72.1,105.622
8,7.0,35.0,0.0,1.0,0,4,3,30,13,1,4,0.06,0.0,35.0,0.0,12.5,0.2,47.3282,7.75506,11.19228,72.1,108.658
8,7.0,35.0,0.0,1.0,0,4,3,4,13,1,4,0.06,0.0,35.0,0.0,12.5,0.2,58.6643,7.69433,11.3794,72.1,118.375
10,21.0,21.0,0.0,1.0,0,4,11,27,13,1,4,1.2096,0.0,21.0,0.0,0.0,0.24,48.12,7.3,19.9,59.81,93.25
10,21.0,21.0,0.0,1.0,0,4,11,27,0,1,4,1.2096,0.0,21.0,0.0,0.0,0.24,52.34,7.86,19.9,60.21,105.78
10,17.5,70.0,0.0,1.0,0,4,11,27,13,1,4,1.2096,2.0,0.0,0.0,0.0,0.0,12.7221,8.11709,17.26269,63.6,112.278
10,17.5,70.0,0.0,1.0,0,4,11,27,13,1,4,1.2096,0.0,70.0,0.0,0.0,0.18,12.7221,8.11709,17.26269,63.6,98.748
10,17.5,70.0,0.0,1.0,0,4,11,27,13,1,4,1.2096,0.0,70.0,0.0,0.0,0.36,12.7221,8.11709,17.26269,63.6,100.969
10,17.5,70.0,0.0,1.0,0,4,11,27,13,1,4,1.2096,0.0,70.0,0.0,0.0,0.54,12.7221,8.11709,17.26269,63.6,93.0937
10,6.0481,44.97885,20.0,1.0,0,4,11,27,13,1,4,0.74985,1.0,31.30906,6.87009,4.49092,1.05353,27.33179,7.55315,21.87084,63.23219,106.624
10,7.5,30.0,5.0,1.0,0,4,11,27,13,1,4,0.06,1.0,30.0,25.0,0.0,0.48,22.1,7.8444,17.86175,65.9,100.7
10,7.5,30.0,5.0,1.0,0,4,11,30,13,1,4,0.06,1.0,30.0,25.0,10.0,0.48,43.2,7.85581,18.73469,64.289,105.9
10,7.5,30.0,5.0,1.0,0,4,3,30,13,1,4,0.06,1.0,30.0,25.0,10.2,0.48,45.4,7.79357,17.73301,65.499,112.4
10,7.5,30.0,5.0,1.0,0,4,3,30,13,1,4,0.06,1.0,30.0,25.0,5.2,0.48,37.1,7.8112,17.80952,66.59,107.9
7,12.5,25.0,30.0,1.0,0,4,11,27,13,1,2,0.06,1.0,25.0,30.0,0.0,0.82645,21.6768,7.10083,20.0,65.0,97.0787
7,12.5,25.0,30.0,1.0,0,4,11,27,13,1,2,0.06,1.0,25.0,30.0,0.0,1.64384,15.2463,6.88782,20.0,65.0,105.583
7,4.15,83.0,0.0,0.0,2,4,11,27,8,1,0,2.0,2.0,0.0,0.0,0.0,0.0,37.63776,8.3,23.5,72.4,46.0
10,7.71429,54.0,0.0,0.0,1,4,11,27,13,1,4,0.13,2.0,0.0,0.0,0.0,0.0,14.7958,7.482,23.88997,67.05,84.196
10,7.71429,54.0,0.0,0.0,1,4,11,4,13,1,4,0.13,2.0,0.0,0.0,15.0,0.0,17.9891,6.99747,25.44271,62.77778,91.2548
10,7.71429,54.0,0.0,0.0,1,4,11,4,13,1,4,0.13,2.0,0.0,0.0,15.0,0.0,22.8632,6.91509,25.44271,62.77778,76.2968
10,7.71429,54.0,0.0,0.0,1,4,11,27,13,1,4,0.13,2.0,0.0,0.0,0.0,0.0,23.3193,7.482,23.88997,68.11741,111.975
10,7.71429,54.0,0.0,0.0,1,4,11,28,13,1,4,0.13,2.0,0.0,0.0,6.0,0.0,20.5882,7.17006,26.09554,64.44,83.6134
10,7.71429,54.0,0.0,0.0,1,4,11,28,13,1,4,0.13,2.0,0.0,0.0,6.0,0.0,22.2689,7.17006,24.98825,64.44,86.7647
0,6.0481,44.97885,0.0,1.0,0,4,11,27,5,1,4,0.74985,0.0,31.30906,6.87009,4.49092,1.05353,27.33179,7.55315,21.87084,63.23219,112.09
0,0.0,21.0,0.0,1.0,0,4,11,27,0,1,4,0.007,0.0,21.0,0.0,0.0,2.47443,22.27305,8.01468,36.1165,61.98909,105.78
0,0.0,21.0,0.0,1.0,0,4,11,27,0,1,4,0.007,0.0,21.0,0.0,0.0,2.47443,22.27305,8.01468,36.1165,61.98909,117.35
0,0.0,21.0,0.0,1.0,0,4,11,27,0,1,4,0.007,0.0,21.0,0.0,0.0,2.47443,22.27305,8.01468,36.1165,61.98909,119.45
8,5.0,45.0,720.0,1.0,0,4,11,27,13,1,4,0.12,1.0,45.0,20.0,0.0,1.91742,25.4785,7.26608,20.85195,65.0,92.0
8,5.0,45.0,720.0,1.0,0,4,11,28,13,1,4,0.12,1.0,45.0,20.0,5.0,2.78971,23.5407,6.76797,25.68378,65.0,114.0
8,5.0,45.0,720.0,1.0,0,4,11,28,13,1,4,0.12,1.0,45.0,20.0,1.0,4.55625,3.30144,6.57881,20.65631,65.0,103.0
8,5.0,45.0,720.0,1.0,0,4,11,36,13,1,4,0.12,1.0,45.0,20.0,1.0,2.87465,15.5742,6.9256,19.16872,65.0,52.0
8,5.0,45.0,720.0,1.0,0,4,11,13,13,1,4,0.12,1.0,45.0,20.0,3.0,4.55625,10.622,6.13745,22.88208,65.0,74.0
8,5.0,45.0,720.0,1.0,0,4,11,22,13,1,4,0.12,1.0,45.0,20.0,3.0,3.30742,16.0048,7.07692,20.94962,65.0,112.0
8,5.0,45.0,720.0,1.0,0,4,11,4,13,1,4,0.12,1.0,45.0,20.0,5.0,4.03855,16.0048,6.70492,23.30187,65.0,81.0
8,0.5,52.0,90.0,1.0,0,4,11,27,8,1,4,0.1,1.0,52.0,15.0,0.0,0.00583,20.9537,6.85069,24.0367,59.0,87.0
8,0.5,52.0,90.0,1.0,0,4,11,8,8,1,4,0.1,1.0,52.0,15.0,2.0,0.00583,23.0194,7.02885,24.25967,59.5,96.0
8,0.5,52.0,90.0,1.0,0,4,11,8,8,1,4,0.1,1.0,52.0,15.0,5.0,0.00583,33.8492,7.10357,24.13938,58.0,92.0
8,0.5,52.0,90.0,1.0,0,4,11,8,8,1,4,0.1,1.0,52.0,15.0,10.0,0.00583,34.365,7.0461,24.09582,58.0,97.0
10,0.0,50.0,0.0,1.0,0,4,11,27,13,1,4,0.1,0.0,50.0,0.0,0.0,0.3,17.02512,7.7,25.0,60.0,93.06
10,0.0,50.0,0.0,1.0,0,4,11,2,13,1,4,0.1,0.0,50.0,0.0,10.0,0.3,19.00608,7.7,25.0,60.0,99.34
10,0.0,50.0,0.0,1.0,0,4,11,38,13,1,4,0.1,0.0,50.0,0.0,10.0,0.3,19.00608,7.7,25.0,60.0,98.21
10,0.0,50.0,0.0,1.0,0,4,15,2,13,1,4,0.1,0.0,50.0,0.0,20.0,0.3,19.0671,7.7,25.0,60.0,102.41
10,5.55556,50.0,0.0,1.0,0,4,11,27,13,1,4,0.1,0.0,50.0,0.0,0.0,0.3,30.71407,7.74554,25.28504,59.723,93.4361
10,5.55556,50.0,0.0,1.0,0,4,11,2,13,1,4,0.1,0.0,50.0,0.0,10.0,0.3,36.32043,8.21429,21.45731,58.21,99.6662
10,5.55556,50.0,0.0,1.0,0,4,15,2,13,1,4,0.1,0.0,50.0,0.0,20.0,0.3,25.12525,8.14732,20.20431,64.18,102.617
10,5.55556,50.0,0.0,1.0,0,5,15,2,13,1,4,0.1,0.0,50.0,0.0,20.5,0.3,24.29101,8.01897,20.20431,64.18,104.912
10,5.55556,50.0,0.0,1.0,0,5,15,2,13,1,4,0.1,0.0,50.0,0.0,21.0,0.3,24.74981,7.8404,20.20766,64.18,104.256
10,5.55556,50.0,0.0,1.0,0,5,15,2,13,1,4,0.1,0.0,50.0,0.0,22.0,0.3,24.74981,7.82924,20.20766,64.68,106.224
8,7.0,35.0,0.0,1.0,0,4,11,27,13,1,4,0.06,0.0,35.0,0.0,0.0,0.1,48.4194,7.84398,11.37,72.86,110.091
8,7.0,35.0,0.0,1.0,0,4,11,27,13,1,4,0.06,0.0,35.0,0.0,0.0,0.2,48.1839,7.7688,11.37,72.86,97.1194
8,7.0,35.0,0.0,1.0,0,4,11,27,13,1,4,0.06,0.0,35.0,0.0,0.0,0.3,54.08,7.89098,11.37,72.86,87.0957
10,9.33333,28.0,0.0,1.0,0,4,11,27,13,1,4,0.06,0.0,28.0,0.0,0.0,0.25,20.3539,8.56244,24.8,52.2,116.999
10,9.33333,28.0,0.0,1.0,0,4,8,13,13,1,4,0.06,0.0,28.0,0.0,1.15122,0.25,19.1053,8.07981,21.18859,62.0,107.259
10,9.33333,28.0,0.0,1.0,0,1,8,13,13,1,4,0.06,0.0,28.0,0.0,1.15122,0.25,21.7647,8.03662,21.18859,62.0,108.235
10,9.33333,28.0,0.0,1.0,0,1,8,13,13,1,4,0.06,0.0,28.0,0.0,0.75122,0.25,25.6863,7.99718,21.22,62.14,88.2353
10,9.33333,28.0,0.0,1.0,0,1,8,13,13,1,4,0.06,0.0,28.0,0.0,1.75122,0.25,29.2157,7.94273,21.22,62.14,90.7843
10,9.33333,28.0,0.0,1.0,0,1,8,13,13,1,4,0.06,0.0,28.0,0.0,0.75122,0.25,23.6005,7.99343,20.95335,62.0,81.9101
0,0.0,45.0,0.0,0.0,2,4,11,27,13,1,4,6.48,2.0,0.0,0.0,0.0,0.0,26.7073,7.60329,25.0,60.0,94.3902
0,0.0,45.0,0.0,0.0,2,4,11,4,13,1,4,6.48,2.0,0.0,0.0,10.0,0.0,25.6911,6.22852,25.0,60.0,110.447
0,0.0,45.0,0.0,0.0,2,4,11,27,13,1,0,6.48,2.0,0.0,0.0,0.0,0.0,25.4878,7.51554,25.0,60.0,104.756
0,0.0,35.0,0.0,0.0,2,4,11,27,13,1,4,26.25,2.0,0.0,0.0,0.0,0.0,21.6867,8.96646,19.2334,62.672,57.6305
0,0.0,35.0,0.0,0.0,2,4,11,27,13,1,0,26.25,2.0,0.0,0.0,0.0,0.0,23.8956,8.73049,20.3833,59.7839,71.4859
0,0.0,35.0,0.0,0.0,2,4,11,27,13,1,0,26.25,2.0,0.0,0.0,0.0,0.0,26.506,8.51646,21.4286,56.0294,76.1044
0,0.0,35.0,0.0,0.0,2,4,11,27,13,1,0,26.25,2.0,0.0,0.0,0.0,0.0,30.1205,8.33537,22.7875,53.7189,82.5301
