Material_Main,Turning times, Composting Method,M1_is Enclosed,V2_Ventilation Interval (min),Period (d),V4_Ventilation Day,V3_Ventilation Duration (min),Application Rate (%DW),Material_2,Compost volume (m3),V5_Ventilation rate (L/min/kg iniDW),Initial Moisture Content (%),Initial C/N (%),Initial TN (%),V1_Ventilation Type,Initial TC (%),Additive_1,Initial density (kg/L),TN loss (%)
10,13.0,0,1,0,26.0,26.0,0.0,0.0,11,0.05,0.57,65.0,15.0,2.66,0,39.9,0,0.532,35.0
10,13.0,0,1,0,26.0,26.0,0.0,3.8,11,0.05,0.57,65.0,15.0,2.66,0,39.9,15,0.532,12.0
10,13.0,0,1,0,26.0,26.0,0.0,7.3,11,0.05,0.57,65.0,15.0,2.66,0,39.9,15,0.532,5.0
10,13.0,0,1,0,26.0,26.0,0.0,8.9,11,0.05,0.57,65.0,15.0,2.66,0,39.9,15,0.532,1.0
0,5.24451,0,1,0,45.00543,23.95271,3.71964,4.61917,7,1.07218,0.65641,64.22697,21.36486,2.05673,0,39.17911,0,0.47904,0.0
0,7.0,0,1,0,14.0,14.0,0.0,6.0,7,0.004,0.1,61.4,44.55357,1.12,0,49.9,8,0.275,4.5
0,7.0,0,1,0,14.0,14.0,0.0,13.0,7,0.004,0.1,59.3,45.58376,0.985,0,44.9,8,0.275,12.3
0,7.0,0,1,0,14.0,14.0,0.0,23.0,7,0.004,0.1,56.9,40.99448,0.905,0,37.1,8,0.275,7.3
10,6.42857,0,1,11,45.0,45.0,30.0,16.87764,11,0.09,7.06051,65.0,11.15335,3.13,1,34.91,21,0.27022,44.1
10,6.42857,0,1,11,45.0,45.0,30.0,15.47117,11,0.09,6.65557,65.0,10.95636,2.75,1,30.13,5,0.269,50.3
10,6.42857,0,1,11,45.0,45.0,30.0,15.47117,11,0.09,7.34153,65.0,9.83607,3.05,1,30.0,2,0.269,34.1
10,7.5,0,1,11,45.0,35.0,30.0,0.0,11,0.09,2.6,65.0,12.9607,2.46,1,31.88332,0,0.25,45.0
10,7.5,0,1,11,45.0,35.0,30.0,0.65,11,0.09,2.6,65.0,11.7281,2.97,1,34.83246,11,0.25,41.0
10,7.5,0,1,11,45.0,35.0,30.0,0.65,11,0.09,2.6,65.0,14.0483,2.52,1,35.40172,19,0.25,35.0
10,7.5,0,1,11,45.0,35.0,30.0,0.65,11,0.09,2.6,65.0,12.0181,2.79,1,33.5305,19,0.25,56.0
10,7.5,0,1,11,45.0,35.0,30.0,1.95,11,0.09,2.6,65.0,12.5619,2.73,1,34.29399,19,0.25,48.0
7,7.0,0,1,4,42.0,42.0,0.5,0.0,11,0.06,0.0275,60.0,10.39326,3.56,1,37.0,0,0.416,39.5
7,7.0,0,1,4,42.0,42.0,0.5,5.0,11,0.06,0.0275,60.0,10.73352,3.49,1,37.46,0,0.416,37.3
7,7.0,0,1,4,42.0,42.0,0.5,25.0,11,0.06,0.0275,60.0,15.5,2.96,1,45.88,0,0.416,26.7
7,12.0,1,0,0,60.0,0.0,0.0,0.0,11,0.22,0.0,64.9862,15.04178,2.65926,0,40.0,0,0.38975,55.3
7,12.0,1,0,0,60.0,0.0,0.0,10.0,11,0.22,0.0,62.7622,13.04196,2.86,0,37.3,0,0.40482,48.9
7,12.0,1,0,0,60.0,0.0,0.0,10.0,11,0.22,0.0,60.6549,14.48276,2.61,0,37.8,0,0.38305,43.0
6,2.08333,2,0,0,25.0,25.0,0.0,0.0,2,0.0272,0.79564,73.0,19.8,1.8,0,35.64,0,0.79598,22.0
6,2.08333,2,0,0,25.0,25.0,0.0,10.0,2,0.081,4.36109,69.7,27.5,1.4,0,38.5,0,0.47746,3.0
7,8.57143,1,0,0,60.0,0.0,0.0,0.0,11,0.165,0.0,60.0,12.3645,3.05674,0,37.7951,0,0.19,32.3
7,8.57143,1,0,0,60.0,0.0,0.0,10.0,11,0.165,0.0,59.0,13.2954,2.96078,0,39.3648,0,0.21,15.8
7,8.57143,1,0,0,60.0,0.0,0.0,10.0,11,0.165,0.0,58.0,11.4409,3.33965,0,38.2086,0,0.21,21.9
0,7.14286,1,0,0,150.0,0.0,0.0,0.0,2,0.12,0.0,65.0,31.6,1.698,0,37.07796,0,0.38083,2.01
0,7.14286,1,0,0,150.0,0.0,0.0,4.0,2,0.12,0.0,65.0,31.67614,1.698,0,35.29796,1,0.39583,6.5
0,7.14286,1,0,0,150.0,0.0,0.0,8.0,2,0.12,0.0,65.0,31.77966,1.698,0,30.45683,1,0.41167,1.46
0,7.14286,1,0,0,150.0,0.0,0.0,12.0,2,0.12,0.0,65.0,31.5,1.697,0,28.63153,1,0.42667,4.33
3,7.0,0,1,0,35.0,60.0,0.0,0.0,11,0.06,0.2,60.0,22.1,1.79,0,39.559,0,0.56915,47.4
3,7.0,0,1,0,35.0,60.0,0.0,10.0,11,0.06,0.2,60.0,18.2,1.98,0,36.036,23,0.57265,30.7
3,7.0,0,1,0,35.0,60.0,0.0,10.0,11,0.06,0.2,60.0,19.1,1.89,0,36.099,2,0.57265,37.5
6,3.11111,0,1,11,28.0,60.0,30.0,0.0,11,0.07772,1.43875,63.0,32.06504,1.23,1,39.44,0,0.51914,38.0
6,3.11111,0,1,11,28.0,60.0,30.0,0.0,7,0.07772,1.40366,60.0,33.03604,1.11,1,36.67,0,0.5,38.0
6,3.11111,0,1,11,28.0,28.0,30.0,0.18,11,0.07772,0.26253,61.0,31.89256,1.21,1,38.59,24,0.79426,38.0
6,3.11111,0,1,11,28.0,28.0,30.0,0.06,7,0.07772,0.3022,62.0,30.96721,1.22,1,37.78,24,0.76682,13.0
10,9.33333,0,1,0,28.0,28.0,0.0,0.0,11,0.06,0.25,52.2,24.8,2.23,0,55.304,0,0.63148,43.9
10,9.33333,0,1,0,28.0,28.0,0.0,3.72823,11,0.06,0.25,52.2,24.8,2.23,0,55.304,15,0.64429,22.3
10,9.33333,0,1,0,28.0,28.0,0.0,3.78398,11,0.06,0.25,52.2,24.8,2.23,0,55.304,15,0.64429,20.2
10,7.8,0,1,0,39.0,39.0,0.0,0.0,11,0.06,0.48,69.55,20.7524,1.976,0,39.24,0,0.48697,31.51
10,7.8,0,1,0,39.0,39.0,0.0,0.0,11,0.06,0.48,69.55,20.7524,1.976,0,39.24,15,0.50441,13.15
10,7.8,0,1,0,39.0,39.0,0.0,0.0,11,0.06,0.48,69.55,20.7524,1.976,0,39.24,9,0.50441,11.5
10,7.8,0,1,0,39.0,39.0,0.0,0.0,11,0.06,0.48,69.55,20.7524,1.976,0,39.24,24,0.50441,10.69
10,7.8,0,1,0,39.0,39.0,0.0,0.0,11,0.06,0.48,69.55,20.7524,1.976,0,39.24,2,0.50441,7.59
10,8.75,0,1,0,35.0,35.0,0.0,0.0,11,0.06,0.38,70.4,20.3,2.09,0,42.4,0,0.59696,33.01
10,8.75,0,1,0,35.0,35.0,0.0,4.56,11,0.06,0.38,69.19,18.59005,2.17362,0,38.04212,15,0.61861,31.48
10,8.75,0,1,0,35.0,35.0,0.0,6.48,11,0.06,0.38,69.19,16.00383,2.40973,0,35.36664,15,0.63764,28.63
10,11.2,1,0,0,56.0,21.0,0.0,0.0,7,0.4,0.333,66.4,24.26678,0.98034,0,38.63961,0,0.285,36.8
10,11.2,1,0,0,56.0,21.0,0.0,8.53343,7,0.4,0.333,64.9,27.32214,0.96855,0,40.00521,0,0.2938,26.4
10,11.2,1,0,0,56.0,21.0,0.0,16.52893,7,0.4,0.333,63.7,29.05398,1.00688,0,39.31021,0,0.30319,16.5
10,11.2,1,0,0,56.0,21.0,0.0,23.93612,7,0.4,0.333,62.4,32.96173,1.03636,0,38.31411,0,0.31319,12.7
10,5.24451,0,1,0,45.00543,23.95271,3.71964,4.61917,7,1.07218,0.65641,64.22697,21.36486,2.05673,0,39.17911,0,0.47904,27.8
10,5.24451,0,1,0,45.00543,23.95271,3.71964,4.61917,7,1.07218,0.65641,64.22697,21.36486,2.05673,0,39.17911,19,0.47904,13.3
10,5.24451,0,1,2,45.00543,23.95271,3.71964,4.61917,7,1.07218,0.65641,64.22697,21.36486,2.05673,1,39.17911,5,0.47904,11.069
10,5.24451,0,1,2,45.00543,23.95271,3.71964,4.61917,7,1.07218,0.65641,64.22697,21.36486,2.05673,1,39.17911,7,0.47904,6.384
10,5.24451,0,1,2,45.00543,23.95271,3.71964,4.61917,7,1.07218,0.65641,64.22697,21.36486,2.05673,1,39.17911,0,0.47904,14.682
7,5.24451,0,1,0,45.00543,23.95271,3.71964,4.61917,11,1.07218,0.65641,64.22697,21.36486,2.05673,0,39.17911,30,0.47904,16.0
7,5.24451,0,1,0,45.00543,23.95271,3.71964,4.61917,11,1.07218,0.65641,64.22697,21.36486,2.05673,0,39.17911,22,0.47904,53.0
7,5.24451,0,1,0,45.00543,23.95271,3.71964,4.61917,11,1.07218,0.65641,64.22697,21.36486,2.05673,0,39.17911,25,0.47904,26.0
7,5.24451,0,1,0,45.00543,23.95271,3.71964,4.61917,11,1.07218,0.65641,64.22697,21.36486,2.05673,0,39.17911,5,0.47904,42.0
0,26.8,2,0,0,134.0,0.0,0.0,0.0,11,1.92422,0.0,62.63,17.9,1.4,0,25.06,0,0.51969,22.39929
0,26.8,2,0,0,134.0,0.0,0.0,10.0,11,2.19409,0.0,65.46,17.8,1.33,0,23.674,8,0.45577,20.7
0,26.8,2,0,0,134.0,0.0,0.0,17.8,11,2.21016,0.0,64.61,18.9,1.32,0,24.948,8,0.45246,17.09545
0,5.24451,2,0,0,45.00543,23.95271,3.71964,4.61917,11,1.07218,0.65641,64.22697,21.36486,2.05673,0,39.17911,8,0.47904,24.38837
0,26.8,2,0,0,134.0,0.0,0.0,9.9,11,1.93464,0.0,64.12,20.1,1.29,0,25.929,26,0.51689,12.70853
0,5.24451,2,0,0,45.00543,23.95271,3.71964,4.61917,11,1.07218,0.65641,64.22697,21.36486,2.05673,0,39.17911,26,0.47904,15.03571
0,5.24451,2,0,0,45.00543,23.95271,3.71964,4.61917,11,1.07218,0.65641,64.22697,21.36486,2.05673,0,39.17911,26,0.47904,21.34472
8,0.0,0,1,0,16.0,16.0,0.0,0.0,7,0.1,0.233,61.7,16.64286,2.8,0,46.6,0,0.278,22.49666
8,0.0,0,1,0,14.0,14.0,0.0,10.0,7,0.1,0.233,64.2,18.2,2.5,0,45.5,6,0.305,10.31193
10,9.0,0,1,0,18.0,18.0,0.0,0.0,7,0.012,0.31,63.74,16.00335,2.52,0,28.33709,0,0.33333,22.8
10,9.0,0,1,0,18.0,18.0,0.0,5.166,7,0.012,0.31,63.74,17.5109,2.54,0,30.08601,19,0.33333,17.6
0,0.0,0,1,0,15.0,15.0,0.0,0.0,11,0.17,0.2885,70.5,26.0,1.59,0,41.34,0,0.27647,24.57547
0,0.0,0,1,0,15.0,15.0,0.0,3.62976,11,0.17,0.29038,71.0,21.946,1.44,0,35.0364,12,0.27941,15.09375
0,0.0,0,1,0,15.0,15.0,0.0,7.30994,11,0.17,0.2924,71.5,22.256,1.55,0,35.202,12,0.28235,15.4871
0,0.0,0,1,0,15.0,15.0,0.0,9.97672,11,0.17,0.26605,69.0,30.0,1.36,0,40.8,12,0.28529,12.09124
0,0.0,0,1,0,15.0,15.0,0.0,0.0,11,0.17,0.26377,70.0,20.576,1.72,0,33.8986,0,0.29735,15.91628
0,0.0,0,1,0,15.0,15.0,0.0,13.09719,11,0.17,0.28166,71.8,21.36,1.66,0,39.2746,12,0.29624,16.07952
0,0.0,0,1,0,15.0,15.0,0.0,24.36647,11,0.17,0.26201,69.6,20.47669,1.58,0,39.2212,12,0.29541,17.38228
0,0.0,0,1,0,15.0,15.0,0.0,37.59079,11,0.17,0.26947,70.3,23.68712,1.47,0,43.71257,12,0.294,21.42857
0,0.0,0,1,0,15.0,6.0,0.0,0.0,11,0.17,0.28948,70.6,19.81,1.59,0,34.55,0,0.27647,20.97044
0,0.0,0,1,0,15.0,6.0,0.0,3.10479,11,0.17,0.28882,70.8,19.81,1.57,0,33.974,27,0.279,15.50064
0,0.0,0,1,0,15.0,6.0,0.0,3.43688,11,0.17,0.28171,70.1,19.81,1.55,0,34.55,27,0.27934,16.72387
0,0.0,0,1,0,15.0,6.0,0.0,3.68545,11,0.17,0.27867,69.8,19.81,1.55,0,34.55,27,0.27958,15.46387
0,0.0,0,1,0,15.0,15.0,0.0,0.0,11,0.17,0.27765,71.5,20.576,1.62,0,34.264,0,0.29735,20.20988
0,0.0,0,1,0,15.0,15.0,0.0,3.66885,11,0.17,0.28276,72.3,22.406,1.35,0,35.202,27,0.30041,17.13333
0,0.0,0,1,0,15.0,15.0,0.0,7.0174,11,0.17,0.27016,71.3,22.776,1.31,0,35.202,27,0.30346,14.74046
0,0.0,0,1,0,15.0,15.0,0.0,10.35227,11,0.17,0.26561,71.1,22.776,1.25,0,35.202,27,0.30652,16.0
10,7.0,1,0,0,70.0,0.0,0.0,0.0,11,1.2,0.0,68.70741,18.89189,2.20375,0,32.6561,0,0.34258,40.1
10,7.0,1,0,0,70.0,0.0,0.0,3.3,11,1.2,0.0,68.89741,18.89189,2.18773,0,31.98075,2,0.37108,36.4
10,7.0,1,0,0,70.0,0.0,0.0,6.6,11,1.2,0.0,68.08741,18.89189,2.03991,0,33.16227,2,0.30532,34.3
10,7.0,1,0,0,70.0,0.0,0.0,9.9,11,1.2,0.0,65.52171,18.89189,2.22663,0,36.87905,2,0.38456,28.1
10,7.0,1,0,0,70.0,0.0,0.0,13.2,11,1.2,0.0,66.91171,18.89189,2.3715,0,37.25713,2,0.39214,21.7
10,7.0,1,0,0,70.0,0.0,0.0,16.5,11,1.2,0.0,65.34171,18.89189,2.37925,0,37.90571,2,0.38537,11.5
8,0.0,0,1,0,42.0,21.0,0.0,0.0,0,0.4,0.27668,71.68,32.89157,0.83,0,27.3,0,0.5,40.7
8,0.0,0,1,0,42.0,21.0,0.0,3.5,0,0.4,0.28504,61.117,33.86114,0.821,0,27.8,0,0.505,38.3
8,0.0,0,1,0,42.0,21.0,0.0,10.6,0,0.4,0.17059,61.048,35.56382,0.807,0,28.7,0,0.515,32.2
8,0.0,0,1,0,42.0,21.0,0.0,17.7,0,0.4,0.13069,64.03322,37.15365,0.794,0,29.5,0,0.525,26.7
8,0.0,0,1,0,42.0,21.0,0.0,24.7,0,0.4,0.63639,63.628,38.61893,0.782,0,30.2,0,0.535,20.4
8,0.0,0,1,0,42.0,21.0,0.0,31.8,0,0.4,0.5968,60.539,42.46196,0.723,0,30.7,0,0.545,14.6
8,2.0,0,1,0,22.0,22.0,0.0,2.0,7,0.0035,0.5536,57.9,18.84294,2.13,0,30.84213,9,0.67843,3.76
8,2.0,0,1,0,22.0,22.0,0.0,2.0,7,0.0035,0.5806,58.2,15.59019,2.05,0,30.45546,9,0.67843,4.01
8,2.0,0,1,0,22.0,22.0,0.0,2.0,7,0.0035,0.5806,59.4,13.73426,2.14,0,30.45546,9,0.67843,24.8
8,2.0,0,1,0,22.0,22.0,0.0,2.0,7,0.0035,0.5956,57.5,15.49294,2.15,0,33.38463,9,0.67735,28.1
8,2.0,0,1,0,22.0,22.0,0.0,0.0,7,0.0035,0.49494,58.2,14.76885,2.13,0,30.45546,0,0.67843,44.7
8,5.33333,0,1,0,16.0,16.0,0.0,0.0,7,0.045,0.51546,70.9,20.0,2.1,0,42.0,0,0.44444,24.4
8,5.33333,0,1,0,16.0,16.0,0.0,14.0,7,0.045,0.53004,71.7,21.0,2.0,0,42.0,0,0.44444,9.2
8,5.33333,0,1,0,16.0,16.0,0.0,14.0,7,0.045,0.47319,68.3,25.0,1.7,0,42.5,0,0.44444,8.5
3,2.11111,0,1,0,19.0,19.0,0.0,0.0,4,0.0306,10.0,70.0,26.38728,1.73,0,45.65,0,0.82879,49.1
3,2.11111,0,1,0,19.0,19.0,0.0,3.0,4,0.0306,10.0,70.0,26.38728,1.73,0,45.65,19,0.82879,40.5
3,2.11111,0,1,0,19.0,19.0,0.0,6.9,4,0.3946,10.0,70.0,26.34783,1.61,0,42.42,17,0.78782,40.5
3,2.11111,0,1,0,19.0,19.0,0.0,9.9,4,0.3946,10.0,70.0,26.34783,1.61,0,42.42,19,0.76493,18.9
10,5.83333,0,1,8,35.0,35.0,10.0,2.38663,4,0.187,5.96659,58.1,26.0,1.8681,1,48.57059,19,0.2139,33.01
10,5.83333,0,1,8,35.0,35.0,10.0,14.31981,4,0.187,5.96659,58.1,26.0,1.73697,1,45.16131,30,0.2139,28.94
10,5.83333,0,1,8,35.0,35.0,10.0,26.25298,4,0.187,5.96659,58.1,26.0,1.54555,1,40.18429,30,0.2139,21.28
10,5.83333,0,1,8,35.0,35.0,10.0,38.18616,4,0.187,5.96659,58.1,26.0,1.48859,1,38.70333,30,0.2139,17.39
5,5.0,1,0,0,35.0,0.0,0.0,3.01629,11,1.0,0.0,66.8467,26.10745,1.6298,0,39.02896,19,0.2,15.2
5,5.0,1,0,0,35.0,0.0,0.0,6.06463,11,1.0,0.0,67.0219,26.24405,1.62781,0,39.02896,6,0.2,10.5
5,5.0,1,0,0,35.0,0.0,0.0,8.86923,11,1.0,0.0,66.1752,26.53278,1.62185,0,39.02896,6,0.2,9.0
5,5.0,1,0,0,35.0,0.0,0.0,11.87687,11,1.0,0.0,66.3211,26.53278,1.62384,0,39.02896,6,0.2,4.2
10,9.33333,1,0,0,112.0,42.0,0.0,0.0,7,0.28,0.2569,65.4,25.0,1.4,0,43.93961,0,0.42092,42.8
10,9.33333,1,0,0,112.0,42.0,0.0,2.94985,7,0.28,0.26221,66.1,25.0,1.6,0,44.09714,19,0.42642,41.4
10,9.33333,1,0,0,112.0,0.0,0.0,0.0,7,1.0664,0.0,64.9,17.22075,3.4,0,38.19286,0,0.74535,46.54838
10,9.33333,1,0,0,112.0,0.0,0.0,2.8169,7,1.0664,0.0,64.5,18.53975,3.1,0,37.99286,19,0.7441,34.81425
7,7.71429,0,1,0,54.0,54.0,0.0,0.0,11,0.0938,0.05,65.0,25.0,1.97611,0,43.48908,0,0.57539,53.83
7,7.71429,0,1,0,54.0,54.0,0.0,5.0,11,0.0785,0.05,65.0,25.0,1.9161,0,43.48908,19,0.57539,47.08
10,7.0,1,1,0,56.0,28.0,0.0,0.0,7,0.4,5e-05,65.0,19.52878,1.76424,0,36.92762,0,0.285,36.8405
10,7.0,1,1,0,56.0,28.0,0.0,8.4771,7,0.4,5e-05,65.0,23.27456,1.52655,0,37.75262,0,0.29355,26.4139
10,7.0,1,1,0,56.0,28.0,0.0,16.95419,7,0.4,5e-05,65.0,22.72025,1.85107,0,39.69858,0,0.3021,16.5561
10,7.0,1,1,0,56.0,28.0,0.0,25.43129,7,0.4,4e-05,65.0,18.94242,2.04762,0,39.30548,0,0.31065,12.5751
10,7.0,1,1,0,56.0,28.0,0.0,9.04224,7,0.4,5e-05,65.0,23.27456,1.52655,0,37.75262,0,0.29412,12.7014
10,7.0,1,1,0,56.0,28.0,0.0,9.60738,7,0.4,5e-05,65.0,23.27456,1.43925,0,37.75262,0,0.29469,9.85783
10,7.0,1,1,0,56.0,28.0,0.0,10.17252,7,0.4,5e-05,65.0,23.27456,1.43925,0,37.75262,0,0.29526,18.3255
3,3.88889,0,1,0,35.0,35.0,0.0,2.25,7,0.02,0.5,66.647,29.0076,1.72104,0,41.4847,14,0.57359,44.2829
3,3.88889,0,1,0,35.0,35.0,0.0,1.8209,7,0.02,0.5,64.24035,32.0229,1.73107,0,41.7283,14,0.51128,0.2907
3,3.88889,0,1,0,35.0,35.0,0.0,2.5709,7,0.02,0.5,65.43,30.3435,1.66133,0,41.1493,14,0.51435,19.0891
3,3.88889,0,1,0,35.0,35.0,0.0,3.3209,7,0.02,0.5,66.486,26.9466,1.81193,0,41.2947,14,0.57359,27.3256
3,3.88889,0,1,0,35.0,35.0,0.0,4.0709,7,0.02,0.5,66.033,29.0458,1.66134,0,41.4847,14,0.57048,47.9651
10,6.66667,0,1,10,40.0,30.0,30.0,0.0,11,0.1604,7.69231,64.54545,16.53936,2.34,1,38.7021,0,0.69974,53.1
10,6.66667,0,1,10,40.0,30.0,30.0,6.0,11,0.1604,7.31707,63.55556,16.39658,2.31,1,37.8761,2,0.55501,36.2
10,6.66667,0,1,10,40.0,30.0,30.0,15.0,11,0.09105,6.81818,62.06897,15.97083,2.41,1,38.4897,21,0.33485,46.5
10,6.66667,0,1,10,40.0,30.0,30.0,1.46082,11,0.1604,7.79221,65.17413,16.34774,2.34,1,38.2537,21,0.65431,41.5
5,7.0,1,0,0,28.0,0.0,0.0,0.0,11,1.0,0.0,65.0,26.71429,1.4,0,37.4,0,0.1,19.53
5,7.0,1,0,0,28.0,0.0,0.0,6.0,11,1.0,0.0,61.15219,25.78943,1.4,0,43.4955,0,0.10575,22.53
5,7.0,1,0,0,28.0,0.0,0.0,18.0,11,1.0,0.0,61.24963,24.64633,1.4,0,40.33513,0,0.11726,20.85
5,7.0,1,0,0,28.0,0.0,0.0,30.0,11,1.0,0.0,61.0,24.57825,1.4,0,40.33513,0,0.12877,19.4
5,7.0,1,0,0,28.0,0.0,0.0,42.0,11,1.0,0.0,65.127,24.41803,1.4,0,40.58513,0,0.14028,16.26
5,5.24451,1,0,0,45.00543,23.95271,3.71964,4.61917,11,1.07218,0.65641,64.22697,21.36486,2.05673,0,39.17911,0,0.47904,14.85
10,7.0,0,1,0,28.0,28.0,0.0,0.0,7,1.8,0.20354,63.2432,21.33081,2.07658,0,38.52876,0,0.66833,19.5
10,7.0,0,1,0,28.0,28.0,0.0,0.69203,7,1.8,0.20761,64.0541,18.6549,2.07658,0,37.96957,19,0.67,18.5
8,5.09091,0,1,0,56.0,56.0,0.0,0.0,11,0.13,1.11111,55.0,25.02125,1.80435,1,45.1471,0,0.5,6.03
8,5.09091,0,1,0,56.0,56.0,0.0,2.0,11,0.13,1.11111,55.0,25.08996,1.84239,1,46.2255,0,0.5,4.15
8,5.09091,0,1,0,56.0,56.0,0.0,4.0,11,0.13,1.11111,55.0,25.00167,1.8587,1,46.4706,0,0.5,2.7
8,5.09091,0,1,0,56.0,56.0,0.0,6.0,11,0.13,1.11111,55.0,23.99361,1.95109,1,46.8137,0,0.5,3.16
8,5.09091,0,1,0,56.0,56.0,0.0,8.0,11,0.13,1.11111,55.0,22.31769,2.11957,1,47.3039,0,0.5,2.44
8,5.09091,0,1,0,56.0,56.0,0.0,12.0,11,0.13,1.11111,55.0,21.13909,2.27717,1,48.1373,0,0.5,2.21
8,5.09091,0,1,0,56.0,56.0,0.0,18.0,11,0.13,1.11111,55.0,20.40002,2.42935,1,49.5588,0,0.5,2.08
4,1.86486,1,0,0,69.0,0.0,0.0,0.0,2,0.08,0.0,80.7,20.37805,0.82,0,16.71,0,0.47273,24.05063
4,1.86486,1,0,0,69.0,0.0,0.0,3.0,2,0.08,0.0,80.7,22.76667,0.9,0,20.49,0,0.47273,17.24138
4,1.86486,1,0,0,69.0,0.0,0.0,4.0,2,0.08,0.0,80.7,19.47368,0.95,0,18.5,21,0.47273,11.63934
4,1.86486,1,0,0,69.0,0.0,0.0,3.0,2,0.08,0.0,80.7,22.13253,0.83,0,18.37,21,0.47273,18.1
10,8.75,0,1,0,35.0,35.0,0.0,0.0,11,0.06,0.3,69.2,18.4,2.04,0,37.48,0,0.60796,37.5
10,8.75,0,1,0,35.0,35.0,0.0,1.504,11,0.06,0.3,69.2,18.4,2.04,0,37.48,9,0.58703,18.8
10,8.75,0,1,0,35.0,35.0,0.0,1.504,11,0.06,0.3,69.2,18.4,2.04,0,37.48,24,0.58703,20.8
10,8.75,0,1,0,35.0,35.0,0.0,1.504,11,0.06,0.3,69.2,18.4,2.04,0,37.48,2,0.58703,17.6
10,8.75,0,1,0,35.0,35.0,0.0,1.504,11,0.06,0.3,69.2,18.4,2.04,0,37.48,9,0.58703,9.8
10,5.46667,2,0,0,82.0,0.0,0.0,1.37741,7,5.456,0.0,63.7,15.4,2.60573,0,40.1283,19,0.3684,30.73
10,5.46667,2,0,0,82.0,0.0,0.0,9.64187,7,5.456,0.0,63.7,17.51,2.44091,0,42.7403,0,0.3794,20.73
10,7.14286,0,1,8,50.0,50.0,10.0,2.5,4,0.18,6.25,60.0,17.6,2.66347,1,46.87707,19,0.22222,32.19
10,7.14286,0,1,8,50.0,50.0,10.0,2.5,4,0.18,6.25,60.0,24.0,1.99045,1,47.7708,19,0.22222,20.8
10,7.14286,0,1,8,50.0,50.0,10.0,2.5,4,0.18,6.25,60.0,32.4,1.55129,1,50.2618,19,0.22222,13.65
10,7.14286,0,1,8,50.0,50.0,10.0,2.5,4,0.18,6.25,60.0,40.3,1.24328,1,50.10418,19,0.22222,7.66
10,7.14286,0,1,8,50.0,50.0,10.0,2.5,4,0.18,6.25,60.0,24.0,1.81505,1,46.23677,2,0.22222,20.8
10,7.14286,0,1,8,50.0,50.0,10.0,5.0,4,0.18,6.25,60.0,24.4,1.81505,1,47.5699,2,0.22222,13.82
10,7.14286,0,1,8,50.0,50.0,10.0,7.5,4,0.18,6.25,60.0,24.1,1.87774,1,47.99453,2,0.22222,10.57
10,7.14286,0,1,8,50.0,50.0,10.0,10.0,4,0.18,6.25,60.0,24.1,1.84651,1,47.99453,2,0.22222,9.8
10,7.0,0,1,8,35.0,35.0,10.0,2.5,4,0.18,6.25,60.0,27.0,1.8811,1,50.7897,30,0.22222,33.01
10,7.0,0,1,8,35.0,35.0,10.0,9.23077,4,0.18,6.25,60.0,26.0,1.76278,1,45.83228,30,0.22222,28.94
10,7.0,0,1,8,35.0,35.0,10.0,16.92308,4,0.18,6.25,60.0,26.3,1.55575,1,40.91622,30,0.22222,21.28
10,7.0,0,1,8,35.0,35.0,10.0,24.61538,4,0.18,6.25,60.0,25.3,1.48814,1,37.64994,30,0.22222,17.39
10,1.30645,1,0,0,81.0,0.0,0.0,0.0,7,16.0,0.0,65.0,14.42029,2.76,0,39.8,0,1.17979,34.15
10,1.22727,1,0,0,81.0,0.0,0.0,8.8,7,16.0,0.0,65.0,15.14815,2.7,0,40.9,0,1.18519,29.07
0,5.55556,1,0,0,50.0,0.0,0.0,0.0,0,0.06,0.0,60.6,22.5,1.30392,0,29.33824,0,0.43333,15.0
0,5.55556,1,0,0,50.0,0.0,0.0,25.49,0,0.06,0.0,60.1,23.4,1.2193,0,28.53158,8,0.47667,10.8
10,7.0,0,1,0,28.0,28.0,0.0,0.0,12,0.06,0.36,62.06,17.91,1.95,0,34.9245,0,0.7402,20.29
10,7.0,0,1,0,28.0,28.0,0.0,10.0,12,0.06,0.36,58.69,18.23,1.96,0,35.7308,2,0.78068,13.03
8,5.09091,0,1,0,56.0,56.0,0.0,10.0,11,0.1,0.76167,55.0,25.17972,1.80701,0,45.5,30,0.5,28.8
8,5.09091,0,1,0,56.0,56.0,0.0,10.0,11,0.1,0.76167,55.0,25.67343,1.77226,0,45.5,5,0.5,28.3
8,5.09091,0,1,0,56.0,56.0,0.0,10.0,11,0.1,0.76167,55.0,25.43875,1.78861,0,45.5,5,0.5,28.42
3,7.5,0,1,4,30.0,30.0,40.0,0.0,11,0.06,0.3444,53.59,32.46,1.1,1,35.52,0,0.64438,31.94
3,7.5,0,1,4,30.0,30.0,40.0,0.0,11,0.06,0.52357,59.14902,22.72871,1.73399,1,36.07717,0,0.58322,24.55
3,7.5,0,1,4,30.0,30.0,40.0,2.54,11,0.06,0.5724,58.6187,22.71149,1.72699,1,35.97951,12,0.57909,22.86
3,7.5,0,1,4,30.0,30.0,40.0,2.54,11,0.06,0.5724,58.6187,22.71149,1.72699,1,35.97951,19,0.57909,32.13
10,17.5,0,1,5,35.0,35.0,30.0,0.0,11,0.06,0.38,67.6,17.4312,2.22446,1,38.775,0,0.45893,32.01
10,17.5,0,1,5,35.0,35.0,30.0,0.408,11,0.06,0.38,61.42,14.83745,2.06768,1,30.6791,23,0.40863,20.32
10,17.5,0,1,5,35.0,35.0,30.0,0.408,11,0.06,0.38,62.73,16.20429,2.16937,1,35.1531,3,0.41283,33.29
10,17.5,0,1,5,35.0,35.0,30.0,0.408,11,0.06,0.38,65.81,13.97506,2.27531,1,31.7976,23,0.43143,19.58
10,5.6,0,1,0,28.0,28.0,0.0,0.0,11,0.06,0.48,57.54093,19.25,2.13,0,38.5,0,0.53267,31.5
10,5.6,0,1,0,28.0,28.0,0.0,2.44988,11,0.06,0.48,55.20379,20.96213,2.14833,0,42.9042,9,0.53821,15.82
10,5.6,0,1,0,28.0,28.0,0.0,2.45195,11,0.06,0.48,55.20379,20.96213,2.15,0,42.9042,9,0.53821,27.47
10,5.6,0,1,0,28.0,28.0,0.0,4.35435,11,0.06,0.48,55.84379,20.86543,2.16833,0,43.0472,24,0.54251,32.42
7,0.0,0,1,9,21.0,21.0,10.0,0.0,0,0.1,0.2,64.055,16.71429,3.07,1,40.87,0,0.78583,23.4
7,0.0,0,1,9,21.0,21.0,10.0,0.25,0,0.1,0.2,64.055,16.50429,3.15,1,42.29079,28,0.78583,13.05
7,0.0,0,1,9,21.0,21.0,10.0,5.25,0,0.1,0.2,64.615,16.54429,2.99,1,38.49093,28,0.72713,6.82
7,0.0,0,1,9,21.0,21.0,10.0,5.0,0,0.1,0.2,64.615,16.07429,2.92,1,38.49093,19,0.72713,16.78
7,21.0,0,1,0,42.0,42.0,0.0,0.0,11,0.165,0.0702,53.8,16.6,2.89,0,47.9,0,0.3,48.7
7,21.0,0,1,0,42.0,42.0,0.0,10.8,11,0.165,0.06533,49.3,18.6,2.65,0,49.3,0,0.3,41.9
7,21.0,0,1,0,42.0,42.0,0.0,21.6,11,0.165,0.07023,50.2,20.4,2.45,0,50.1,0,0.3,38.3
8,5.66667,0,1,0,34.0,34.0,0.0,0.0,11,0.06,0.27211,65.0,11.37,2.18513,0,37.37812,0,0.58333,37.08
8,5.66667,0,1,0,34.0,34.0,0.0,10.0,11,0.06,0.26291,65.0,11.37,2.15071,0,36.96312,2,0.60375,28.22
8,5.66667,0,1,0,34.0,34.0,0.0,10.28571,11,0.06,0.26265,65.0,11.37,2.16358,0,36.96312,2,0.60433,26.16
8,5.66667,0,1,0,34.0,34.0,0.0,14.57143,11,0.06,0.2589,65.0,11.37,2.19286,0,37.31912,2,0.61308,24.0
10,5.83333,0,1,0,35.0,35.0,0.0,0.0,11,0.06,0.25,69.2,18.43351,2.03653,0,37.5404,0,0.60529,37.5
10,5.83333,0,1,0,35.0,35.0,0.0,0.856,11,0.06,0.25,69.21,18.43351,2.03653,0,37.5404,9,0.66417,18.8
10,5.83333,0,1,0,35.0,35.0,0.0,4.0,11,0.06,0.25,69.21,18.43351,2.03653,0,37.5404,2,0.64394,24.8
10,5.83333,0,1,0,35.0,35.0,0.0,0.856,11,0.06,0.25,69.21,18.43351,2.03653,0,37.5404,9,0.66417,15.5
8,5.24451,0,1,11,45.00543,23.95271,3.71964,4.61917,7,1.07218,0.65641,64.22697,21.36486,2.05673,1,39.17911,0,0.47904,33.4
8,5.24451,0,1,11,45.00543,23.95271,3.71964,4.61917,11,1.07218,0.65641,64.22697,21.36486,2.05673,1,39.17911,0,0.47904,18.5
8,5.24451,0,1,11,45.00543,23.95271,3.71964,4.61917,7,1.07218,0.65641,64.22697,21.36486,2.05673,1,39.17911,0,0.47904,13.8
7,5.55556,0,1,0,50.0,34.6,0.0,0.0,11,0.1,0.312,60.0,31.0074,1.52371,0,42.64511,0,0.5,41.19
7,5.55556,0,1,0,50.0,34.6,0.0,2.0,11,0.1,0.262,60.0,30.0553,1.53458,0,44.7689,5,0.5,38.64
7,5.55556,0,1,0,50.0,28.8,0.0,4.0,11,0.1,0.272,60.0,30.3317,1.65677,0,44.20042,5,0.5,31.45
7,5.55556,0,1,0,50.0,33.8,0.0,6.0,11,0.1,0.272,60.0,30.5467,1.60643,0,45.91928,5,0.5,25.78
7,5.55556,0,1,0,50.0,34.0,0.0,8.0,11,0.1,0.18,60.0,31.0381,1.45139,0,43.86004,5,0.5,18.48
7,5.55556,0,1,0,50.0,24.2,0.0,10.0,11,0.1,0.125,60.0,30.7924,1.47792,0,42.02367,5,0.5,12.39
10,5.55556,0,1,0,50.0,50.0,0.0,0.0,11,0.1,0.3,55.0,25.0,2.084,0,52.1,0,0.54517,3.27626
10,5.55556,0,1,0,50.0,50.0,0.0,10.0,11,0.1,0.3,59.866,26.39749,1.96662,0,43.81105,0,0.4992,1.86454
10,5.55556,0,1,0,50.0,50.0,0.0,20.0,11,0.1,0.3,60.907,21.42811,2.10632,0,44.83815,0,0.46474,1.06012
10,5.55556,0,1,0,50.0,50.0,0.0,20.5,11,0.1,0.3,60.907,22.01853,2.10632,0,44.83815,0,0.46474,1.0175
10,5.55556,0,1,0,50.0,50.0,0.0,21.0,11,0.1,0.3,60.907,22.01853,2.10632,0,44.83815,0,0.46474,0.84703
10,5.55556,0,1,0,50.0,50.0,0.0,22.0,11,0.1,0.3,60.907,22.01853,2.10632,0,44.83815,0,0.46474,0.75114
8,4.85714,0,1,0,34.0,34.0,0.0,0.0,7,0.005,0.03367,67.6,33.5,1.46,0,42.91,0,0.55,20.9
8,4.85714,0,1,0,34.0,34.0,0.0,7.73359,7,0.005,0.03367,67.3,33.52459,1.22,0,40.9,18,0.4291,14.7
8,4.85714,0,1,0,34.0,34.0,0.0,7.12828,7,0.005,0.03367,66.8,33.1129,1.24,0,41.06,10,0.4566,17.3
8,4.85714,0,1,0,34.0,34.0,0.0,6.05043,7,0.005,0.03367,66.0,31.5303,1.32,0,41.62,18,0.54307,5.7
10,4.0,2,0,0,52.0,0.0,0.0,0.0,11,4.631,0.0,65.0,16.75336,2.157,0,36.137,0,0.46616,22.64
10,4.0,2,0,0,52.0,0.0,0.0,23.0,11,4.732,0.0,65.0,24.09262,1.958,0,38.5,0,0.54145,15.38
10,5.24451,2,0,0,45.00543,23.95271,3.71964,4.61917,11,1.07218,0.65641,64.22697,21.36486,2.05673,0,39.17911,0,0.47904,8.88
10,5.24451,2,0,0,45.00543,23.95271,3.71964,4.61917,11,1.07218,0.65641,64.22697,21.36486,2.05673,0,39.17911,0,0.47904,11.28
7,7.0,0,1,0,91.0,7.6,0.0,0.0,11,0.25,0.01275,60.0,20.0,1.99,0,39.8,0,0.46988,38.7288
7,5.24451,0,1,0,45.00543,23.95271,3.71964,4.61917,11,1.07218,0.65641,64.22697,21.36486,2.05673,0,39.17911,0,0.47904,30.5921
7,5.24451,0,1,0,45.00543,23.95271,3.71964,4.61917,11,1.07218,0.65641,64.22697,21.36486,2.05673,0,39.17911,8,0.47904,28.3129
7,5.24451,0,1,0,45.00543,23.95271,3.71964,4.61917,11,1.07218,0.65641,64.22697,21.36486,2.05673,0,39.17911,0,0.47904,20.4619
7,5.24451,0,1,0,45.00543,23.95271,3.71964,4.61917,11,1.07218,0.65641,64.22697,21.36486,2.05673,0,39.17911,0,0.47904,31.9196
7,5.24451,0,1,0,45.00543,23.95271,3.71964,4.61917,11,1.07218,0.65641,64.22697,21.36486,2.05673,0,39.17911,0,0.47904,21.7826
7,7.0,0,1,0,91.0,30.0,0.0,12.5,11,0.25,0.41755,60.0,25.0,1.82,0,45.5,8,0.41667,19.0748
7,5.24451,0,1,0,45.00543,23.95271,3.71964,4.61917,11,1.07218,0.65641,64.22697,21.36486,2.05673,0,39.17911,0,0.47904,8.79526
7,7.0,0,1,0,91.0,7.6,0.0,0.0,11,0.25,0.01275,60.0,30.0,1.67,0,50.1,0,0.4951,26.1098
7,7.0,0,1,0,91.0,30.0,0.0,12.5,11,0.25,0.41755,60.0,30.0,1.63,0,48.9,0,0.43077,19.9734
7,7.0,0,1,0,91.0,30.0,0.0,12.5,11,0.25,0.41755,60.0,30.0,1.7,0,51.0,8,0.43077,13.265
7,5.24451,0,1,0,45.00543,23.95271,3.71964,4.61917,11,1.07218,0.65641,64.22697,21.36486,2.05673,0,39.17911,0,0.47904,9.98574
8,0.0,0,1,0,32.0,32.0,0.0,0.0,11,0.1,1.10037,75.32,17.96,2.03716,0,35.22112,0,0.53992,17.06
8,0.0,0,1,0,32.0,32.0,0.0,0.0,11,0.1,0.73337,69.37,17.83,2.03042,0,33.49016,0,0.5,37.71
8,0.0,0,1,0,32.0,32.0,0.0,0.0,11,0.1,0.95037,66.06,19.19,2.48499,0,40.77194,0,0.48149,33.42
0,0.0,0,1,0,32.0,32.0,0.0,0.0,11,0.1,1.12537,76.28,21.77,2.03716,0,37.79612,0,0.53267,23.26
0,0.0,0,1,0,32.0,32.0,0.0,0.0,11,0.1,0.76597,72.85,21.05,1.83633,0,33.48416,0,0.52818,31.6
0,0.0,0,1,0,32.0,32.0,0.0,0.0,11,0.1,0.98111,63.45,22.43,2.23203,0,39.43121,0,0.57875,34.13
8,0.0,0,1,0,32.0,32.0,0.0,0.0,11,0.1,0.98586,67.86,12.13,3.13774,0,40.42,0,0.38503,52.0
0,0.0,0,1,0,32.0,32.0,0.0,0.0,11,0.1,1.15037,76.28,22.24,2.05016,0,37.79612,0,0.53267,26.68
5,0.0,0,1,0,28.0,28.0,0.0,0.0,11,0.1,0.80903,58.4,45.0,2.20033,0,33.26062,0,0.76428,23.29
5,0.0,0,1,0,28.0,28.0,0.0,0.0,11,0.1,0.75724,56.2,40.0,2.2992,0,33.03462,0,0.78002,28.36
5,0.0,0,1,0,28.0,28.0,0.0,0.0,11,0.1,0.86928,58.8,35.0,2.10633,0,36.76374,0,0.75699,25.55
5,0.0,0,1,0,28.0,28.0,0.0,0.0,11,0.1,0.8932,60.9,30.0,2.03009,0,39.73334,0,0.75699,27.35
5,0.0,0,1,0,28.0,28.0,0.0,0.0,11,0.1,0.9429,61.9,25.0,2.12189,0,41.4921,0,0.47261,32.02
7,0.0,0,1,0,28.0,28.0,0.0,0.0,0,0.1,0.9429,61.9,20.0,2.35892,0,40.50493,0,0.47261,42.17
7,0.0,0,1,0,28.0,28.0,0.0,0.0,0,0.1,0.49312,64.5,15.0,3.07265,0,40.77503,0,0.30974,44.85
7,0.0,0,1,0,28.0,28.0,0.0,0.0,11,0.1,0.49312,65.3,11.7,2.95563,0,37.73054,0,0.30974,55.92
0,5.24451,0,1,0,45.00543,23.95271,3.71964,4.61917,11,1.07218,0.65641,64.22697,21.36486,2.05673,0,39.17911,23,0.47904,47.069
0,5.24451,0,1,0,45.00543,23.95271,3.71964,4.61917,11,1.07218,0.65641,64.22697,21.36486,2.05673,0,39.17911,30,0.47904,50.0
0,5.24451,0,1,0,45.00543,23.95271,3.71964,4.61917,11,1.07218,0.65641,64.22697,21.36486,2.05673,0,39.17911,23,0.47904,46.7241
0,5.24451,0,1,0,45.00543,23.95271,3.71964,4.61917,11,1.07218,0.65641,64.22697,21.36486,2.05673,0,39.17911,23,0.47904,49.3103
0,5.24451,0,1,0,45.00543,23.95271,3.71964,4.61917,11,1.07218,0.65641,64.22697,21.36486,2.05673,0,39.17911,30,0.47904,46.5517
0,5.24451,0,1,0,45.00543,23.95271,3.71964,4.61917,11,1.07218,0.65641,64.22697,21.36486,2.05673,0,39.17911,23,0.47904,48.4483
0,5.24451,0,1,0,45.00543,23.95271,3.71964,4.61917,7,1.07218,0.65641,64.22697,21.36486,2.05673,0,39.17911,0,0.47904,44.3103
0,5.24451,0,1,0,45.00543,23.95271,3.71964,4.61917,7,1.07218,0.65641,64.22697,21.36486,2.05673,0,39.17911,23,0.47904,26.8966
0,5.24451,0,1,0,45.00543,23.95271,3.71964,4.61917,7,1.07218,0.65641,64.22697,21.36486,2.05673,0,39.17911,30,0.47904,28.2759
0,5.24451,0,1,0,45.00543,23.95271,3.71964,4.61917,7,1.07218,0.65641,64.22697,21.36486,2.05673,0,39.17911,23,0.47904,33.7931
10,0.0,0,0,0,84.0,0.0,0.0,0.0,11,0.12,0.0,81.0,12.2,3.86,0,46.9,0,0.35789,39.9
10,0.0,0,0,0,84.0,0.0,0.0,0.0,11,0.12,0.0,75.8,15.3,3.18,0,48.8,0,0.37259,30.9
1,0.0,0,0,0,84.0,0.0,0.0,0.0,11,0.12,0.0,77.3,22.3,2.16,0,48.2,0,0.34361,27.1
1,0.0,0,0,0,84.0,0.0,0.0,0.0,11,0.12,0.0,77.0,20.1,2.25,0,45.3,0,0.35833,30.3
1,0.0,0,0,0,84.0,0.0,0.0,0.0,0,0.12,0.0,80.0,29.9,1.82,0,54.5,0,0.35875,31.8
1,0.0,0,0,0,84.0,0.0,0.0,22.28321,11,0.12,0.0,84.1,16.9,2.26,0,38.3,0,0.35901,39.3
1,0.0,0,0,0,84.0,0.0,0.0,9.53373,11,0.12,0.0,80.7,20.5,2.21,0,45.3,0,0.35838,31.2
1,0.0,0,0,0,84.0,0.0,0.0,15.84383,11,0.12,0.0,81.5,21.3,2.03,0,42.5,0,0.35766,29.4
0,12.0,0,1,0,60.0,60.0,0.0,4.39709,11,0.045,0.22,60.0,16.0,2.3,0,36.9,2,0.5,22.0
0,12.0,0,1,0,60.0,60.0,0.0,3.29709,11,0.045,0.44,60.0,19.0,2.0,0,38.2,2,0.5,28.0
0,12.0,0,1,0,60.0,60.0,0.0,6.29709,11,0.045,0.66,60.0,22.0,1.8,0,39.8,2,0.5,32.0
0,12.0,0,1,0,60.0,60.0,0.0,1.79709,11,0.045,0.22,65.0,19.0,2.0,0,38.4,2,0.4055,23.0
0,12.0,0,1,0,60.0,60.0,0.0,1.79709,11,0.045,0.44,65.0,22.0,1.8,0,40.4,2,0.4055,29.0
0,12.0,0,1,0,60.0,60.0,0.0,1.16746,11,0.045,0.66,65.0,16.0,2.3,0,37.2,2,0.38494,45.0
0,12.0,0,1,0,60.0,60.0,0.0,1.29709,11,0.045,0.22,70.0,22.0,1.8,0,40.6,2,0.32607,19.0
0,12.0,0,1,0,60.0,60.0,0.0,0.43598,11,0.045,0.44,70.0,16.0,2.3,0,37.5,2,0.30422,40.0
0,12.0,0,1,0,60.0,60.0,0.0,0.29709,11,0.045,0.66,70.0,19.0,2.0,0,38.5,2,0.29872,36.0
1,0.0,0,1,0,28.0,28.0,0.0,0.0,11,0.01,0.28,69.0,11.0,3.7,0,40.7,0,0.24194,17.7
1,0.0,0,1,0,28.0,28.0,0.0,0.0,5,0.01,0.28,63.0,11.0,3.7,0,40.7,0,0.27027,13.5
1,0.0,0,1,0,28.0,28.0,0.0,0.0,5,0.01,0.28,66.0,11.0,3.7,0,40.7,0,0.25735,10.2
1,0.0,0,1,0,28.0,28.0,0.0,0.0,7,0.01,0.28,65.0,14.7,2.85034,0,41.9,0,0.28571,3.1
1,0.0,0,1,0,28.0,28.0,0.0,0.0,7,0.01,0.28,67.0,12.9,3.2093,0,41.4,0,0.26515,13.1
1,0.0,0,1,0,28.0,28.0,0.0,25.0,11,0.01,0.28,65.0,16.7,2.93413,0,49.0,0,0.28571,12.8
1,0.0,0,1,0,28.0,28.0,0.0,14.28571,11,0.01,0.28,67.0,14.0,3.24286,0,45.4,0,0.26515,14.0
1,0.0,0,1,0,28.0,28.0,0.0,0.0,11,0.01,0.28,65.0,14.0,2.95714,0,41.4,0,0.28571,13.2
1,0.0,0,1,0,28.0,28.0,0.0,0.0,2,0.01,0.28,65.0,12.1,3.34711,0,40.5,0,0.28571,8.7
10,9.25,0,1,1,37.0,37.0,25.0,0.0,11,0.06,0.24,65.0,14.5,2.4,1,34.8,0,0.51305,21.0
10,9.25,0,1,1,37.0,37.0,25.0,0.0,11,0.06,0.48,65.0,18.09524,2.1,1,38.0,0,0.5949,27.0
10,9.25,0,1,1,37.0,37.0,25.0,0.0,11,0.06,0.72,65.0,20.73684,1.9,1,39.4,0,0.62305,31.0
10,9.25,0,1,1,37.0,37.0,25.0,0.0,11,0.06,0.24,70.0,18.09524,2.1,1,38.0,0,0.5928,22.0
10,9.25,0,1,1,37.0,37.0,25.0,0.0,11,0.06,0.48,70.0,21.10526,1.9,1,40.1,0,0.58559,28.0
10,9.25,0,1,1,37.0,37.0,25.0,0.0,11,0.06,0.72,70.0,14.66667,2.4,1,35.2,0,0.5605,46.0
10,9.25,0,1,1,37.0,37.0,25.0,0.0,11,0.06,0.24,75.0,21.52632,1.9,1,40.9,0,0.48326,18.0
10,9.25,0,1,1,37.0,37.0,25.0,0.0,11,0.06,0.48,75.0,14.70833,2.4,1,35.3,0,0.62249,40.0
10,9.25,0,1,1,37.0,37.0,25.0,0.0,11,0.06,0.72,75.0,17.90476,2.1,1,37.6,0,0.54503,35.0
10,9.25,0,1,0,37.0,37.0,0.0,0.0,11,0.06,0.24,64.1,14.7,2.36,0,34.8,0,0.56418,21.3
10,9.25,0,1,0,37.0,37.0,0.0,0.0,11,0.06,0.48,65.2,18.3,2.08,0,38.0,0,0.62554,26.6
10,9.25,0,1,0,37.0,37.0,0.0,0.0,11,0.06,0.72,63.7,20.7,1.9,0,39.4,0,0.63455,30.6
10,9.25,0,1,0,37.0,37.0,0.0,0.0,11,0.06,0.24,71.3,18.4,2.06,0,38.0,0,0.59329,22.0
10,9.25,0,1,0,37.0,37.0,0.0,0.0,11,0.06,0.48,70.6,21.1,1.9,0,40.1,0,0.58559,28.4
10,9.25,0,1,0,37.0,37.0,0.0,0.0,11,0.06,0.72,70.8,15.0,2.35,0,35.2,0,0.59114,45.9
10,9.25,0,1,0,37.0,37.0,0.0,0.0,11,0.06,0.24,75.7,21.2,1.93,0,40.9,0,0.48326,18.4
10,9.25,0,1,0,37.0,37.0,0.0,0.0,11,0.06,0.48,76.8,14.9,2.37,0,35.3,0,0.60789,40.3
10,9.25,0,1,0,37.0,37.0,0.0,0.0,11,0.06,0.72,74.0,18.0,2.09,0,37.6,0,0.54503,35.3
0,3.88889,0,1,0,35.0,35.0,0.0,0.0,7,0.1559,0.442,66.03,21.96203,1.817,0,39.905,0,0.70071,42.26403
0,3.88889,0,1,0,35.0,35.0,0.0,0.0,7,0.2984,0.435,65.69,21.51131,1.813,0,39.0,0,0.72895,44.08916
0,3.88889,0,1,0,35.0,35.0,0.0,0.0,7,0.5697,0.44,66.14,21.64477,1.796,0,38.874,0,0.75396,43.1352
10,7.0,1,0,0,70.0,0.0,0.0,0.0,11,1.2,0.0,64.0,17.4,2.22,0,38.0,0,0.43603,32.15
10,7.0,1,1,0,70.0,0.0,0.0,0.0,11,1.2,0.0,64.0,17.4,2.22,0,38.0,0,0.43603,31.59
10,14.0,1,0,0,70.0,0.0,0.0,0.0,11,1.2,0.0,64.0,17.4,2.22,0,38.0,0,0.45903,29.96
10,14.0,1,1,0,70.0,0.0,0.0,0.0,11,1.2,0.0,64.0,17.4,2.22,0,38.0,0,0.45903,26.24
10,0.0,1,0,0,70.0,0.0,0.0,0.0,11,1.2,0.0,64.0,17.4,2.22,0,38.0,0,0.47273,18.22
10,0.0,1,1,0,70.0,0.0,0.0,0.0,11,1.2,0.0,64.0,17.4,2.22,0,38.0,0,0.47273,14.66
8,7.0,0,1,0,35.0,35.0,0.0,0.0,11,0.06,0.2,72.1,11.37,2.68,0,30.45,0,0.667,28.22
10,8.0,0,1,0,56.0,0.0,0.0,0.0,11,1.2,0.0,67.6,18.98238,2.03974,0,38.71921,0,0.475,39.2
10,8.0,0,1,0,56.0,0.0,0.0,3.3,11,1.2,0.0,67.6,18.98238,2.03974,0,38.71921,2,0.475,33.8
10,8.0,0,1,0,56.0,0.0,0.0,6.6,11,1.2,0.0,67.6,18.98238,2.03974,0,38.71921,2,0.475,28.9
10,8.0,0,1,0,56.0,0.0,0.0,9.9,11,1.2,0.0,67.6,18.98238,2.03974,0,38.71921,2,0.475,21.8
10,8.0,0,1,0,56.0,0.0,0.0,13.2,11,1.2,0.0,67.6,18.98238,2.03974,0,38.71921,2,0.475,14.3
7,3.11111,0,1,0,28.0,0.0,0.0,0.0,11,0.13,0.0,61.4561,30.8801,1.667,0,51.47713,0,0.5,54.21
7,3.11111,0,1,0,28.0,0.0,0.0,2.0,11,0.13,0.0,60.661,30.0375,1.668,0,50.10255,5,0.5,52.14
7,3.11111,0,1,0,28.0,0.0,0.0,4.0,11,0.13,0.0,59.7109,30.3496,1.613,0,48.9539,5,0.5,48.82
7,3.11111,0,1,0,28.0,0.0,0.0,6.0,11,0.13,0.0,60.4548,30.568,1.562,0,47.74722,5,0.5,42.31
7,3.11111,0,1,0,28.0,0.0,0.0,8.0,11,0.13,0.0,60.0684,30.8801,1.563,0,48.2656,5,0.5,39.54
7,3.11111,0,1,0,28.0,0.0,0.0,10.0,11,0.13,0.0,59.4546,31.0362,1.555,0,48.26129,5,0.5,38.67
0,5.33333,1,0,0,64.0,0.0,0.0,0.0,11,1.0,0.0,74.0,24.17538,2.23336,0,45.71888,0,0.1715,27.86
0,5.33333,1,1,0,64.0,0.0,0.0,0.0,11,1.0,0.0,74.0,24.17538,2.28344,0,45.71888,0,0.1715,27.01
0,5.33333,1,1,0,64.0,0.0,0.0,0.0,11,1.0,0.0,74.0,23.67538,2.23179,0,45.71888,0,0.1715,29.97
0,5.33333,1,1,0,64.0,64.0,0.0,0.0,11,1.0,1.157,74.0,19.65,2.11755,0,37.85355,0,0.1715,25.05
7,0.0,0,1,5,25.0,25.0,30.0,0.0,11,0.06,0.08242,60.0,19.76844,2.23049,1,44.09341,0,0.30333,1.74283
7,0.0,0,1,5,25.0,25.0,30.0,0.0,11,0.06,0.82645,60.0,20.12346,2.2314,1,44.90358,0,0.3025,14.64815
7,0.0,0,1,5,25.0,25.0,30.0,0.0,11,0.06,1.64384,60.0,20.01965,2.23068,1,44.65753,0,0.30417,24.93245
10,14.0,0,1,5,28.0,28.0,30.0,0.0,11,0.07122,0.8589,60.0,15.04166,2.6237,1,39.4648,0,0.22888,42.34
10,14.0,0,1,5,28.0,28.0,30.0,0.0,11,0.07122,0.92562,60.0,19.96354,1.99111,1,39.7496,0,0.21239,29.04
10,14.0,0,1,5,28.0,28.0,30.0,0.0,11,0.07122,0.90323,60.0,24.98683,1.60222,1,40.0344,0,0.21765,25.46
10,14.0,0,1,5,28.0,28.0,30.0,0.0,11,0.07122,0.90909,60.0,30.22585,1.32741,1,40.1221,0,0.21625,25.75
2,7.0,0,1,7,28.0,28.0,30.0,0.0,11,0.06,1.20727,66.9,25.0,1.5,1,37.5,0,0.55333,37.9
2,7.0,0,1,7,28.0,28.0,30.0,0.0,0,0.06,0.96434,58.6,20.9,1.7,1,36.1,0,0.51833,20.9
2,7.0,0,1,7,28.0,28.0,30.0,0.0,0,0.06,0.85547,53.1,18.7,1.9,1,35.1,0,0.48833,8.8
2,7.0,0,1,7,28.0,28.0,30.0,0.0,0,0.06,0.76023,47.5,16.8,2.0,1,34.1,0,0.54167,5.4
0,3.64286,2,0,0,51.0,0.0,0.0,9.38,11,13.552,0.0,65.0,15.0,1.66572,0,24.9858,29,0.46667,24.0636
0,3.64286,2,0,0,51.0,0.0,0.0,0.0,11,4.628,0.0,65.0,20.0,1.60453,0,32.0906,0,0.46616,16.7491
0,3.64286,2,0,0,51.0,0.0,0.0,0.0,11,2.384,0.0,65.0,25.0,1.58074,0,39.5185,0,0.38359,12.0848
0,3.64286,2,0,0,51.0,0.0,0.0,0.0,11,2.38,0.0,65.0,30.0,1.51445,0,45.4335,0,0.38359,12.0848
0,3.64286,2,0,0,51.0,0.0,0.0,0.0,11,4.624,0.0,65.0,35.0,1.39037,0,48.66295,0,0.42904,10.0707
8,0.0,1,0,6,26.0,26.0,20.0,0.0,0,1.3,0.41608,70.0,20.42,1.13,1,23.08,0,0.80637,16.9
8,0.0,1,0,6,26.0,26.0,20.0,0.0,0,1.3,0.41608,70.0,20.42,1.13,1,23.08,0,0.80637,20.12
8,0.0,1,0,6,26.0,26.0,20.0,0.0,0,1.3,0.41608,70.0,20.42,1.13,1,23.08,0,0.80637,25.1
8,0.0,0,1,0,22.0,22.0,0.0,0.0,7,0.002,0.64564,63.453,11.67616,2.29,0,26.7384,12,0.71392,36.4
8,0.0,0,1,0,22.0,22.0,0.0,0.0,7,0.002,0.52436,62.8218,10.8911,2.46,0,26.7921,12,0.66843,35.0
8,0.0,0,1,0,22.0,22.0,0.0,0.0,7,0.002,0.64964,63.5272,11.37506,2.39,0,27.1864,0,0.71392,52.4
8,0.0,0,1,0,22.0,22.0,0.0,0.0,7,0.002,0.5149,61.745,12.39416,2.26,0,28.0108,12,0.66843,40.3
8,0.0,0,1,0,22.0,22.0,0.0,0.0,7,0.002,0.58105,62.5248,12.03611,2.29,0,27.5627,12,0.66843,27.7
8,0.0,0,1,0,22.0,22.0,0.0,0.0,7,0.002,0.40285,62.0792,9.48508,2.46,0,23.3333,0,0.66843,53.1
8,0.0,0,1,0,22.0,22.0,0.0,0.0,11,0.002,0.46758,60.3523,12.19238,2.14,0,26.0917,0,0.66843,43.3
8,0.0,0,1,0,22.0,22.0,0.0,0.0,11,0.002,0.5149,61.1092,12.4725,2.12,0,26.4417,12,0.66843,40.9
8,0.0,0,1,0,22.0,22.0,0.0,0.0,11,0.002,0.5149,62.0116,12.03702,2.25,0,27.0833,12,0.66843,35.8
8,0.0,0,1,0,22.0,22.0,0.0,0.0,11,0.002,0.58105,62.5648,11.47597,2.36,0,27.0833,12,0.66843,24.9
8,0.0,0,1,0,22.0,22.0,0.0,0.0,0,0.002,0.5149,61.575,12.56143,2.17,0,27.2583,12,0.66843,30.2
8,0.0,0,1,0,22.0,22.0,0.0,0.0,7,0.002,0.58554,63.1761,9.94831,2.31,0,22.9806,0,0.71392,51.1
8,0.0,0,1,0,22.0,22.0,0.0,0.0,11,0.002,0.59229,57.5744,13.48335,2.0,0,26.9667,12,0.66735,18.4
8,0.0,0,1,0,22.0,22.0,0.0,0.0,11,0.002,0.46758,61.183,11.29719,2.03,0,22.9333,12,0.66843,16.7
8,0.0,0,1,0,22.0,22.0,0.0,0.0,11,0.002,0.42562,60.5878,10.25299,2.24,0,22.9667,12,0.66843,10.8
8,0.0,0,1,0,22.0,22.0,0.0,0.0,11,0.002,0.59229,59.9182,10.58916,2.15,0,22.7667,12,0.66843,29.4
8,0.0,0,1,0,22.0,22.0,0.0,0.0,11,0.002,0.4868,61.0342,10.28656,2.21,0,22.7333,12,0.66843,40.5
0,6.0,0,1,0,66.0,66.0,0.0,0.0,11,0.028,0.4,72.7,18.0,1.9,0,34.2,0,0.26071,27.96834
0,6.0,0,1,0,66.0,66.0,0.0,0.0,11,0.028,0.4,71.7,18.0,1.92,0,34.56,0,0.25,24.21053
0,6.0,0,1,0,66.0,66.0,0.0,0.0,11,0.028,0.2,71.7,18.0,1.92,0,34.56,0,0.25,19.47368
0,6.0,0,1,0,66.0,66.0,0.0,0.0,7,0.028,0.2,68.8,22.0,1.76,0,38.72,0,0.25,13.02083
0,6.0,0,1,0,66.0,66.0,0.0,0.0,7,0.028,0.2,69.5,26.0,1.55,0,40.3,0,0.25,9.66767
0,6.0,0,1,0,66.0,66.0,0.0,0.0,7,0.028,0.2,67.3,29.0,1.33,0,38.57,0,0.25,14.47368
0,6.0,0,1,0,66.0,66.0,0.0,0.0,11,0.028,0.2,71.8,18.0,1.92,0,34.56,0,0.25,20.84433
1,4.44444,1,1,0,40.0,0.0,0.0,0.0,11,0.2,0.0,65.0,29.7094,1.33073,0,39.53519,0,0.25,29.8437
1,4.44444,1,1,0,40.0,0.0,0.0,1.0,11,0.2,0.0,65.0,29.8465,1.34581,0,40.16772,19,0.25,21.05
1,4.44444,1,1,0,40.0,0.0,0.0,5.0,11,0.2,0.0,65.0,33.0811,1.24777,0,41.2776,0,0.25,25.7031
1,4.44444,1,1,0,40.0,0.0,0.0,6.0,11,0.2,0.0,65.0,33.4375,1.23268,0,41.21774,0,0.25,15.61
7,7.5,0,1,11,30.0,30.0,10.0,0.0,11,0.1,0.00833,60.0,41.11596,0.77987,1,32.0651,0,0.5,18.8
7,7.5,0,1,11,30.0,30.0,10.0,10.0,11,0.1,0.00833,60.0,38.25338,0.78831,1,30.1556,4,0.5,17.5
7,7.5,0,1,11,30.0,30.0,10.0,10.0,11,0.1,0.00833,60.0,42.9974,0.77338,1,33.2532,0,0.5,15.8
0,0.0,0,1,0,20.0,20.0,0.0,0.0,11,0.06,0.21,60.22,29.35,1.45,0,42.38,0,0.66843,23.2258
0,0.0,0,1,2,20.0,20.0,10.0,0.0,11,0.06,0.42,60.22,29.35,1.45,1,42.38,0,0.66843,21.1235
0,0.0,0,1,3,20.0,20.0,5.0,0.0,11,0.06,0.84,60.22,29.35,1.45,1,42.38,0,0.66843,21.7909
5,0.0,0,1,0,60.0,0.0,0.0,0.0,6,0.22,0.0,71.32,21.81509,1.8146,0,33.51488,0,0.45455,49.91
5,0.0,0,1,0,60.0,0.0,0.0,0.0,7,0.22,0.0,71.32,21.81509,1.8146,0,33.51488,0,0.45455,38.61
7,3.0,1,0,0,30.0,0.0,0.0,0.0,11,0.1458,0.0,62.32164,20.0,1.68196,0,42.8535,0,0.23627,26.06
7,3.0,1,0,0,30.0,0.0,0.0,0.0,11,0.1458,0.0,61.18467,25.0,1.68878,0,42.8535,0,0.32222,21.99
7,3.0,1,0,0,30.0,0.0,0.0,0.0,11,0.1458,0.0,62.41295,30.0,1.56083,0,44.78243,0,0.33472,13.04
10,6.22222,0,1,0,56.0,0.0,0.0,0.0,11,0.1,0.0,66.95741,24.8781,1.66749,0,42.32072,0,0.40058,23.89
10,6.22222,0,1,0,56.0,0.0,0.0,15.0,11,0.1,0.0,64.52963,22.8873,1.80593,0,35.79315,21,0.53068,30.01
10,6.22222,0,1,0,56.0,0.0,0.0,10.0,11,0.1,0.0,64.23182,26.366,1.57849,0,39.99132,0,0.42636,16.59
10,6.22222,0,1,0,56.0,0.0,0.0,25.0,11,0.1,0.0,62.88594,24.4799,1.71941,0,36.36269,0,0.49567,22.73
0,0.0,0,1,0,21.0,21.0,0.0,0.0,11,0.06,0.21,55.0,11.5,2.34,0,26.8,0,0.25926,16.77
0,0.0,0,1,0,21.0,21.0,0.0,20.0,11,0.06,0.21,55.0,14.7,2.52,0,36.1,13,0.25926,14.92
0,0.0,0,1,0,21.0,21.0,0.0,20.0,11,0.06,0.21,55.0,14.0,2.52,0,35.3,13,0.25926,7.94
0,15.5,0,1,0,31.0,31.0,0.0,0.0,11,0.06,0.09384,65.4,14.2,2.1,0,29.7,0,0.51333,29.8
0,15.5,0,1,0,31.0,31.0,0.0,0.0,11,0.06,0.15639,65.4,14.2,2.1,0,29.7,0,0.51333,31.0
0,15.5,0,1,4,31.0,31.0,10.0,0.0,11,0.06,0.28151,65.4,14.2,2.1,1,29.7,0,0.51333,35.9
10,0.0,0,1,0,48.0,48.0,0.0,0.0,3,0.045,0.3279,50.0,17.07927,2.46,0,42.015,0,0.64044,35.9
7,0.0,0,1,0,48.0,48.0,0.0,0.0,3,0.045,0.34666,50.0,17.32857,2.66,0,46.094,0,0.60578,29.9
9,0.0,0,1,0,48.0,48.0,0.0,0.0,3,0.045,0.38698,50.0,19.33299,1.97,0,38.086,0,0.54267,30.51
5,0.0,0,1,0,48.0,48.0,0.0,0.0,10,0.045,0.32143,50.0,21.56792,1.06,0,22.862,0,0.65333,55.2
8,7.0,0,1,0,35.0,35.0,0.0,0.0,11,0.06,0.2,72.1,10.57997,2.77826,0,29.3939,0,0.646,38.08
8,7.0,0,1,0,35.0,35.0,0.0,10.0,11,0.06,0.2,72.1,11.30095,2.59565,0,29.3333,23,0.646,30.24
8,7.0,0,1,0,35.0,35.0,0.0,10.0,11,0.06,0.2,72.1,10.89254,2.6837,0,29.2323,2,0.646,28.22
8,7.0,0,1,0,35.0,35.0,0.0,12.5,11,0.06,0.2,72.1,11.19228,2.68042,0,30.0,23,0.646,35.14
8,7.0,0,1,0,35.0,35.0,0.0,12.5,11,0.06,0.2,72.1,11.3794,2.67717,0,30.4646,2,0.646,26.16
10,21.0,0,1,0,21.0,21.0,0.0,0.0,11,1.2096,0.24,59.81,19.9,1.91,0,38.1,0,0.42876,34.32
10,21.0,0,1,0,21.0,21.0,0.0,0.0,0,1.2096,0.24,60.21,19.9,1.79,0,35.6,0,0.42876,29.84
5,1.0,1,1,0,105.0,0.0,0.0,0.0,11,0.055,0.0,70.77222,53.2,0.97,0,51.3,0,0.47168,36.66
5,1.0,1,1,0,105.0,0.0,0.0,0.0,11,0.055,0.0,70.77222,54.9,0.92,0,50.6,20,0.50134,55.1
5,1.0,1,1,0,105.0,0.0,0.0,0.0,11,0.055,0.0,70.77222,53.7,0.92,0,49.4,20,0.50134,53.61
5,1.0,1,1,0,105.0,0.0,0.0,0.0,11,0.055,0.0,71.12222,52.0,0.94,0,48.9,20,0.47168,55.32
5,1.0,1,1,0,105.0,0.0,0.0,0.0,11,0.055,0.0,71.70222,51.1,0.91,0,46.6,1,0.47168,43.57
5,1.0,1,1,0,105.0,0.0,0.0,0.0,11,0.055,0.0,70.77222,54.0,0.83,0,44.6,1,0.50134,47.78
5,1.0,1,1,0,105.0,0.0,0.0,0.0,11,0.055,0.0,69.98222,53.5,0.77,0,41.1,1,0.50134,52.76
7,1.0,0,1,0,15.0,15.0,0.0,0.0,7,0.018,0.9532,65.03,12.88,2.16588,0,27.89653,0,0.44444,27.3
7,1.0,0,1,0,15.0,15.0,0.0,29.0,7,0.018,0.90506,63.17,24.41,1.92582,0,47.00927,0,0.49167,19.27
7,1.0,0,1,0,15.0,15.0,0.0,29.0,7,0.018,0.88629,62.39,27.43,1.84851,0,50.70463,0,0.49167,22.4
7,1.0,0,1,0,15.0,15.0,0.0,29.0,7,0.018,0.89127,62.6,28.06,1.81596,0,50.95584,0,0.49167,20.37
7,1.0,0,1,0,15.0,15.0,0.0,29.0,7,0.018,0.8765,61.97,16.31,2.06009,0,33.60007,0,0.49167,25.17
7,5.24451,0,1,0,45.00543,23.95271,3.71964,4.61917,7,1.07218,0.65641,64.22697,21.36486,2.05673,0,39.17911,0,0.47904,23.49
5,16.0,0,1,0,32.0,32.0,9.0,0.0,8,0.1,0.41745,61.1,20.0,2.4739,0,49.47796,0,0.29146,9.58
5,16.0,0,1,0,32.0,32.0,4.0,0.0,8,0.1,0.243,53.5,30.0,1.72274,0,51.68213,0,0.39699,6.85
5,5.24451,0,1,0,45.00543,23.95271,3.71964,4.61917,8,1.07218,0.65641,64.22697,21.36486,2.05673,0,39.17911,0,0.47904,1.18
5,16.0,0,1,0,32.0,32.0,8.0,0.0,1,0.1,0.321,74.7,23.0,2.10582,0,48.43387,0,0.16332,19.02
5,16.0,0,1,0,32.0,32.0,17.5,0.0,1,0.1,0.46823,65.6,30.0,1.6628,0,49.88399,0,0.19849,4.98
5,16.0,0,1,0,32.0,32.0,16.0,0.0,1,0.1,0.293,53.0,40.0,1.35731,0,54.29234,0,0.36683,3.97
5,5.24451,0,1,0,45.00543,23.95271,3.71964,4.61917,11,1.07218,0.65641,64.22697,21.36486,2.05673,0,39.17911,0,0.47904,2.67
5,6.42857,0,0,0,45.0,0.0,0.0,0.0,11,0.06,0.0,65.87741,23.8,1.79,0,42.59,0,0.08333,30.4
5,6.42857,0,0,0,45.0,0.0,0.0,0.0,11,0.06,0.0,64.63467,30.6,1.45,0,44.38,0,0.08333,23.0
10,17.5,0,1,0,70.0,0.0,0.0,0.0,11,1.2096,0.0,63.6,17.26269,2.12625,0,36.7048,0,0.43648,21.3
10,17.5,0,1,0,70.0,70.0,0.0,0.0,11,1.2096,0.18,63.6,17.26269,2.12625,0,36.7048,0,0.25684,23.0
10,17.5,0,1,0,70.0,70.0,0.0,0.0,11,1.2096,0.36,63.6,17.26269,2.12625,0,36.7048,0,0.25684,36.6
10,17.5,0,1,0,70.0,70.0,0.0,0.0,11,1.2096,0.54,63.6,17.26269,2.12625,0,36.7048,0,0.25684,44.1
10,5.24451,0,1,4,45.00543,23.95271,3.71964,4.61917,11,1.07218,0.65641,64.22697,21.36486,2.05673,1,39.17911,0,0.47904,33.6
0,0.0,0,1,0,31.0,31.0,0.0,0.0,11,0.01,0.43,83.0,16.5,2.60606,0,43.0,0,0.492,17.3
0,0.0,0,1,0,31.0,31.0,0.0,0.0,11,0.01,0.21,83.0,16.5,2.60606,0,43.0,0,0.492,0.3
7,0.0,0,1,0,31.0,31.0,0.0,0.0,11,0.01,0.23,71.0,6.1,5.77049,0,35.2,0,0.492,48.0
7,5.24451,0,1,0,45.00543,23.95271,3.71964,4.61917,11,1.07218,0.65641,64.22697,21.36486,2.05673,0,39.17911,0,0.47904,48.0
7,5.24451,0,1,0,45.00543,23.95271,3.71964,4.61917,11,1.07218,0.65641,64.22697,21.36486,2.05673,0,39.17911,0,0.47904,42.0
10,7.5,0,1,1,30.0,30.0,25.0,0.0,11,0.06,0.48,65.9,17.86175,2.17,1,38.76,0,0.56626,40.4
10,7.5,0,1,1,30.0,30.0,25.0,10.0,11,0.06,0.48,64.5087,18.73469,1.96,1,36.72,23,0.59106,32.7
10,7.5,0,1,1,30.0,30.0,25.0,10.2,11,0.06,0.48,64.389,17.73301,2.06,1,36.53,23,0.5991,31.6
10,7.5,0,1,1,30.0,30.0,25.0,5.2,11,0.06,0.48,62.90879,17.80952,2.1,1,37.4,23,0.60408,34.2
7,12.5,0,1,5,25.0,25.0,30.0,0.0,11,0.06,0.08242,65.0,20.0,2.26558,1,40.26161,0,0.34667,1.74
7,12.5,0,1,5,25.0,25.0,30.0,0.0,11,0.06,0.82645,65.0,20.0,2.39205,1,40.32411,0,0.34571,14.65
7,12.5,0,1,5,25.0,25.0,30.0,0.0,11,0.06,1.64384,65.0,20.0,2.39205,1,40.7488,0,0.34762,24.93
10,7.71429,1,0,0,54.0,0.0,0.0,0.0,11,0.13,0.0,66.28,22.99234,2.00199,0,38.47214,0,0.3083,40.8
10,7.71429,1,0,0,54.0,0.0,0.0,15.0,11,0.13,0.0,62.82171,17.77801,2.29398,0,36.26206,2,0.36329,36.2
10,7.71429,1,0,0,54.0,0.0,0.0,15.0,11,0.13,0.0,62.82171,17.77801,2.29398,0,36.26206,2,0.36329,35.2
10,7.71429,1,0,0,54.0,0.0,0.0,0.0,11,0.13,0.0,66.28,22.99234,2.00199,0,38.47214,0,0.3083,49.8
10,7.71429,1,0,0,54.0,0.0,0.0,6.0,11,0.13,0.0,63.24,21.49659,2.24279,0,36.18694,21,0.401,45.7
10,7.71429,1,0,0,54.0,0.0,0.0,6.0,11,0.13,0.0,63.24,21.49659,2.24279,0,36.18694,21,0.401,43.7
8,5.0,0,1,11,45.0,45.0,20.0,0.0,11,0.12,0.94745,65.0,20.62762,2.14963,1,38.92499,0,0.4168,9.73
8,5.0,0,1,11,45.0,45.0,20.0,5.0,11,0.12,1.71576,65.0,21.9187,2.37593,1,37.1463,21,0.3489,5.48
8,5.0,0,1,11,45.0,45.0,20.0,1.0,11,0.12,0.92403,65.0,20.62762,2.05396,1,38.65892,21,0.4418,5.2
8,5.0,0,1,11,45.0,45.0,20.0,1.0,11,0.12,0.92403,65.0,20.62762,2.05396,1,38.65892,28,0.4418,3.59
8,5.0,0,1,11,45.0,45.0,20.0,3.0,11,0.12,0.93795,65.0,21.10208,2.04396,1,38.4367,9,0.49078,4.11
8,5.0,0,1,11,45.0,45.0,20.0,3.0,11,0.12,0.93795,65.0,21.10208,2.04396,1,38.4367,16,0.49078,2.56
8,5.0,0,1,11,45.0,45.0,20.0,5.0,11,0.12,1.71576,65.0,21.9187,2.37593,1,37.1463,2,0.3489,5.03
10,0.0,0,1,0,50.0,50.0,0.0,0.0,11,0.1,0.3,60.0,25.0,1.79369,0,45.68891,0,0.59489,26.78
10,0.0,0,1,0,50.0,50.0,0.0,10.0,11,0.1,0.3,60.0,25.0,1.68726,0,43.74646,0,0.59489,22.46
10,0.0,0,1,0,50.0,50.0,0.0,10.0,11,0.1,0.3,60.0,25.0,1.68726,0,43.74646,30,0.59489,23.1
10,0.0,0,1,0,50.0,50.0,0.0,20.0,11,0.1,0.3,60.0,25.0,1.84627,0,43.27641,0,0.54132,19.72
8,7.0,0,1,0,35.0,35.0,0.0,0.0,11,0.06,0.1,72.86,11.37,2.68,0,30.45,0,0.667,26.3
8,7.0,0,1,0,35.0,35.0,0.0,0.0,11,0.06,0.2,72.86,11.37,2.68,0,30.45,0,0.667,28.2
8,7.0,0,1,0,35.0,35.0,0.0,0.0,11,0.06,0.3,72.86,11.37,2.68,0,30.45,0,0.667,25.4
10,9.33333,0,1,0,28.0,28.0,0.0,0.0,11,0.06,0.25,52.2,24.8,2.23,0,41.27,0,0.51248,43.9
10,9.33333,0,1,0,28.0,28.0,0.0,1.82956,11,0.06,0.25,58.02882,20.79943,2.22788,0,42.90273,9,0.58992,22.3
10,9.33333,0,1,0,28.0,28.0,0.0,1.82956,11,0.06,0.25,58.02882,20.79943,2.25502,0,42.90273,9,0.58992,20.2
10,9.33333,0,1,0,28.0,28.0,0.0,1.82956,11,0.06,0.25,58.02882,20.79943,2.2751,0,42.90273,9,0.58992,22.1
10,9.33333,0,1,0,28.0,28.0,0.0,1.82956,11,0.06,0.25,58.02882,20.79943,2.31124,0,42.90273,9,0.58992,19.3
10,9.33333,0,1,0,28.0,28.0,0.0,1.82956,11,0.06,0.25,58.32282,21.00843,2.35657,0,42.90273,9,0.58895,21.4
