Material_Main,Material_2,Material_3,Additive_1,Additive_2,Additive_3,Additive_4, Composting Method,M1_is Enclosed,V2_Ventilation Interval (min),Turning times,Period (d),V4_Ventilation Day,V1_Ventilation Type,V3_Ventilation Duration (min),Application Rate (%DW),Compost volume (m3),V5_Ventilation rate (L/min/kg iniDW),Initial Moisture Content (%),Initial TN (%),Initial C/N (%),Initial pH,NH3-N loss (%)
10,13,4,27,11,4,1,0,1.0,0.0,2.0,26.0,26.0,0.0,0.0,0.0,0.05,0.57,65.0,2.66,15.0,7.60664,28.0
10,13,4,20,6,4,1,0,1.0,0.0,2.0,26.0,26.0,0.0,0.0,3.8,0.05,0.57,65.0,2.66,15.0,7.41084,9.0
10,13,4,20,6,4,1,0,1.0,0.0,2.0,26.0,26.0,0.0,0.0,7.3,0.05,0.57,65.0,2.66,15.0,6.61538,4.0
10,13,4,20,6,4,1,0,1.0,0.0,2.0,26.0,26.0,0.0,0.0,8.9,0.05,0.57,65.0,2.66,15.0,6.40734,0.5
0,8,4,27,11,4,1,0,1.0,0.0,2.0,14.0,14.0,0.0,0.0,0.0,0.004,0.1,61.7,0.984,51.42276,7.87,6.79
0,8,4,12,11,4,1,0,1.0,0.0,2.0,14.0,14.0,0.0,0.0,6.0,0.004,0.1,61.4,1.12,44.55357,7.94,2.95
0,8,4,12,11,4,1,0,1.0,0.0,2.0,14.0,14.0,0.0,0.0,13.0,0.004,0.1,59.3,0.985,45.58376,7.96,3.01
0,8,4,12,11,4,1,0,1.0,0.0,2.0,14.0,14.0,0.0,0.0,23.0,0.004,0.1,56.9,0.905,40.99448,7.83,2.71
10,13,4,27,11,4,1,0,1.0,720.0,7.0,45.0,45.0,1.0,30.0,0.0,0.09,7.56254,65.0,2.46,12.93902,6.5,3.0
10,13,4,28,11,4,1,0,1.0,720.0,7.0,45.0,45.0,1.0,30.0,16.87764,0.09,7.06051,65.0,3.13,11.15335,6.1,2.1
10,13,4,8,11,4,1,0,1.0,720.0,7.0,45.0,45.0,1.0,30.0,15.47117,0.09,6.65557,65.0,2.75,10.95636,7.2,4.6
10,13,4,4,11,4,1,0,1.0,720.0,7.0,45.0,45.0,1.0,30.0,15.47117,0.09,7.34153,65.0,3.05,9.83607,6.2,0.3
10,13,4,27,11,4,1,0,1.0,720.0,6.0,45.0,35.0,1.0,30.0,0.0,0.09,2.6,65.0,2.46,12.9607,6.28722,10.7
10,13,4,15,11,4,1,0,1.0,720.0,6.0,45.0,35.0,1.0,30.0,0.65,0.09,2.6,65.0,2.97,11.7281,7.1357,22.7
10,13,4,25,11,4,1,0,1.0,720.0,6.0,45.0,35.0,1.0,30.0,0.65,0.09,2.6,65.0,2.52,14.0483,7.42357,14.5
10,13,4,25,11,4,1,0,1.0,720.0,6.0,45.0,35.0,1.0,30.0,0.65,0.09,2.6,65.0,2.79,12.0181,6.98414,16.1
10,13,4,25,11,4,1,0,1.0,720.0,6.0,45.0,35.0,1.0,30.0,1.95,0.09,2.6,65.0,2.73,12.5619,6.92358,16.4
7,13,4,27,11,4,1,1,0.0,0.0,7.0,60.0,0.0,2.0,0.0,0.0,0.165,0.0,60.0,3.05674,12.3645,7.28993,5.6
7,13,4,2,11,4,1,1,0.0,0.0,7.0,60.0,0.0,2.0,0.0,10.0,0.165,0.0,59.0,2.96078,13.2954,7.31734,2.3
7,13,4,2,11,4,1,1,0.0,0.0,7.0,60.0,0.0,2.0,0.0,10.0,0.165,0.0,58.0,3.33965,11.4409,7.38317,2.3
3,13,4,27,11,4,1,0,1.0,0.0,5.0,35.0,60.0,0.0,0.0,0.0,0.06,0.2,60.0,1.79,22.1,5.01,13.3
3,13,4,30,11,4,1,0,1.0,0.0,5.0,35.0,60.0,0.0,0.0,10.0,0.06,0.2,60.0,1.98,18.2,4.43,8.4
3,13,4,4,11,4,1,0,1.0,0.0,5.0,35.0,60.0,0.0,0.0,10.0,0.06,0.2,60.0,1.89,19.1,4.28,10.5
3,8,3,27,11,4,1,0,1.0,0.0,7.0,20.0,20.0,0.0,0.0,0.0,0.02,1.06667,61.60586,2.28261,18.5,6.47198,22.0
3,8,3,20,6,4,1,0,1.0,0.0,7.0,20.0,20.0,0.0,0.0,20.0,0.02,1.06667,63.74,2.34217,18.5,7.26225,4.8
10,13,4,27,11,4,1,0,1.0,0.0,3.0,28.0,28.0,0.0,0.0,0.0,0.06,0.25,52.2,2.23,24.8,8.56091,38.7
10,13,4,20,6,4,1,0,1.0,0.0,3.0,28.0,28.0,0.0,0.0,3.72823,0.06,0.25,52.2,2.23,24.8,8.08092,17.9
10,13,4,20,6,4,1,0,1.0,0.0,3.0,28.0,28.0,0.0,0.0,3.78398,0.06,0.25,52.2,2.23,24.8,8.04706,16.1
8,13,4,27,11,4,1,0,1.0,0.0,7.0,84.0,84.0,0.0,0.0,0.0,0.50064,0.7,68.1481,1.8905,35.4459,8.9,47.15834
8,13,4,38,11,4,1,0,1.0,0.0,7.0,84.0,84.0,0.0,0.0,25.0,0.1714,0.7,56.0494,1.92593,24.54,7.52378,42.00049
8,13,4,38,11,4,1,0,1.0,0.0,7.0,84.0,84.0,0.0,0.0,25.0,0.1834,0.7,61.2346,1.846,25.0,7.4214,52.22404
8,13,4,38,11,4,1,0,1.0,0.0,7.0,84.0,84.0,0.0,0.0,25.0,0.1714,0.7,55.0617,1.92593,24.54,7.45077,36.04333
8,13,4,38,11,4,1,0,1.0,0.0,7.0,84.0,84.0,0.0,0.0,10.0,0.41192,0.7,65.679,1.9385,26.45391,7.50377,43.65752
8,13,4,38,11,4,1,0,1.0,0.0,7.0,84.0,84.0,0.0,0.0,40.0,0.1044,0.7,46.9136,2.10052,21.52766,7.58286,27.44832
10,13,4,27,11,4,1,0,1.0,0.0,5.0,39.0,39.0,0.0,0.0,0.0,0.06,0.403,68.83,1.92535,20.7524,8.23826,23.2
10,13,4,20,6,4,1,0,1.0,0.0,5.0,39.0,39.0,0.0,0.0,2.148,0.06,0.352,68.18,1.7571,20.7524,8.10403,9.6
10,13,4,13,11,4,1,0,1.0,0.0,5.0,39.0,39.0,0.0,0.0,2.7,0.06,2.1675,65.706,1.73101,20.7524,6.68792,7.1
10,13,4,31,8,4,1,0,1.0,0.0,5.0,39.0,39.0,0.0,0.0,2.604,0.06,0.374,67.086,1.79899,20.7524,7.7349,8.46
10,13,4,4,8,4,1,0,1.0,0.0,5.0,39.0,39.0,0.0,0.0,2.5,0.06,1.72033,66.246,1.73101,20.7524,6.84899,5.45
10,8,4,27,11,4,1,0,1.0,0.0,0.0,26.0,26.0,0.0,0.0,0.0,0.0212,0.91133,61.8,2.86133,16.5,6.33927,34.9
10,8,4,21,11,4,1,0,1.0,0.0,0.0,26.0,26.0,0.0,0.0,0.56,0.0212,0.90955,61.8,2.98895,15.23491,6.19896,15.0
10,13,4,27,11,4,1,0,1.0,0.0,4.0,35.0,35.0,0.0,0.0,0.0,0.06,0.38,70.4,2.09,20.3,7.24574,31.32
10,13,4,20,6,4,1,0,1.0,0.0,4.0,35.0,35.0,0.0,0.0,4.56,0.06,0.38,65.416,2.17362,20.09813,7.82614,21.79
10,13,4,20,1,4,1,0,1.0,0.0,4.0,35.0,35.0,0.0,0.0,6.48,0.06,0.38,64.489,2.40973,16.65113,7.85682,14.21
10,8,4,27,11,4,1,0,1.0,0.0,6.0,110.0,110.0,0.0,0.0,0.0,0.032,1.76554,64.6,2.34,26.55012,7.4,9.7
10,8,4,25,11,4,1,0,1.0,0.0,6.0,110.0,110.0,0.0,0.0,11.25,0.032,1.76554,64.6,2.34,24.5,7.4,9.3
10,8,4,8,11,4,1,0,1.0,10.0,1.0,51.0,51.0,1.0,0.25,1.1066,0.0318,0.3692,60.6289,2.4529,16.45622,7.94808,2.147
10,8,4,11,11,4,1,0,1.0,10.0,1.0,51.0,51.0,1.0,0.25,10.25,0.0318,1.01076,64.9057,2.51066,15.56186,7.51827,5.739
10,8,4,27,11,4,1,0,1.0,10.0,1.0,51.0,51.0,1.0,0.25,0.0,0.0318,0.3692,61.8868,2.24044,16.45622,7.85,3.462
0,13,4,27,11,4,1,0,1.0,0.0,0.0,15.0,15.0,0.0,0.0,0.0,0.17,0.2885,70.5,1.59,26.0,8.8,19.81132
0,13,4,16,11,4,1,0,1.0,0.0,0.0,15.0,15.0,0.0,0.0,3.62976,0.17,0.29038,71.0,1.44,23.33835,8.8,13.54167
0,13,4,16,11,4,1,0,1.0,0.0,0.0,15.0,15.0,0.0,0.0,7.30994,0.17,0.2924,71.5,1.55,20.29172,8.6,11.6129
0,13,4,16,11,4,1,0,1.0,0.0,0.0,15.0,15.0,0.0,0.0,9.97672,0.17,0.26605,69.0,1.36,30.0,8.7,9.12409
0,13,4,27,11,4,1,0,1.0,0.0,0.0,15.0,15.0,0.0,0.0,0.0,0.17,0.26377,70.0,1.72,19.668,8.4,10.75581
0,13,4,16,11,4,1,0,1.0,0.0,0.0,15.0,15.0,0.0,0.0,13.09719,0.17,0.28166,71.8,1.66,18.63681,8.2,10.84337
0,13,4,16,11,4,1,0,1.0,0.0,0.0,15.0,15.0,0.0,0.0,24.36647,0.17,0.26201,69.6,1.58,22.66223,8.3,15.50633
0,13,4,16,11,4,1,0,1.0,0.0,0.0,15.0,15.0,0.0,0.0,37.59079,0.17,0.26947,70.3,1.47,21.96158,8.3,16.66667
0,13,4,27,11,4,1,0,1.0,0.0,0.0,15.0,6.0,0.0,0.0,0.0,0.17,0.28948,70.6,1.59,18.29296,8.6,16.03774
0,13,4,34,11,4,1,0,1.0,0.0,0.0,15.0,6.0,0.0,0.0,3.10479,0.17,0.28882,70.8,1.57,20.37096,8.6,14.96815
0,13,4,34,11,4,1,0,1.0,0.0,0.0,15.0,6.0,0.0,0.0,3.43688,0.17,0.28171,70.1,1.55,19.78139,8.6,13.54839
0,13,4,34,11,4,1,0,1.0,0.0,0.0,15.0,6.0,0.0,0.0,3.68545,0.17,0.27867,69.8,1.55,21.18629,8.9,15.16129
0,13,4,27,11,4,1,0,1.0,0.0,0.0,15.0,15.0,0.0,0.0,0.0,0.17,0.27765,71.5,1.62,22.79181,9.1,14.81481
0,13,4,34,11,4,1,0,1.0,0.0,0.0,15.0,15.0,0.0,0.0,3.66885,0.17,0.28276,72.3,1.35,23.33835,9.0,16.66667
0,13,4,34,11,4,1,0,1.0,0.0,0.0,15.0,15.0,0.0,0.0,7.0174,0.17,0.27016,71.3,1.31,23.45908,8.7,12.9771
0,13,4,34,11,4,1,0,1.0,0.0,0.0,15.0,15.0,0.0,0.0,10.35227,0.17,0.26561,71.1,1.25,25.88788,8.7,13.2
10,13,4,27,11,4,1,1,0.0,0.0,10.0,70.0,0.0,2.0,0.0,0.0,1.2,0.0,72.29741,2.01423,18.89189,7.61099,35.3
10,13,4,4,11,4,1,1,0.0,0.0,10.0,70.0,0.0,2.0,0.0,3.3,1.2,0.0,73.39741,1.79573,18.89189,7.61099,28.0
10,13,4,4,11,4,1,1,0.0,0.0,10.0,70.0,0.0,2.0,0.0,6.6,1.2,0.0,69.09,1.83439,18.89189,7.60854,21.2
10,13,4,4,11,4,1,1,0.0,0.0,10.0,70.0,0.0,2.0,0.0,9.9,1.2,0.0,64.55,2.14198,18.89189,7.39161,16.8
10,13,4,4,11,4,1,1,0.0,0.0,10.0,70.0,0.0,2.0,0.0,13.2,1.2,0.0,62.48,2.11601,18.89189,7.39161,14.8
10,13,4,4,11,4,1,1,0.0,0.0,10.0,70.0,0.0,2.0,0.0,16.5,1.2,0.0,62.22,2.11601,18.89189,7.53961,8.3
7,8,4,27,11,4,1,0,1.0,40.0,6.0,13.0,13.0,1.0,20.0,0.0,0.06,0.72,55.0,3.2,12.8125,8.20028,12.84
8,8,4,13,11,4,1,0,1.0,0.0,11.0,22.0,22.0,0.0,0.0,2.25361,0.0035,0.87187,59.4,2.14,14.0972,5.51,16.2936
8,8,4,13,11,4,1,0,1.0,0.0,11.0,22.0,22.0,0.0,0.0,5.49018,0.0035,1.29982,57.5,2.15,16.63468,6.48,18.7427
8,8,4,27,11,4,1,0,1.0,0.0,11.0,22.0,22.0,0.0,0.0,0.0,0.0035,0.83456,58.2,2.13,13.34768,7.56,33.8826
7,4,0,27,11,4,1,0,1.0,30.0,180.0,45.0,45.0,1.0,17.0,0.0,2.4,6.67,55.0,1.09466,30.4875,7.87459,17.965
7,4,0,8,11,4,1,0,1.0,30.0,180.0,45.0,45.0,1.0,17.0,0.44444,2.4,6.67,55.0,1.12653,29.153,7.73601,3.22179
7,4,0,8,11,4,1,0,1.0,30.0,180.0,45.0,45.0,1.0,17.0,0.44444,2.4,6.67,55.0,1.03964,31.2883,7.7218,5.63813
7,4,4,27,11,4,1,0,1.0,0.0,12.0,112.0,112.0,0.0,0.0,0.0,0.026,2.024,61.9,2.36,26.10627,7.5,10.351
7,4,4,25,11,4,1,0,1.0,0.0,12.0,112.0,112.0,0.0,0.0,8.75,0.026,2.024,61.11,1.948,26.0,7.44468,2.046
7,4,4,25,11,4,1,0,1.0,0.0,12.0,112.0,112.0,0.0,0.0,8.75,0.026,2.024,61.11,1.948,26.0,7.44468,2.362
3,4,4,27,11,4,1,0,1.0,0.0,4.0,30.0,30.0,0.0,0.0,0.0,0.06,0.2,60.59701,1.9,20.0,6.1837,24.9
3,4,4,20,6,4,1,0,1.0,0.0,4.0,30.0,30.0,0.0,0.0,2.1383,0.06,0.2,61.405,2.11605,19.81481,4.77333,12.6
3,4,4,4,11,4,1,0,1.0,0.0,4.0,30.0,30.0,0.0,0.0,3.20088,0.06,0.2,64.445,2.38169,18.57481,4.41037,15.3
3,4,4,10,11,4,1,0,1.0,0.0,4.0,30.0,30.0,0.0,0.0,2.216,0.06,0.2,60.765,1.91605,20.50481,5.00148,8.9
3,4,4,16,11,4,1,0,1.0,0.0,4.0,30.0,30.0,0.0,0.0,2.53615,0.06,0.2,62.1647,1.6986,22.70481,5.58222,8.9
3,4,4,27,11,4,1,0,1.0,0.0,9.0,19.0,19.0,0.0,0.0,0.0,0.1216,10.0,70.0,1.73,26.38728,6.3,16.5467
3,4,4,25,11,4,1,0,1.0,0.0,9.0,19.0,19.0,0.0,0.0,3.0,0.1216,10.0,70.0,1.73,26.38728,6.3,12.879
3,4,4,23,6,4,1,0,1.0,0.0,9.0,19.0,19.0,0.0,0.0,6.9,0.3212,10.0,70.0,1.61,26.34783,6.2,12.879
3,4,4,25,8,3,1,0,1.0,0.0,9.0,19.0,19.0,0.0,0.0,9.9,0.28217,10.0,70.0,1.61,26.34783,6.2,2.9862
10,8,4,27,11,4,1,1,0.0,0.0,12.0,112.0,42.0,0.0,0.0,0.0,0.2434,0.2569,65.4,1.4,23.09483,7.1,21.4
10,8,4,25,11,4,1,1,0.0,0.0,12.0,112.0,42.0,0.0,0.0,2.94985,0.1498,0.26221,66.1,1.6,26.62432,6.8,20.7
10,8,4,27,11,4,1,1,0.0,0.0,12.0,112.0,0.0,2.0,0.0,0.0,0.58271,0.0,64.9,3.4,13.29683,6.9,18.4
10,8,4,25,11,4,1,1,0.0,0.0,12.0,112.0,0.0,2.0,0.0,2.8169,0.68621,0.0,64.5,3.1,13.80038,7.0,19.7
3,8,4,18,11,4,1,0,1.0,0.0,9.0,35.0,35.0,0.0,0.0,2.25,0.02,0.5,63.945,1.55096,29.0076,11.9607,27.1028
3,8,4,18,8,6,1,0,1.0,0.0,9.0,35.0,35.0,0.0,0.0,1.8209,0.02,0.5,63.005,1.60583,32.0229,6.47344,0.46729
3,8,4,18,8,6,1,0,1.0,0.0,9.0,35.0,35.0,0.0,0.0,2.5709,0.02,0.5,63.215,1.77798,30.3435,8.34411,10.42991
3,8,4,18,8,6,1,0,1.0,0.0,9.0,35.0,35.0,0.0,0.0,3.3209,0.02,0.5,61.455,1.70326,26.9466,11.5866,17.37382
3,8,4,18,8,6,1,0,1.0,0.0,9.0,35.0,35.0,0.0,0.0,4.0709,0.02,0.5,64.445,1.46576,29.0458,12.0647,29.17756
10,13,4,27,11,4,1,0,1.0,690.0,6.0,40.0,30.0,1.0,30.0,0.0,0.1416,7.69231,64.54545,2.34,16.53936,6.8098,26.0
10,13,4,4,11,4,1,0,1.0,690.0,6.0,40.0,30.0,1.0,30.0,6.0,0.1446,7.31707,63.55556,2.31,16.39658,5.99866,11.8
10,13,4,28,11,4,1,0,1.0,690.0,6.0,40.0,30.0,1.0,30.0,15.0,0.0617,6.81818,62.06897,2.41,15.97083,6.19841,21.5
10,13,4,28,11,4,1,0,1.0,690.0,6.0,40.0,30.0,1.0,30.0,1.46082,0.1358,7.79221,65.17413,2.34,16.34774,6.11367,20.2
3,2,4,35,11,4,1,0,1.0,0.0,24.0,24.0,24.0,0.0,0.0,2.56049,0.03,0.76104,63.5,2.72179,20.5,6.08647,12.86
3,2,4,27,11,4,1,0,1.0,0.0,24.0,24.0,24.0,0.0,0.0,0.0,0.03,0.76815,63.5,2.87696,20.5,6.00188,10.23
3,13,4,27,11,4,1,0,1.0,5.0,54.0,68.0,68.0,1.0,1.0,0.0,0.005,4.29,43.61,2.33,28.8,4.92,50.4386
3,13,4,38,11,4,1,0,1.0,5.0,54.0,68.0,68.0,1.0,1.0,51.0,0.005,4.29,63.52136,2.13476,19.34766,7.51364,9.64912
3,13,4,19,11,4,1,0,1.0,5.0,54.0,68.0,68.0,1.0,1.0,35.7,0.005,4.29,58.92593,2.34167,20.74096,7.49153,13.4503
8,13,4,27,11,4,1,0,1.0,0.0,11.0,56.0,56.0,1.0,0.0,0.0,0.13,1.11111,55.0,1.80435,25.02125,7.4,1.02
8,13,4,2,11,4,1,0,1.0,0.0,11.0,56.0,56.0,1.0,0.0,2.0,0.13,1.11111,55.0,1.84239,25.08996,7.8,0.2
8,13,4,2,11,4,1,0,1.0,0.0,11.0,56.0,56.0,1.0,0.0,4.0,0.13,1.11111,55.0,1.8587,25.00167,7.8,0.11
8,13,4,2,11,4,1,0,1.0,0.0,11.0,56.0,56.0,1.0,0.0,6.0,0.13,1.11111,55.0,1.95109,23.99361,8.0,0.11
8,13,4,2,11,4,1,0,1.0,0.0,11.0,56.0,56.0,1.0,0.0,8.0,0.13,1.11111,55.0,2.11957,22.31769,8.0,0.06
8,13,4,2,11,4,1,0,1.0,0.0,11.0,56.0,56.0,1.0,0.0,12.0,0.13,1.11111,55.0,2.27717,21.13909,8.1,0.04
8,13,4,2,11,4,1,0,1.0,0.0,11.0,56.0,56.0,1.0,0.0,18.0,0.13,1.11111,55.0,2.42935,20.40002,8.2,0.02
3,5,4,27,11,4,1,0,1.0,0.0,25.0,25.0,25.0,0.0,0.0,0.0,0.03,0.82386,66.0,3.16471,17.0,5.8,21.2
3,5,4,24,13,4,1,0,1.0,0.0,25.0,25.0,25.0,0.0,0.0,2.22035,0.03,0.80596,66.0,2.80853,15.25751,6.53882,32.8
3,5,4,24,13,4,1,0,1.0,0.0,25.0,25.0,25.0,0.0,0.0,1.82166,0.03,0.80912,66.0,2.82069,15.25751,6.53882,12.6
3,5,4,24,13,4,1,0,1.0,0.0,25.0,25.0,25.0,0.0,0.0,1.42297,0.03,0.8123,66.0,2.82069,15.25751,6.22669,3.5
4,2,4,27,11,4,1,1,0.0,0.0,37.0,69.0,0.0,2.0,0.0,0.0,0.08,0.0,80.7,0.82,20.37805,7.78,11.4
4,2,4,2,11,4,1,1,0.0,0.0,37.0,69.0,0.0,2.0,0.0,3.0,0.08,0.0,80.7,0.9,22.76667,7.78,8.13793
4,2,4,28,11,4,1,1,0.0,0.0,37.0,69.0,0.0,2.0,0.0,4.0,0.08,0.0,80.7,0.95,19.47368,7.78,4.22508
4,2,4,28,0,4,1,1,0.0,0.0,37.0,69.0,0.0,2.0,0.0,3.0,0.08,0.0,80.7,0.83,22.13253,7.78,7.9278
10,13,4,27,11,4,1,0,1.0,0.0,4.0,35.0,35.0,0.0,0.0,0.0,0.06,0.3,69.2,2.04,18.4,8.23053,32.5
10,13,4,13,7,4,1,0,1.0,0.0,4.0,35.0,35.0,0.0,0.0,3.644,0.06,0.3,69.2,2.04,18.4,8.02421,14.5
10,13,4,31,9,4,1,0,1.0,0.0,4.0,35.0,35.0,0.0,0.0,3.644,0.06,0.3,69.2,2.04,18.4,7.96947,16.0
10,13,4,4,9,4,1,0,1.0,0.0,4.0,35.0,35.0,0.0,0.0,3.644,0.06,0.3,69.2,2.04,18.4,8.16316,13.3
10,13,4,13,9,4,1,0,1.0,0.0,4.0,35.0,35.0,0.0,0.0,0.97178,0.06,0.3,69.2,2.04,18.4,6.85368,5.9
10,13,4,27,11,4,1,0,1.0,0.0,6.0,30.0,30.0,0.0,0.0,0.0,0.12,2.56621,66.11478,1.94767,17.57895,7.25571,1.6
10,13,4,28,11,4,1,0,1.0,0.0,6.0,30.0,30.0,0.0,0.0,5.0,0.12,2.56621,62.64748,1.94767,24.11183,6.60761,1.184
10,13,4,28,11,4,1,0,1.0,0.0,6.0,30.0,30.0,0.0,0.0,10.0,0.12,2.56621,63.17,1.94767,21.84555,6.57182,0.864
10,13,4,28,11,4,1,0,1.0,0.0,6.0,30.0,30.0,0.0,0.0,20.0,0.12,2.56621,63.5,1.94767,16.32083,6.38097,0.688
10,13,4,28,11,4,1,0,1.0,0.0,6.0,30.0,30.0,0.0,0.0,1.0,0.12,2.56621,62.64625,1.94767,17.71373,7.07281,0.848
10,14,4,27,11,4,1,0,1.0,0.0,4.0,28.0,28.0,0.0,0.0,0.0,0.06,0.36,62.06,1.95,17.91,7.79826,13.18
10,14,4,4,11,4,1,0,1.0,0.0,4.0,28.0,28.0,0.0,0.0,10.0,0.06,0.36,58.69,1.96,18.23,7.89913,11.36
3,13,4,27,11,4,1,0,1.0,20.0,4.0,30.0,30.0,1.0,40.0,0.0,0.06,0.58662,53.59,1.1,32.46,7.72698,23.17
3,13,3,27,11,4,1,0,1.0,20.0,4.0,30.0,30.0,1.0,40.0,0.0,0.06,1.50942,59.43618,1.69475,22.83267,6.49706,14.5
3,13,4,16,11,4,1,0,1.0,20.0,4.0,30.0,30.0,1.0,40.0,2.54,0.06,0.5724,58.6187,1.72699,22.42524,6.82019,12.31
3,13,4,25,11,4,1,0,1.0,20.0,4.0,30.0,30.0,1.0,40.0,2.54,0.06,0.5724,58.6187,1.72699,22.42524,6.82019,20.84
10,13,4,27,11,4,1,2,0.0,0.0,7.0,26.0,0.0,2.0,0.0,0.0,1.2,0.0,65.0,1.69,22.46154,7.56,26.82
10,13,4,2,11,4,1,2,0.0,0.0,7.0,26.0,0.0,2.0,0.0,15.67944,1.2,0.0,65.0,1.51,24.96689,8.03,21.65
10,13,4,2,11,4,1,2,0.0,0.0,7.0,26.0,0.0,2.0,0.0,31.35889,1.2,0.0,65.0,1.41,26.48227,8.17,7.31
10,13,4,2,11,4,1,2,0.0,0.0,7.0,26.0,0.0,2.0,0.0,47.03833,1.2,0.0,65.0,1.35,29.88889,8.33,5.47
10,13,4,27,11,4,1,0,1.0,30.0,2.0,35.0,35.0,1.0,30.0,0.0,0.06,0.38,67.6,2.22446,17.4312,7.779,29.26
10,13,4,30,11,4,1,0,1.0,30.0,2.0,35.0,35.0,1.0,30.0,0.408,0.06,0.38,55.33,2.06768,14.83745,6.76537,16.11
10,13,4,6,11,4,1,0,1.0,30.0,2.0,35.0,35.0,1.0,30.0,0.408,0.06,0.38,57.52,2.16937,16.20429,8.01878,30.93
10,13,4,30,2,4,1,0,1.0,30.0,2.0,35.0,35.0,1.0,30.0,0.408,0.06,0.38,56.72,2.27531,13.97506,7.24492,16.12
10,13,4,27,11,4,1,0,1.0,0.0,5.0,28.0,28.0,0.0,0.0,0.0,0.06,0.48,57.54093,2.13,19.25,7.08396,24.95
10,13,4,13,11,4,1,0,1.0,0.0,5.0,28.0,28.0,0.0,0.0,2.44988,0.06,0.48,63.24471,2.14833,18.57007,6.59564,11.23
10,13,4,13,11,4,1,0,1.0,0.0,5.0,28.0,28.0,0.0,0.0,2.45195,0.06,0.48,62.78379,2.15,19.02743,6.76549,22.85
10,13,4,31,11,4,1,0,1.0,0.0,5.0,28.0,28.0,0.0,0.0,4.35435,0.06,0.48,61.44,2.16833,22.09865,8.34723,26.71
8,13,4,27,11,4,1,0,1.0,0.0,6.0,34.0,34.0,0.0,0.0,0.0,0.06,0.27211,65.0,2.52174,11.37,7.10852,31.52
8,13,4,4,11,4,1,0,1.0,0.0,6.0,34.0,34.0,0.0,0.0,10.0,0.06,0.26291,65.0,2.19286,11.37,7.8306,21.26
8,13,4,4,3,4,1,0,1.0,0.0,6.0,34.0,34.0,0.0,0.0,10.28571,0.06,0.26265,65.0,2.19286,11.37,7.8306,16.22
8,13,4,4,3,4,1,0,1.0,0.0,6.0,34.0,34.0,0.0,0.0,14.57143,0.06,0.2589,65.0,2.28217,11.37,7.64407,14.88
10,13,4,27,11,4,1,0,1.0,0.0,6.0,35.0,35.0,0.0,0.0,0.0,0.06,0.25,69.2,2.03653,18.43351,8.2,32.5
10,13,4,13,8,4,1,0,1.0,0.0,6.0,35.0,35.0,0.0,0.0,2.624,0.06,0.25,68.036,2.03653,18.43351,8.0,14.5
10,13,4,4,11,4,1,0,1.0,0.0,6.0,35.0,35.0,0.0,0.0,4.0,0.06,0.25,66.34009,2.03653,18.43351,7.25,20.3
10,13,4,13,11,4,1,0,1.0,0.0,6.0,35.0,35.0,0.0,0.0,4.13091,0.06,0.25,65.50009,2.03653,18.43351,6.75,12.4
7,13,4,27,11,4,1,0,1.0,0.0,9.0,50.0,15.3,0.0,12.0,0.0,0.1,0.40262,60.0,1.90778,31.0074,6.53,36.3
7,13,4,8,11,4,1,0,1.0,0.0,9.0,50.0,16.0,0.0,0.0,2.0,0.1,0.40262,60.0,1.84077,30.0553,6.85,33.2
7,13,4,8,11,4,1,0,1.0,0.0,9.0,50.0,9.3,0.0,0.0,4.0,0.1,0.35462,60.0,1.72135,30.3317,6.46,26.6
7,13,4,8,11,4,1,0,1.0,0.0,9.0,50.0,13.4,0.0,4.0,6.0,0.1,0.30662,60.0,1.77332,30.5467,6.52,20.4
7,13,4,8,11,4,1,0,1.0,0.0,9.0,50.0,12.0,0.0,8.0,8.0,0.1,0.53824,60.0,1.71804,31.0381,6.5,14.9
7,13,4,8,11,4,1,0,1.0,0.0,9.0,50.0,12.9,0.0,8.0,10.0,0.1,0.28162,60.0,1.73733,30.7924,6.55,10.7
10,13,4,27,11,4,1,0,1.0,0.0,9.0,50.0,50.0,0.0,0.0,0.0,0.1,0.3,55.0,2.084,25.0,7.74382,2.49315
10,13,4,2,11,4,1,0,1.0,0.0,9.0,50.0,50.0,0.0,0.0,10.0,0.1,0.3,61.55,2.02738,21.32812,8.21499,1.56621
10,13,4,2,15,4,1,0,1.0,0.0,9.0,50.0,50.0,0.0,0.0,20.0,0.1,0.3,63.47,2.27035,19.30474,8.13921,0.86301
10,13,4,2,15,5,1,0,1.0,0.0,9.0,50.0,50.0,0.0,0.0,20.5,0.1,0.3,63.47,2.25157,19.30474,8.0173,0.83105
10,13,4,2,15,5,1,0,1.0,0.0,9.0,50.0,50.0,0.0,0.0,21.0,0.1,0.3,65.6,2.22972,20.24298,7.84926,0.67656
10,13,4,2,15,5,1,0,1.0,0.0,9.0,50.0,50.0,0.0,0.0,22.0,0.1,0.3,63.18,2.06596,19.96907,7.82949,0.58067
8,8,4,27,11,4,1,0,1.0,0.0,7.0,34.0,34.0,0.0,0.0,0.0,0.005,0.03367,67.6,1.46,33.5,6.1,8.7
8,8,4,24,13,4,1,0,1.0,0.0,7.0,34.0,34.0,0.0,0.0,7.73359,0.005,0.03367,67.3,1.22,33.52459,7.65,7.87
8,8,4,14,13,4,1,0,1.0,0.0,7.0,34.0,34.0,0.0,0.0,7.12828,0.005,0.03367,66.8,1.24,33.1129,6.7,6.6
8,8,4,24,13,4,1,0,1.0,0.0,7.0,34.0,34.0,0.0,0.0,6.05043,0.005,0.03367,66.0,1.32,31.5303,6.43,3.5
7,13,4,27,11,4,1,0,1.0,0.0,13.0,91.0,33.6,0.0,0.0,0.0,0.25,0.6072,60.0,1.99,20.0,7.99441,12.9281
7,13,4,2,11,4,1,0,1.0,0.0,13.0,91.0,33.6,0.0,0.0,12.5,0.25,0.62702,60.0,2.02,20.0,7.90629,9.06668
7,13,4,12,11,4,1,0,1.0,0.0,13.0,91.0,28.0,0.0,0.0,12.5,0.25,0.51591,60.0,1.93,20.0,7.55385,4.30644
7,13,4,2,5,4,1,0,1.0,0.0,13.0,91.0,68.6,0.0,0.0,25.0,0.25,0.85135,60.0,1.96,20.0,7.45315,2.61249
7,13,4,27,11,4,1,0,1.0,0.0,13.0,91.0,27.4,0.0,0.0,0.0,0.25,0.4348,60.0,7.87,25.0,7.61678,10.7421
7,13,4,2,11,4,1,0,1.0,0.0,13.0,91.0,32.4,0.0,0.0,12.5,0.25,0.4648,60.0,1.78,25.0,7.67972,7.72635
7,13,4,12,11,4,1,0,1.0,0.0,13.0,91.0,32.4,0.0,0.0,12.5,0.25,0.4648,60.0,1.82,25.0,7.17622,3.65344
7,13,4,2,5,4,1,0,1.0,0.0,13.0,91.0,73.6,0.0,0.0,25.0,0.25,0.88135,60.0,1.76,25.0,7.26434,2.32943
7,13,4,27,11,4,1,0,1.0,0.0,13.0,91.0,33.6,0.0,0.0,0.0,0.25,0.6072,60.0,1.67,30.0,7.55385,7.81575
7,13,4,2,11,4,1,0,1.0,0.0,13.0,91.0,40.8,0.0,0.0,12.5,0.25,0.5348,60.0,1.63,30.0,7.5035,4.11289
7,13,4,12,11,4,1,0,1.0,0.0,13.0,91.0,30.8,0.0,0.0,12.5,0.25,0.4748,60.0,1.7,30.0,7.15105,3.05309
7,13,4,2,5,4,1,0,1.0,0.0,13.0,91.0,73.6,0.0,0.0,25.0,0.25,0.88135,60.0,1.52,30.0,7.12587,2.04637
0,5,4,27,11,4,1,0,1.0,0.0,1.0,100.0,100.0,0.0,0.0,0.0,0.00025,17.85714,50.0,1.52,23.45395,8.3,23.37209
0,5,4,30,11,4,1,0,1.0,0.0,1.0,100.0,100.0,0.0,0.0,50.0,0.00025,11.90476,50.0,1.04,22.89423,7.2,14.48837
0,5,4,38,11,4,1,0,1.0,0.0,1.0,100.0,100.0,0.0,0.0,50.0,0.00025,11.90476,50.0,1.02,23.34314,8.3,16.25581
0,5,4,30,15,4,1,0,1.0,0.0,1.0,100.0,100.0,0.0,0.0,50.0,0.00025,11.90476,50.0,1.03,23.1165,7.5,19.37209
0,13,4,27,11,4,1,0,1.0,0.0,1.0,100.0,100.0,0.0,0.0,0.0,0.00025,8.92857,50.0,1.0,37.16,8.2,9.98214
0,13,4,30,11,4,1,0,1.0,0.0,1.0,100.0,100.0,0.0,0.0,25.0,0.00025,7.14286,50.0,0.82,36.2561,7.0,13.01724
0,13,4,38,11,4,1,0,1.0,0.0,1.0,100.0,100.0,0.0,0.0,25.0,0.00025,7.14286,50.0,0.8,37.1625,8.0,11.78571
0,13,4,30,15,4,1,0,1.0,0.0,1.0,100.0,100.0,0.0,0.0,25.0,0.00025,7.14286,50.0,0.81,36.7037,7.3,10.94737
0,8,4,27,11,4,1,0,1.0,0.0,1.0,100.0,100.0,0.0,0.0,0.0,0.00025,8.92857,50.0,0.85,47.54118,7.7,6.04167
0,8,4,30,11,4,1,0,1.0,0.0,1.0,100.0,100.0,0.0,0.0,25.0,0.00025,7.14286,50.0,0.7,46.18571,6.7,14.4898
0,8,4,38,11,4,1,0,1.0,0.0,1.0,100.0,100.0,0.0,0.0,25.0,0.00025,7.14286,50.0,0.68,47.54412,7.6,10.1875
0,8,4,30,15,4,1,0,1.0,0.0,1.0,100.0,100.0,0.0,0.0,25.0,0.00025,7.14286,50.0,0.69,46.85507,6.9,16.33333
1,5,4,27,11,4,1,0,1.0,0.0,0.0,28.0,28.0,0.0,0.0,0.0,0.01,0.28,69.0,3.7,11.0,6.31576,12.68381
1,6,4,27,11,4,1,0,1.0,0.0,0.0,28.0,28.0,0.0,0.0,0.0,0.01,0.28,63.0,3.7,11.0,5.54199,12.08819
1,6,4,27,11,4,1,0,1.0,0.0,0.0,28.0,28.0,0.0,0.0,0.0,0.01,0.28,66.0,3.7,11.0,5.8684,12.98188
1,8,4,27,11,4,1,0,1.0,0.0,0.0,28.0,28.0,0.0,0.0,0.0,0.01,0.28,65.0,2.85034,14.7,5.83974,10.27237
1,8,4,27,11,4,1,0,1.0,0.0,0.0,28.0,28.0,0.0,0.0,0.0,0.01,0.28,67.0,3.2093,12.9,5.8684,10.55777
1,5,4,2,11,4,1,0,1.0,0.0,0.0,28.0,28.0,0.0,0.0,25.0,0.01,0.28,65.0,2.93413,16.7,7.65398,9.08721
1,5,4,2,11,4,1,0,1.0,0.0,0.0,28.0,28.0,0.0,0.0,14.28571,0.01,0.28,67.0,3.24286,14.0,7.69448,9.48959
1,13,4,27,11,4,1,0,1.0,0.0,0.0,28.0,28.0,0.0,0.0,0.0,0.01,0.28,65.0,2.95714,14.0,5.85211,9.09293
1,2,4,27,11,4,1,0,1.0,0.0,0.0,28.0,28.0,0.0,0.0,0.0,0.01,0.28,65.0,3.34711,12.1,5.54199,11.69221
10,13,4,27,11,4,1,0,1.0,0.0,4.0,37.0,37.0,0.0,0.0,0.0,0.06,0.24,64.1,2.36,14.7,8.6,13.9
10,13,4,27,11,4,1,0,1.0,0.0,4.0,37.0,37.0,0.0,0.0,0.0,0.06,0.48,65.2,2.08,18.3,8.5,18.7
10,13,4,27,11,4,1,0,1.0,0.0,4.0,37.0,37.0,0.0,0.0,0.0,0.06,0.72,63.7,1.9,20.7,8.3,20.6
10,13,4,27,11,4,1,0,1.0,0.0,4.0,37.0,37.0,0.0,0.0,0.0,0.06,0.24,71.3,2.06,18.4,8.5,12.7
10,13,4,27,11,4,1,0,1.0,0.0,4.0,37.0,37.0,0.0,0.0,0.0,0.06,0.48,70.6,1.9,21.1,8.3,16.9
10,13,4,27,11,4,1,0,1.0,0.0,4.0,37.0,37.0,0.0,0.0,0.0,0.06,0.72,70.8,2.35,15.0,8.7,32.4
10,13,4,27,11,4,1,0,1.0,0.0,4.0,37.0,37.0,0.0,0.0,0.0,0.06,0.24,75.7,1.93,21.2,8.4,9.6
10,13,4,27,11,4,1,0,1.0,0.0,4.0,37.0,37.0,0.0,0.0,0.0,0.06,0.48,76.8,2.37,14.9,8.6,27.7
10,13,4,27,11,4,1,0,1.0,0.0,4.0,37.0,37.0,0.0,0.0,0.0,0.06,0.72,74.0,2.09,18.0,8.6,24.9
0,5,4,27,11,4,1,1,1.0,0.0,0.0,21.0,21.0,2.0,0.0,0.0,0.093,0.0,71.66,2.12293,16.55435,9.19,5.37
0,5,4,27,11,4,1,1,1.0,0.0,0.0,21.0,21.0,2.0,0.0,0.0,0.462,0.0,69.89,2.03693,16.936,8.49,2.589
10,13,4,27,11,4,1,0,1.0,0.0,1.0,31.0,30.0,0.0,0.0,2.1224,0.95,0.312,69.47,2.57,13.16342,7.13,23.81
0,8,4,27,11,4,1,0,1.0,0.0,9.0,35.0,35.0,0.0,0.0,0.0,0.1559,0.85624,66.03,1.817,21.96203,7.51926,12.59
0,8,4,27,11,4,1,0,1.0,0.0,9.0,35.0,35.0,0.0,0.0,0.0,0.2984,0.85624,65.69,1.813,21.51131,7.51926,16.16
0,8,4,27,11,4,1,0,1.0,0.0,9.0,35.0,35.0,0.0,0.0,0.0,0.5697,0.85624,66.14,1.796,21.64477,7.51926,17.44
10,13,4,27,11,4,1,1,0.0,0.0,10.0,70.0,0.0,2.0,0.0,0.0,1.2,0.0,64.0,2.22,17.4,7.4,29.5
10,13,4,27,11,4,1,1,1.0,0.0,10.0,70.0,0.0,2.0,0.0,0.0,1.2,0.0,64.0,2.22,17.4,7.4,26.6
10,13,4,27,11,4,1,1,0.0,0.0,5.0,70.0,0.0,2.0,0.0,0.0,1.2,0.0,64.0,2.22,17.4,7.4,27.9
10,13,4,27,11,4,1,1,1.0,0.0,5.0,70.0,0.0,2.0,0.0,0.0,1.2,0.0,64.0,2.22,17.4,7.4,23.7
10,13,4,27,11,4,1,1,0.0,0.0,0.0,70.0,0.0,2.0,0.0,0.0,1.2,0.0,64.0,2.22,17.4,7.4,12.8
10,13,4,27,11,4,1,1,1.0,0.0,0.0,70.0,0.0,2.0,0.0,0.0,1.2,0.0,64.0,2.22,17.4,7.4,10.3
10,0,4,27,11,4,1,2,0.0,0.0,7.0,55.0,0.0,2.0,0.0,0.0,11.25,0.0,60.04,1.998,15.39,6.54,4.51
10,0,4,27,11,4,1,2,0.0,0.0,15.0,55.0,0.0,2.0,0.0,0.0,11.25,0.0,60.04,1.998,15.39,6.54,2.502
8,0,4,27,11,4,1,2,0.0,0.0,12.0,30.0,0.0,2.0,0.0,0.0,140.0,0.0,64.83,2.664,7.73,8.25,4.44
8,0,4,27,11,4,1,2,0.0,240.0,6.0,16.0,16.0,1.0,1200.0,0.0,202.5,0.456,57.48,2.313,8.54,8.22,2.18
8,13,4,27,11,4,1,0,1.0,0.0,5.0,35.0,35.0,0.0,0.0,0.0,0.06,0.2,72.1,2.68,11.37,7.78,21.16
10,13,4,27,11,4,1,0,1.0,0.0,7.0,56.0,0.0,2.0,0.0,0.0,1.2,0.0,67.6,2.03974,18.98238,7.56254,35.7
10,13,4,4,11,4,1,0,1.0,0.0,7.0,56.0,0.0,2.0,0.0,3.3,1.2,0.0,67.6,2.03974,18.98238,7.56254,27.4
10,13,4,4,11,4,1,0,1.0,0.0,7.0,56.0,0.0,2.0,0.0,6.6,1.2,0.0,67.6,2.03974,18.98238,7.56454,20.7
10,13,4,4,11,4,1,0,1.0,0.0,7.0,56.0,0.0,2.0,0.0,9.9,1.2,0.0,67.6,2.03974,18.98238,7.59995,15.7
10,13,4,4,11,4,1,0,1.0,0.0,7.0,56.0,0.0,2.0,0.0,13.2,1.2,0.0,67.6,2.03974,18.98238,7.46075,12.9
7,13,4,27,11,4,1,0,1.0,0.0,9.0,28.0,0.0,2.0,0.0,0.0,0.13,0.0,61.4561,1.667,30.8801,6.54514,36.3
7,13,4,8,11,4,1,0,1.0,0.0,9.0,28.0,0.0,2.0,0.0,2.0,0.13,0.0,60.661,1.668,30.0375,6.85143,33.2
7,13,4,8,11,4,1,0,1.0,0.0,9.0,28.0,0.0,2.0,0.0,4.0,0.13,0.0,59.7109,1.613,30.3496,6.44457,26.6
7,13,4,8,11,4,1,0,1.0,0.0,9.0,28.0,0.0,2.0,0.0,6.0,0.13,0.0,60.4548,1.562,30.568,6.54057,20.4
7,13,4,8,11,4,1,0,1.0,0.0,9.0,28.0,0.0,2.0,0.0,8.0,0.13,0.0,60.0684,1.563,30.8801,6.49486,14.9
7,13,4,8,11,4,1,0,1.0,0.0,9.0,28.0,0.0,2.0,0.0,10.0,0.13,0.0,59.4546,1.555,31.0362,6.55429,10.7
0,13,4,27,11,4,1,1,0.0,0.0,12.0,64.0,0.0,2.0,0.0,0.0,1.0,0.0,74.0,2.23336,23.79619,7.9,8.12
0,13,4,27,11,4,1,1,1.0,0.0,12.0,64.0,0.0,2.0,0.0,0.0,1.0,0.0,74.0,2.28344,23.79619,7.9,7.47
0,13,4,27,11,4,1,1,1.0,0.0,12.0,64.0,0.0,2.0,0.0,0.0,1.0,0.0,74.0,2.23179,23.79619,7.9,16.56
0,13,4,27,11,4,1,1,1.0,0.0,12.0,64.0,64.0,0.0,0.0,0.0,1.0,1.157,74.0,2.11755,19.62,7.9,22.51
7,13,2,27,11,4,1,0,1.0,30.0,0.0,25.0,25.0,1.0,30.0,0.0,0.06,0.08242,60.0,2.23049,19.76844,6.99231,0.04311
7,13,2,27,11,4,1,0,1.0,30.0,0.0,25.0,25.0,1.0,30.0,0.0,0.06,0.82645,60.0,2.2314,20.12346,7.1,10.75926
7,13,2,27,11,4,1,0,1.0,30.0,0.0,25.0,25.0,1.0,30.0,0.0,0.06,1.64384,60.0,2.23068,20.01965,6.9,19.90911
10,5,4,27,11,4,1,1,0.0,0.0,0.0,74.1,0.0,2.0,0.0,0.0,0.4,0.0,77.53,1.67264,6.53,6.2,2.6
10,0,4,27,11,4,1,1,0.0,0.0,0.0,81.2,0.0,2.0,0.0,0.0,0.4,0.0,66.71,2.28152,6.81,7.01,1.2
10,0,4,27,11,4,1,1,0.0,0.0,0.0,70.9,0.0,2.0,0.0,0.0,0.4,0.0,66.36,2.13197,9.22,7.41,0.55
10,0,4,27,11,4,1,1,0.0,0.0,0.0,65.0,0.0,2.0,0.0,0.0,14.35221,0.0,67.68,2.05837,7.35,7.59,0.15
10,0,4,27,11,4,1,1,0.0,0.0,0.0,65.0,0.0,2.0,0.0,0.0,14.35221,0.0,66.26,2.0134,7.24,8.04,0.25
8,8,4,27,11,4,1,0,1.0,0.0,0.0,50.0,50.0,0.0,0.0,0.0,0.03,0.22286,72.13,2.21,19.11,5.67,19.05908
8,13,4,27,11,4,1,0,1.0,0.0,0.0,50.0,50.0,0.0,0.0,0.0,0.03,0.20526,69.74,2.93,13.27,7.56,13.69849
8,4,4,27,11,4,1,0,1.0,0.0,0.0,50.0,50.0,0.0,0.0,0.0,0.03,0.21455,71.05,3.48,13.56,8.08,11.68199
10,13,4,27,11,4,1,0,1.0,30.0,2.0,28.0,28.0,1.0,30.0,0.0,0.07122,0.8589,60.0,2.6237,15.04166,7.26949,18.35
10,13,4,27,11,4,1,0,1.0,30.0,2.0,28.0,28.0,1.0,30.0,0.0,0.07122,0.92562,60.0,1.99111,19.96354,7.41759,20.72
10,13,4,27,11,4,1,0,1.0,30.0,2.0,28.0,28.0,1.0,30.0,0.0,0.07122,0.90323,60.0,1.60222,24.98683,6.59754,25.05
10,13,4,27,11,4,1,0,1.0,30.0,2.0,28.0,28.0,1.0,30.0,0.0,0.07122,0.90909,60.0,1.32741,30.22585,6.54039,25.95
2,5,4,27,11,4,1,0,1.0,60.0,4.0,28.0,28.0,1.0,30.0,0.0,0.06,1.20727,66.9,1.5,25.0,5.75,34.9
2,0,4,27,11,4,1,0,1.0,60.0,4.0,28.0,28.0,1.0,30.0,0.0,0.06,0.96434,58.6,1.7,20.9,5.36,18.2
2,0,4,27,11,4,1,0,1.0,60.0,4.0,28.0,28.0,1.0,30.0,0.0,0.06,0.85547,53.1,1.9,18.7,5.13,6.5
2,0,4,27,11,4,1,0,1.0,60.0,4.0,28.0,28.0,1.0,30.0,0.0,0.06,0.76023,47.5,2.0,16.8,5.04,1.4
0,5,4,27,11,4,1,2,0.0,0.0,0.0,287.0,0.0,2.0,0.0,0.0,0.04906,0.0,80.89,2.516,18.15183,7.47,16.06
0,5,4,27,11,4,1,2,0.0,0.0,0.0,287.0,0.0,2.0,0.0,0.0,0.09813,0.0,80.82,2.83,16.16184,7.42,7.55
7,8,4,27,11,4,1,0,1.0,0.0,0.0,50.0,50.0,0.0,0.0,0.0,0.02,0.2,73.67,3.12,9.89,8.04,13.53
10,5,4,27,11,4,1,1,0.0,0.0,18.0,65.0,0.0,2.0,0.0,0.0,0.50221,0.0,80.3,2.204,15.4,7.6,35.57169
10,13,4,27,11,4,1,1,0.0,0.0,18.0,65.0,0.0,2.0,0.0,0.0,0.806,0.0,70.4,1.783,28.3,7.38,27.93045
10,13,4,27,11,4,1,1,0.0,0.0,18.0,65.0,0.0,2.0,0.0,0.0,0.786,0.0,71.6,1.828,30.2,7.42,25.76586
10,0,4,27,11,4,1,1,0.0,0.0,18.0,65.0,0.0,2.0,0.0,0.0,0.826,0.0,70.1,1.841,24.7,7.42,11.02662
0,13,4,27,11,4,1,2,0.0,0.0,1.0,88.0,0.0,2.0,0.0,0.0,10.0,0.0,72.5,1.86,24.8,7.63024,11.0
0,13,4,27,11,4,1,2,0.0,0.0,1.0,88.0,0.0,2.0,0.0,0.0,10.0,0.0,72.5,1.86,24.8,7.63024,17.0
0,13,4,27,11,4,1,2,0.0,0.0,3.0,88.0,0.0,2.0,0.0,0.0,10.0,0.0,72.5,1.86,24.8,7.67371,51.0
0,13,4,27,11,4,1,2,0.0,0.0,3.0,88.0,0.0,2.0,0.0,0.0,10.0,0.0,72.5,1.86,24.8,7.67371,18.0
0,13,4,27,11,4,1,2,0.0,0.0,0.0,85.0,0.0,2.0,0.0,0.0,10.0,0.0,74.8,1.96,22.3,7.722,1.0
0,13,4,27,11,4,1,2,0.0,0.0,1.0,85.0,0.0,2.0,0.0,0.0,10.0,0.0,74.8,1.96,22.3,7.63024,2.0
0,13,4,27,11,4,1,2,0.0,0.0,3.0,85.0,0.0,2.0,0.0,0.0,10.0,0.0,74.8,1.96,22.3,7.75571,2.0
8,0,4,27,11,4,1,1,0.0,40.0,5.0,37.0,37.0,1.0,20.0,0.0,1.0,0.45609,65.0,1.227,25.0,8.3245,19.13405
8,0,4,2,11,4,1,1,0.0,40.0,5.0,37.0,37.0,1.0,20.0,5.0,1.0,0.31673,65.0,1.227,25.0,8.64669,14.06262
8,0,4,2,11,4,1,1,0.0,40.0,5.0,37.0,37.0,1.0,20.0,10.0,1.0,0.46528,65.0,1.227,25.0,7.25835,16.01476
0,13,4,37,11,4,1,2,0.0,0.0,14.0,51.0,0.0,2.0,0.0,5.7,0.258,0.0,65.0,1.66572,15.0,7.69492,9.74576
0,13,4,27,11,4,1,2,0.0,0.0,14.0,51.0,0.0,2.0,0.0,0.0,0.762,0.0,65.0,1.60453,20.0,7.73729,6.61589
0,13,4,27,11,4,1,2,0.0,0.0,14.0,51.0,0.0,2.0,0.0,0.0,0.648,0.0,65.0,1.58074,25.0,7.59322,4.66473
0,13,4,27,11,4,1,2,0.0,0.0,14.0,51.0,0.0,2.0,0.0,0.0,0.541,0.0,65.0,1.51445,30.0,7.37288,4.133
0,13,4,27,11,4,1,2,0.0,0.0,14.0,51.0,0.0,2.0,0.0,0.0,0.224,0.0,65.0,1.39037,35.0,7.26271,3.11185
8,0,4,27,11,4,1,1,0.0,40.0,0.0,26.0,26.0,1.0,20.0,0.0,1.3,0.96402,70.0,1.13,20.42,7.8,11.57481
8,0,4,27,11,4,1,1,0.0,40.0,0.0,26.0,26.0,1.0,20.0,0.0,1.3,0.96402,70.0,1.13,20.42,7.8,14.23691
8,0,4,27,11,4,1,1,0.0,40.0,0.0,26.0,26.0,1.0,20.0,0.0,1.3,0.96402,70.0,1.13,20.42,7.8,18.31547
8,8,9,16,11,4,1,0,1.0,0.0,0.0,22.0,22.0,0.0,0.0,0.0,0.002,0.66071,63.453,2.29,11.67616,5.45847,18.382
8,8,4,16,11,4,1,0,1.0,0.0,0.0,22.0,22.0,0.0,0.0,0.0,0.002,0.61261,62.8218,2.46,10.8911,5.22591,18.095
8,8,9,27,11,4,1,0,1.0,0.0,0.0,22.0,22.0,0.0,0.0,0.0,0.002,0.62761,63.5272,2.39,11.37506,7.51163,28.3484
8,8,4,16,11,4,1,0,1.0,0.0,0.0,22.0,22.0,0.0,0.0,0.0,0.002,0.59832,61.745,2.26,12.39416,5.30565,20.6739
8,8,9,16,11,4,1,0,1.0,0.0,0.0,22.0,22.0,0.0,0.0,0.0,0.002,0.74041,62.5248,2.29,12.03611,6.14286,13.8777
8,8,4,27,11,4,1,0,1.0,0.0,0.0,22.0,22.0,0.0,0.0,0.0,0.002,0.62761,62.0792,2.46,9.48508,7.63123,29.4174
8,13,4,27,11,4,1,0,1.0,0.0,0.0,22.0,22.0,0.0,0.0,0.0,0.002,0.87469,60.3523,2.14,12.19238,7.02381,22.7325
8,13,4,16,11,4,1,0,1.0,0.0,0.0,22.0,22.0,0.0,0.0,0.0,0.002,0.95861,61.1092,2.12,12.4725,6.67262,20.3273
8,13,4,16,11,4,1,0,1.0,0.0,0.0,22.0,22.0,0.0,0.0,0.0,0.002,0.8968,62.0116,2.25,12.03702,6.2619,17.2198
8,13,4,16,11,4,1,0,1.0,0.0,0.0,22.0,22.0,0.0,0.0,0.0,0.002,0.74041,62.5648,2.36,11.47597,6.15476,11.7777
8,0,4,16,11,4,1,0,1.0,0.0,0.0,22.0,22.0,0.0,0.0,0.0,0.002,0.74041,61.575,2.17,12.56143,5.63095,14.7074
8,8,4,27,11,4,1,0,1.0,0.0,0.0,22.0,22.0,0.0,0.0,0.0,0.002,0.9373,63.1761,2.31,9.94831,7.07143,29.8424
8,13,4,16,11,4,1,0,1.0,0.0,0.0,22.0,22.0,0.0,0.0,0.0,0.002,0.80356,57.5744,2.0,13.48335,6.53433,9.1448
8,13,4,16,11,4,1,0,1.0,0.0,0.0,22.0,22.0,0.0,0.0,0.0,0.002,0.96002,61.183,2.03,11.29719,7.32836,7.9158
8,13,4,16,11,4,1,0,1.0,0.0,0.0,22.0,22.0,0.0,0.0,0.0,0.002,0.86688,60.5878,2.24,10.25299,7.3806,5.0544
8,13,4,16,11,4,1,0,1.0,0.0,0.0,22.0,22.0,0.0,0.0,0.0,0.002,0.81956,59.9182,2.15,10.58916,7.26045,14.8176
8,13,4,16,11,4,1,0,1.0,0.0,0.0,22.0,22.0,0.0,0.0,0.0,0.002,0.90011,61.0342,2.21,10.28656,7.30224,23.2875
8,8,4,27,11,4,1,0,1.0,120.0,0.0,20.0,20.0,1.0,60.0,0.0,0.004,1.06197,71.2,2.46,16.4,7.43,2.66375
8,8,4,24,11,4,1,0,1.0,120.0,0.0,20.0,20.0,1.0,60.0,3.97507,0.004,0.59607,69.1,2.74,12.5,7.19,1.57823
8,8,4,24,13,4,1,0,1.0,120.0,0.0,20.0,20.0,1.0,60.0,4.22027,0.004,0.63607,69.8,2.52,13.8,7.1,1.86471
8,8,4,31,11,4,1,0,1.0,120.0,0.0,20.0,20.0,1.0,60.0,3.97507,0.004,0.66339,70.0,2.62,13.3,7.45,3.84607
10,13,4,27,11,4,1,2,1.0,0.0,0.0,56.0,56.0,0.0,0.0,0.0,1.37,0.108,69.4,1.37255,29.0,8.8,16.5
10,13,4,37,11,4,1,2,1.0,0.0,0.0,56.0,56.0,0.0,0.0,1.7301,1.37,0.108,71.1,1.6609,24.7,9.1,27.5
10,13,4,37,11,4,1,2,1.0,0.0,0.0,56.0,56.0,0.0,0.0,1.38889,1.37,0.108,71.2,2.39583,17.6,8.8,38.7
10,13,4,37,11,4,1,2,1.0,0.0,0.0,56.0,56.0,0.0,0.0,3.7037,1.37,0.108,67.6,2.19136,19.0,9.0,48.9
10,13,4,37,11,4,1,2,1.0,0.0,0.0,56.0,56.0,0.0,0.0,0.32468,1.37,0.108,69.2,2.33766,19.5,8.6,36.2
10,8,9,37,11,4,1,2,1.0,0.0,0.0,56.0,56.0,0.0,0.0,2.06897,1.37,0.108,71.0,2.31034,21.2,9.2,47.9
10,13,4,16,11,4,1,2,1.0,0.0,0.0,56.0,56.0,0.0,0.0,0.0,1.37,0.108,70.3,2.22222,19.6,7.5,24.8
10,8,9,37,11,4,1,2,1.0,0.0,0.0,56.0,56.0,0.0,0.0,2.83688,1.18,0.108,71.8,2.30496,19.5,8.4,24.9
10,5,4,27,11,4,1,0,1.0,0.0,2.0,31.6,31.6,0.0,0.0,0.0,0.3,0.06349,68.5,3.94,9.78122,6.52034,4.37643
7,5,4,27,11,4,1,0,1.0,0.0,2.0,31.6,31.6,0.0,0.0,0.0,0.3,0.07479,68.8,5.088,7.99509,6.42936,10.20627
1,5,4,27,11,4,1,0,1.0,0.0,2.0,30.9,30.9,0.0,0.0,0.0,0.3,0.13333,62.5,3.59,9.00195,6.69721,0.31793
3,8,4,27,11,4,1,0,1.0,0.0,2.0,31.7,31.7,0.0,0.0,0.0,0.3,0.17423,49.3,3.303,15.85104,6.46264,0.01038
3,8,4,27,11,4,1,0,1.0,0.0,2.0,31.7,31.7,0.0,0.0,0.0,0.3,0.14742,59.3,3.253,15.62558,6.46264,0.00975
3,8,4,27,11,4,1,0,1.0,0.0,2.0,30.9,30.9,0.0,0.0,0.0,0.3,0.13839,44.6,2.079,22.83357,7.18537,0.09463
1,8,4,27,11,4,1,0,1.0,0.0,2.0,31.6,31.6,0.0,0.0,0.0,0.3,0.10315,69.3,4.346,10.15002,6.89681,0.5021
1,8,4,27,11,4,1,0,1.0,0.0,2.0,31.7,31.7,0.0,0.0,0.0,0.3,0.04877,41.9,1.588,21.21348,6.61512,0.00133
5,5,4,27,11,4,1,0,1.0,0.0,2.0,30.7,30.7,0.0,0.0,0.0,0.3,0.09,50.0,2.239,19.34033,7.92022,0.04284
5,5,4,27,11,4,1,0,1.0,0.0,2.0,30.8,30.8,0.0,0.0,0.0,0.3,0.14399,53.7,1.455,21.86667,6.50432,0.21616
8,5,4,27,11,4,1,0,1.0,0.0,2.0,30.9,30.9,0.0,0.0,0.0,0.3,0.16469,49.4,8.502,4.89179,6.89681,2.09466
1,5,4,27,11,4,1,0,1.0,0.0,2.0,31.6,31.6,0.0,0.0,0.0,0.3,0.1738,62.6,6.956,5.22225,6.46151,0.53156
6,8,4,27,11,4,1,0,1.0,0.0,2.0,30.7,30.7,0.0,0.0,0.0,0.3,0.17962,60.1,1.797,21.78854,6.80145,0.7338
6,8,4,27,11,4,1,0,1.0,0.0,2.0,30.8,30.8,0.0,0.0,0.0,0.3,0.16436,35.1,1.521,24.6956,6.69034,0.00779
1,8,4,27,11,4,1,0,1.0,0.0,2.0,30.8,30.8,0.0,0.0,0.0,0.3,0.07656,43.4,2.098,15.42469,7.18537,0.07871
0,5,4,27,11,4,1,0,1.0,0.0,11.0,66.0,66.0,0.0,0.0,0.0,0.028,0.4,72.7,1.9,18.0,8.15,23.7467
0,5,4,27,11,4,1,0,1.0,0.0,11.0,66.0,66.0,0.0,0.0,0.0,0.028,0.4,71.7,1.92,18.0,8.483,20.78947
0,5,4,27,11,4,1,0,1.0,0.0,11.0,66.0,66.0,0.0,0.0,0.0,0.028,0.2,71.7,1.92,18.0,8.483,17.63158
0,8,4,27,11,4,1,0,1.0,0.0,11.0,66.0,66.0,0.0,0.0,0.0,0.028,0.2,68.8,1.76,22.0,8.573,11.45833
0,8,4,27,11,4,1,0,1.0,0.0,11.0,66.0,66.0,0.0,0.0,0.0,0.028,0.2,69.5,1.55,26.0,8.573,9.36556
0,8,4,27,11,4,1,0,1.0,0.0,11.0,66.0,66.0,0.0,0.0,0.0,0.028,0.2,67.3,1.33,29.0,8.47642,13.15789
0,5,4,27,11,4,1,0,1.0,0.0,11.0,66.0,66.0,0.0,0.0,0.0,0.028,0.2,71.8,1.92,18.0,8.43,18.99736
0,13,4,27,11,4,1,1,0.0,0.0,0.0,64.0,0.0,2.0,0.0,0.0,1.1,0.0,74.27405,2.04892,23.79619,7.9,8.84253
0,13,4,27,11,4,1,1,1.0,0.0,0.0,64.0,0.0,2.0,0.0,0.0,1.1,0.0,74.27405,2.04892,23.79619,7.9,8.03866
0,13,4,27,11,4,1,1,1.0,0.0,12.0,64.0,0.0,2.0,0.0,0.0,1.1,0.0,74.27405,2.04892,23.79619,7.9,17.68506
0,13,4,27,11,4,1,1,1.0,1410.0,12.0,64.0,64.0,1.0,30.0,0.0,1.1,2.5,74.27405,2.04892,19.62,7.9,24.11599
7,13,4,27,11,4,1,0,1.0,720.0,4.0,30.0,30.0,1.0,10.0,0.0,0.1,0.00833,60.0,0.77987,41.11596,7.7987,8.8
7,13,4,7,11,4,1,0,1.0,720.0,4.0,30.0,30.0,1.0,10.0,10.0,0.1,0.00833,60.0,0.78831,38.25338,7.88312,8.6
7,13,4,2,11,4,1,0,1.0,720.0,4.0,30.0,30.0,1.0,10.0,10.0,0.1,0.00833,60.0,0.77338,42.9974,7.73377,6.4
0,13,4,27,11,4,1,0,1.0,0.0,0.0,20.0,20.0,0.0,0.0,0.0,0.06,0.21,60.22,1.45,29.35,7.53,17.2859
0,13,4,27,11,4,1,0,1.0,10.0,0.0,20.0,20.0,1.0,10.0,0.0,0.06,0.42,60.22,1.45,29.35,7.53,13.0478
0,13,4,27,11,4,1,0,1.0,15.0,0.0,20.0,20.0,1.0,5.0,0.0,0.06,0.84,60.22,1.45,29.35,7.53,13.9488
10,13,4,27,11,4,1,0,1.0,0.0,9.0,56.0,0.0,2.0,0.0,0.0,0.1,0.0,68.29741,1.66749,24.8781,7.59534,20.65
10,13,4,28,11,4,1,0,1.0,0.0,9.0,56.0,0.0,2.0,0.0,15.0,0.1,0.0,63.22546,1.80593,22.8873,7.37998,28.11
10,13,4,2,11,4,1,0,1.0,0.0,9.0,56.0,0.0,2.0,0.0,10.0,0.1,0.0,62.77778,1.57849,26.366,6.77892,13.86
10,13,4,2,12,4,1,0,1.0,0.0,9.0,56.0,0.0,2.0,0.0,25.0,0.1,0.0,63.276,1.71941,24.4799,7.74953,19.21
0,5,4,27,11,4,1,0,1.0,0.0,0.0,21.0,21.0,0.0,0.0,0.0,0.06,0.21,55.0,2.34,11.5,7.26,14.75511
0,5,4,17,11,4,1,0,1.0,0.0,0.0,21.0,21.0,0.0,0.0,20.0,0.06,0.21,55.0,2.52,14.7,7.36,8.92663
0,5,4,17,11,4,1,0,1.0,0.0,0.0,21.0,21.0,0.0,0.0,20.0,0.06,0.21,55.0,2.52,14.0,7.21,6.29648
8,13,4,27,11,4,1,0,1.0,0.0,5.0,35.0,35.0,0.0,0.0,0.0,0.06,0.2,72.1,2.77826,10.57997,7.82186,29.52
8,13,4,30,11,4,1,0,1.0,0.0,5.0,35.0,35.0,0.0,0.0,10.0,0.06,0.2,72.1,2.59565,11.30095,7.57287,24.68
8,13,4,4,11,4,1,0,1.0,0.0,5.0,35.0,35.0,0.0,0.0,10.0,0.06,0.2,72.1,2.6837,10.89254,7.78543,21.16
8,13,4,30,3,4,1,0,1.0,0.0,5.0,35.0,35.0,0.0,0.0,12.5,0.06,0.2,72.1,2.68042,11.19228,7.75506,32.03
8,13,4,4,3,4,1,0,1.0,0.0,5.0,35.0,35.0,0.0,0.0,12.5,0.06,0.2,72.1,2.67717,11.3794,7.69433,22.91
10,13,4,27,11,4,1,0,1.0,0.0,1.0,21.0,21.0,0.0,0.0,0.0,1.2096,0.24,59.81,1.91,19.9,7.3,17.13
10,0,4,27,11,4,1,0,1.0,0.0,1.0,21.0,21.0,0.0,0.0,0.0,1.2096,0.24,60.21,1.79,19.9,7.86,11.11
7,8,4,27,11,4,1,0,1.0,0.0,15.0,15.0,15.0,0.0,0.0,0.0,0.018,0.9532,65.03,2.16588,12.88,7.88046,23.4667
7,8,4,2,11,4,1,0,1.0,0.0,15.0,15.0,15.0,0.0,0.0,29.0,0.018,0.90506,63.17,1.92582,24.41,7.88046,17.6
7,8,4,2,11,4,1,0,1.0,0.0,15.0,15.0,15.0,0.0,0.0,29.0,0.018,0.88629,62.39,1.84851,27.43,7.69614,21.2267
7,8,4,2,11,4,1,0,1.0,0.0,15.0,15.0,15.0,0.0,0.0,29.0,0.018,0.89127,62.6,1.81596,28.06,7.88046,18.6667
7,8,4,2,11,4,1,0,1.0,0.0,15.0,15.0,15.0,0.0,0.0,29.0,0.018,0.8765,61.97,2.06009,16.31,7.88046,19.4133
7,8,4,2,11,4,1,0,1.0,0.0,15.0,15.0,15.0,0.0,0.0,29.0,0.018,0.91149,63.43,1.86072,39.93,7.88046,20.6933
5,13,4,27,11,4,1,0,0.0,0.0,7.0,45.0,0.0,2.0,0.0,0.0,0.06,0.0,70.07481,1.79,23.8,8.2,29.8
5,13,4,27,11,4,1,0,0.0,0.0,7.0,45.0,0.0,2.0,0.0,0.0,0.06,0.0,70.74222,1.45,30.6,8.4,22.8
10,13,4,27,11,4,1,0,1.0,0.0,4.0,70.0,0.0,2.0,0.0,0.0,1.2096,0.0,63.6,2.12625,17.26269,8.11709,18.5
10,13,4,27,11,4,1,0,1.0,0.0,4.0,70.0,70.0,0.0,0.0,0.0,1.2096,0.18,63.6,2.12625,17.26269,8.11709,20.0
10,13,4,27,11,4,1,0,1.0,0.0,4.0,70.0,70.0,0.0,0.0,0.0,1.2096,0.36,63.6,2.12625,17.26269,8.11709,31.5
10,13,4,27,11,4,1,0,1.0,0.0,4.0,70.0,70.0,0.0,0.0,0.0,1.2096,0.54,63.6,2.12625,17.26269,8.11709,40.1
10,13,4,27,11,4,1,0,1.0,20.0,4.0,70.0,70.0,1.0,40.0,0.0,1.2096,0.54,63.6,2.12625,17.26269,8.11709,25.3
0,13,4,27,11,4,1,0,1.0,0.0,0.0,31.0,31.0,0.0,0.0,0.0,0.01,0.43,83.0,2.60606,16.5,8.45,6.39252
0,13,4,27,11,4,1,0,1.0,0.0,0.0,31.0,31.0,0.0,0.0,0.0,0.01,0.21,83.0,2.60606,16.5,8.45,0.78505
7,13,4,27,11,4,1,0,1.0,0.0,0.0,31.0,31.0,0.0,0.0,0.0,0.01,0.48,71.0,5.77049,6.1,6.8,26.4179
7,13,4,27,11,4,1,0,1.0,0.0,0.0,31.0,31.0,0.0,0.0,0.0,0.01,0.23,71.0,5.77049,6.1,6.8,17.5746
7,13,4,2,11,4,1,0,1.0,0.0,0.0,31.0,31.0,0.0,0.0,37.7,0.01,0.43,65.0,3.9918,12.2,6.95,21.6606
7,13,4,2,11,4,1,0,1.0,0.0,0.0,31.0,31.0,0.0,0.0,37.7,0.01,0.48,65.0,3.9918,12.2,6.95,16.3433
10,13,4,27,11,4,1,0,1.0,5.0,4.0,30.0,30.0,1.0,25.0,0.0,0.06,0.48,65.9,2.17,17.86175,7.8444,29.1
10,13,4,30,11,4,1,0,1.0,5.0,4.0,30.0,30.0,1.0,25.0,10.0,0.06,0.48,68.469,1.96,18.73469,7.85581,22.8
10,13,4,30,3,4,1,0,1.0,5.0,4.0,30.0,30.0,1.0,25.0,10.2,0.06,0.48,68.469,2.06,17.73301,7.79357,21.6
10,13,4,30,3,4,1,0,1.0,5.0,4.0,30.0,30.0,1.0,25.0,5.2,0.06,0.48,62.965,2.1,17.80952,7.8112,24.6
10,13,4,27,11,4,1,1,0.0,0.0,7.0,54.0,0.0,2.0,0.0,0.0,0.13,0.0,67.88741,2.03159,25.16324,7.6986,11.4
10,13,4,4,11,4,1,1,0.0,0.0,7.0,54.0,0.0,2.0,0.0,15.0,0.13,0.0,62.9323,2.05348,18.9705,7.21106,10.1
10,13,4,4,11,4,1,1,0.0,0.0,7.0,54.0,0.0,2.0,0.0,15.0,0.13,0.0,62.9323,2.05348,18.9705,7.21106,9.0
10,13,4,27,11,4,1,1,0.0,0.0,7.0,54.0,0.0,2.0,0.0,0.0,0.13,0.0,67.88741,2.03159,25.16324,7.6986,20.5
10,13,4,28,11,4,1,1,0.0,0.0,7.0,54.0,0.0,2.0,0.0,6.0,0.13,0.0,64.55,1.83439,22.80134,6.82606,16.4
10,13,4,28,11,4,1,1,0.0,0.0,7.0,54.0,0.0,2.0,0.0,6.0,0.13,0.0,64.55,1.83439,22.80134,6.82606,15.7
0,5,4,27,11,4,1,0,1.0,0.0,0.0,21.0,21.0,0.0,0.0,0.0,0.007,16.43192,71.66,0.356,126.63202,9.19,18.91355
0,5,4,27,11,4,1,0,1.0,0.0,0.0,21.0,21.0,0.0,0.0,0.0,0.007,15.49873,69.89,0.947,61.48258,8.49,7.0952
8,13,4,27,11,4,1,0,1.0,720.0,9.0,45.0,45.0,1.0,20.0,0.0,0.12,1.92399,65.0,2.3053,18.23564,7.26608,7.3
8,13,4,28,11,4,1,0,1.0,720.0,9.0,45.0,45.0,1.0,20.0,5.0,0.12,1.67299,65.0,2.00371,20.55341,6.76797,4.09
8,13,4,28,11,4,1,0,1.0,720.0,9.0,45.0,45.0,1.0,20.0,1.0,0.12,2.16183,65.0,2.20995,19.24808,6.57881,3.58
8,13,4,36,11,4,1,0,1.0,720.0,9.0,45.0,45.0,1.0,20.0,1.0,0.12,2.18347,65.0,2.21595,18.087,6.9256,0.8
8,13,4,13,11,4,1,0,1.0,720.0,9.0,45.0,45.0,1.0,20.0,3.0,0.12,2.42442,65.0,1.831,22.53234,6.13745,0.98
8,13,4,22,11,4,1,0,1.0,720.0,9.0,45.0,45.0,1.0,20.0,3.0,0.12,1.92683,65.0,2.18101,17.32337,7.07692,1.57
8,13,4,4,11,4,1,0,1.0,720.0,9.0,45.0,45.0,1.0,20.0,5.0,0.12,1.90299,65.0,1.82941,23.7652,6.70492,2.89
10,13,4,27,11,4,1,0,1.0,0.0,0.0,50.0,50.0,0.0,0.0,0.0,0.1,0.3,60.0,2.46106,25.0,7.7,2.48
10,13,4,2,11,4,1,0,1.0,0.0,0.0,50.0,50.0,0.0,0.0,10.0,0.1,0.3,60.0,1.92198,25.0,7.7,1.57
10,13,4,38,11,4,1,0,1.0,0.0,0.0,50.0,50.0,0.0,0.0,10.0,0.1,0.3,60.0,1.92198,25.0,7.7,1.74
10,13,4,2,15,4,1,0,1.0,0.0,0.0,50.0,50.0,0.0,0.0,20.0,0.1,0.3,60.0,1.93596,25.0,7.7,0.86
8,13,4,27,11,4,1,0,1.0,0.0,5.0,35.0,35.0,0.0,0.0,0.0,0.06,0.1,72.86,2.68,11.37,7.84398,18.4
8,13,4,27,11,4,1,0,1.0,0.0,5.0,35.0,35.0,0.0,0.0,0.0,0.06,0.2,72.86,2.68,11.37,7.7688,21.2
8,13,4,27,11,4,1,0,1.0,0.0,5.0,35.0,35.0,0.0,0.0,0.0,0.06,0.3,72.86,2.68,11.37,7.89098,19.1
10,13,4,27,11,4,1,0,1.0,0.0,3.0,28.0,28.0,0.0,0.0,0.0,0.06,0.25,52.2,2.23,24.8,8.56244,38.7
10,13,4,13,8,4,1,0,1.0,0.0,3.0,28.0,28.0,0.0,0.0,4.72666,0.06,0.25,58.385,2.22788,20.7479,8.07981,17.9
10,13,4,13,8,1,1,0,1.0,0.0,3.0,28.0,28.0,0.0,0.0,4.72666,0.06,0.25,58.385,2.25502,20.7479,8.03662,16.1
10,13,4,13,8,1,1,0,1.0,0.0,3.0,28.0,28.0,0.0,0.0,4.72666,0.06,0.25,58.385,2.2751,20.20193,7.99718,18.4
10,13,4,13,8,1,1,0,1.0,0.0,3.0,28.0,28.0,0.0,0.0,4.72666,0.06,0.25,58.785,2.31124,19.56193,7.94273,15.8
10,13,4,13,8,1,1,0,1.0,0.0,3.0,28.0,28.0,0.0,0.0,4.72666,0.06,0.25,57.045,2.35657,20.20193,7.99343,17.2
0,5,4,27,11,4,1,1,0.0,0.0,0.0,90.0,0.0,2.0,0.0,0.0,0.02069,0.0,68.804,2.37478,13.9628,7.4215,0.41
0,8,4,27,11,4,1,1,0.0,0.0,0.0,90.0,0.0,2.0,0.0,0.0,0.02069,0.0,68.804,2.37478,13.9628,7.4215,0.13
0,8,4,27,11,4,1,1,0.0,0.0,0.0,90.0,0.0,2.0,0.0,0.0,0.02069,0.0,68.804,2.37478,13.9628,7.4215,0.23
