Material_Main,M1_is Enclosed,Turning times, Composting Method,Period (d),V2_Ventilation Interval (min),V4_Ventilation Day,V3_Ventilation Duration (min),Application Rate (%DW),Material_2,Compost volume (m3),V5_Ventilation rate (L/min/kg iniDW),Initial Moisture Content (%),Initial C/N (%),Initial TN (%),V1_Ventilation Type,Initial TC (%),Additive_1,Initial density (kg/L),NH3-N loss (%)
9,1,13.0,0,26.0,0,26.0,0.0,0.0,5,0.05,0.57,65.0,15.0,2.66,0,39.9,6,0.532,28.0
9,1,13.0,0,26.0,0,26.0,0.0,3.8,5,0.05,0.57,65.0,15.0,2.66,0,39.9,25,0.532,9.0
9,1,13.0,0,26.0,0,26.0,0.0,7.3,5,0.05,0.57,65.0,15.0,2.66,0,39.9,25,0.532,4.0
9,1,13.0,0,26.0,0,26.0,0.0,8.9,5,0.05,0.57,65.0,15.0,2.66,0,39.9,25,0.532,0.5
0,1,5.27176,0,45.0626,0,22.82844,3.65844,4.66667,4,1.06823,0.67548,63.9703,21.47354,2.06181,0,39.47539,6,0.47575,6.79
0,1,7.0,0,14.0,0,14.0,0.0,6.0,4,0.004,0.1,61.4,44.55357,1.12,0,49.9,15,0.275,2.95
0,1,7.0,0,14.0,0,14.0,0.0,13.0,4,0.004,0.1,59.3,45.58376,0.985,0,44.9,15,0.275,3.01
0,1,7.0,0,14.0,0,14.0,0.0,23.0,4,0.004,0.1,56.9,40.99448,0.905,0,37.1,15,0.275,2.71
9,1,6.42857,0,45.0,11,45.0,30.0,0.0,5,0.09,7.56254,65.0,12.93902,2.46,1,31.83,6,0.25556,3.0
9,1,6.42857,0,45.0,11,45.0,30.0,16.87764,5,0.09,7.06051,65.0,11.15335,3.13,1,34.91,0,0.27022,2.1
9,1,6.42857,0,45.0,11,45.0,30.0,15.47117,5,0.09,6.65557,65.0,10.95636,2.75,1,30.13,3,0.269,4.6
9,1,6.42857,0,45.0,11,45.0,30.0,15.47117,5,0.09,7.34153,65.0,9.83607,3.05,1,30.0,47,0.269,0.3
9,1,7.5,0,45.0,11,35.0,30.0,0.0,5,0.09,2.6,65.0,12.9607,2.46,1,31.88332,6,0.25,10.7
9,1,7.5,0,45.0,11,35.0,30.0,0.65,5,0.09,2.6,65.0,11.7281,2.97,1,34.83246,21,0.25,22.7
9,1,7.5,0,45.0,11,35.0,30.0,0.65,5,0.09,2.6,65.0,14.0483,2.52,1,35.40172,33,0.25,14.5
9,1,7.5,0,45.0,11,35.0,30.0,0.65,5,0.09,2.6,65.0,12.0181,2.79,1,33.5305,33,0.25,16.1
9,1,7.5,0,45.0,11,35.0,30.0,1.95,5,0.09,2.6,65.0,12.5619,2.73,1,34.29399,33,0.25,16.4
7,0,8.57143,1,60.0,0,0.0,0.0,0.0,5,0.165,0.0,60.0,12.3645,3.05674,0,37.7951,6,0.19,5.6
7,0,8.57143,1,60.0,0,0.0,0.0,10.0,5,0.165,0.0,59.0,13.2954,2.96078,0,39.3648,6,0.21,2.3
7,0,8.57143,1,60.0,0,0.0,0.0,10.0,5,0.165,0.0,58.0,11.4409,3.33965,0,38.2086,6,0.21,2.3
3,1,7.0,0,35.0,0,35.0,0.0,0.0,5,0.06,0.2,60.0,22.1,1.79,0,39.559,6,0.51465,13.3
3,1,7.0,0,35.0,0,35.0,0.0,10.0,5,0.06,0.2,60.0,18.2,1.98,0,36.036,38,0.587,8.4
3,1,7.0,0,35.0,0,35.0,0.0,10.0,5,0.06,0.2,60.0,19.1,1.89,0,36.099,47,0.58374,10.5
3,1,2.85714,0,20.0,0,20.0,0.0,0.0,4,0.02,1.06667,56.233,18.5,2.32047,0,37.19651,6,0.90616,22.0
3,1,2.85714,0,20.0,0,20.0,0.0,20.0,4,0.02,1.06667,64.122,18.5,1.806,0,38.93813,25,0.34235,4.8
9,1,9.33333,0,28.0,0,28.0,0.0,3.72823,5,0.06,0.25,52.2,24.8,2.23,0,55.304,25,0.55988,17.9
9,1,9.33333,0,28.0,0,28.0,0.0,3.78398,5,0.06,0.25,52.2,24.8,2.23,0,55.304,25,0.55988,16.1
8,1,5.27176,0,45.0626,0,22.82844,3.65844,4.66667,5,1.06823,0.67548,63.9703,21.47354,2.06181,0,39.47539,51,0.47575,36.04333
8,1,5.27176,0,45.0626,0,22.82844,3.65844,4.66667,5,1.06823,0.67548,63.9703,21.47354,2.06181,0,39.47539,51,0.47575,27.44832
9,1,7.8,0,39.0,0,39.0,0.0,0.0,5,0.06,0.48,69.55,20.7524,1.976,0,39.24,6,0.48697,23.2
9,1,7.8,0,39.0,0,39.0,0.0,0.0,5,0.06,0.48,69.55,20.7524,1.976,0,39.24,25,0.50441,9.6
9,1,7.8,0,39.0,0,39.0,0.0,0.0,5,0.06,0.48,69.55,20.7524,1.976,0,39.24,17,0.50441,7.1
9,1,7.8,0,39.0,0,39.0,0.0,0.0,5,0.06,0.48,69.55,20.7524,1.976,0,39.24,18,0.50441,8.46
9,1,7.8,0,39.0,0,39.0,0.0,0.0,5,0.06,0.48,69.55,20.7524,1.976,0,39.24,7,0.50441,5.45
9,1,0.0,0,26.0,0,26.0,0.0,0.0,4,0.0212,0.91133,61.8,16.5,2.86133,0,47.21194,6,0.72264,34.9
9,1,0.0,0,26.0,0,26.0,0.0,0.56,4,0.0212,0.90955,61.8,23.69151,2.98895,0,31.6327,26,0.72406,15.0
9,1,8.75,0,35.0,0,35.0,0.0,0.0,5,0.06,0.38,70.4,20.3,2.09,0,42.4,6,0.59642,31.32
9,1,8.75,0,35.0,0,35.0,0.0,4.56,5,0.06,0.38,69.19,18.50952,2.17362,0,38.14,25,0.61861,21.79
9,1,8.75,0,35.0,0,35.0,0.0,6.48,5,0.06,0.38,69.19,16.00383,2.40973,0,34.90856,25,0.64601,14.21
9,1,5.27176,0,45.0626,0,22.82844,3.65844,4.66667,4,1.06823,0.67548,63.9703,21.47354,2.06181,0,39.47539,6,0.47575,9.7
9,1,5.27176,0,45.0626,0,22.82844,3.65844,4.66667,4,1.06823,0.67548,63.9703,21.47354,2.06181,0,39.47539,32,0.47575,9.3
9,1,5.27176,0,45.0626,2,22.82844,3.65844,4.66667,4,1.06823,0.67548,63.9703,21.47354,2.06181,1,39.47539,40,0.47575,2.147
9,1,5.27176,0,45.0626,2,22.82844,3.65844,4.66667,4,1.06823,0.67548,63.9703,21.47354,2.06181,1,39.47539,13,0.47575,5.739
9,1,5.27176,0,45.0626,2,22.82844,3.65844,4.66667,4,1.06823,0.67548,63.9703,21.47354,2.06181,1,39.47539,6,0.47575,3.462
0,1,0.0,0,15.0,0,15.0,0.0,0.0,5,0.17,0.2885,70.5,26.0,1.59,0,41.34,6,0.27647,19.81132
0,1,0.0,0,15.0,0,15.0,0.0,3.62976,5,0.17,0.29038,71.0,21.946,1.44,0,35.0364,31,0.27941,13.54167
0,1,0.0,0,15.0,0,15.0,0.0,7.30994,5,0.17,0.2924,71.5,22.256,1.55,0,35.202,31,0.28235,11.6129
0,1,0.0,0,15.0,0,15.0,0.0,9.97672,5,0.17,0.26605,69.0,30.0,1.36,0,40.8,31,0.28529,9.12409
0,1,0.0,0,15.0,0,15.0,0.0,0.0,5,0.17,0.26377,70.0,20.576,1.72,0,33.8986,6,0.29735,10.75581
0,1,0.0,0,15.0,0,15.0,0.0,13.09719,5,0.17,0.28166,71.8,21.36,1.66,0,39.2746,36,0.29624,10.84337
0,1,0.0,0,15.0,0,15.0,0.0,24.36647,5,0.17,0.26201,69.6,21.973,1.58,0,42.51705,36,0.29541,15.50633
0,1,0.0,0,15.0,0,15.0,0.0,37.59079,5,0.17,0.26947,70.3,21.56782,1.47,0,41.87506,36,0.294,16.66667
0,1,0.0,0,15.0,0,6.0,0.0,0.0,5,0.17,0.28948,70.6,21.31405,1.59,0,36.11016,6,0.27647,16.03774
0,1,0.0,0,15.0,0,6.0,0.0,3.10479,5,0.17,0.28882,70.8,20.8127,1.57,0,35.57612,35,0.279,14.96815
0,1,0.0,0,15.0,0,6.0,0.0,3.43688,5,0.17,0.28171,70.1,20.8127,1.55,0,35.57612,35,0.27934,13.54839
0,1,0.0,0,15.0,0,6.0,0.0,3.68545,5,0.17,0.27867,69.8,20.8127,1.55,0,35.57612,35,0.27958,15.16129
0,1,0.0,0,15.0,0,15.0,0.0,0.0,5,0.17,0.27765,71.5,20.576,1.62,0,34.264,6,0.29735,14.81481
0,1,0.0,0,15.0,0,15.0,0.0,3.66885,5,0.17,0.28276,72.3,22.406,1.35,0,35.202,35,0.30041,16.66667
0,1,0.0,0,15.0,0,15.0,0.0,7.0174,5,0.17,0.27016,71.3,22.776,1.31,0,35.202,35,0.30346,12.9771
0,1,0.0,0,15.0,0,15.0,0.0,10.35227,5,0.17,0.26561,71.1,22.776,1.25,0,35.202,35,0.30652,13.2
9,0,7.0,1,70.0,0,0.0,0.0,0.0,5,1.2,0.0,68.70741,18.89189,2.20375,0,32.6561,6,0.34258,35.3
9,0,7.0,1,70.0,0,0.0,0.0,3.3,5,1.2,0.0,68.89741,18.89189,2.18773,0,31.98075,47,0.37108,28.0
9,0,7.0,1,70.0,0,0.0,0.0,6.6,5,1.2,0.0,68.08741,18.89189,2.03991,0,33.16227,47,0.30532,21.2
9,0,7.0,1,70.0,0,0.0,0.0,9.9,5,1.2,0.0,65.52171,18.89189,2.22663,0,36.87905,47,0.38456,16.8
9,0,7.0,1,70.0,0,0.0,0.0,13.2,5,1.2,0.0,66.91171,18.89189,2.3715,0,37.25713,47,0.39214,14.8
9,0,7.0,1,70.0,0,0.0,0.0,16.5,5,1.2,0.0,65.34171,18.89189,2.37925,0,37.90571,47,0.38537,8.3
7,1,2.16667,0,13.0,6,13.0,20.0,0.0,4,0.06,0.72,55.0,12.8125,3.2,1,41.0,6,0.73518,12.84
8,1,2.0,0,22.0,0,22.0,0.0,2.0,4,0.0035,0.5806,59.4,13.73426,2.14,0,30.45546,16,0.67843,16.2936
8,1,2.0,0,22.0,0,22.0,0.0,2.0,4,0.0035,0.5956,57.5,15.49294,2.15,0,33.38463,16,0.67735,18.7427
8,1,2.0,0,22.0,0,22.0,0.0,0.0,4,0.0035,0.49494,58.2,14.76885,2.13,0,30.45546,6,0.67843,33.8826
7,1,0.25,0,45.0,5,45.0,17.0,0.0,2,2.4,6.67,55.0,30.4875,1.09466,1,33.3734,6,0.41667,17.965
7,1,0.25,0,45.0,5,45.0,17.0,0.44444,2,2.4,6.67,55.0,29.153,1.12653,1,32.8418,1,0.41667,3.22179
7,1,0.25,0,45.0,5,45.0,17.0,0.44444,2,2.4,6.67,55.0,31.2883,1.03964,1,32.5285,39,0.41667,5.63813
7,1,5.27176,0,45.0626,0,22.82844,3.65844,4.66667,2,1.06823,0.67548,63.9703,21.47354,2.06181,0,39.47539,6,0.47575,10.351
7,1,5.27176,0,45.0626,0,22.82844,3.65844,4.66667,2,1.06823,0.67548,63.9703,21.47354,2.06181,0,39.47539,32,0.47575,2.046
7,1,5.27176,0,45.0626,0,22.82844,3.65844,4.66667,2,1.06823,0.67548,63.9703,21.47354,2.06181,0,39.47539,32,0.47575,2.362
3,1,7.5,0,30.0,0,30.0,0.0,0.0,2,0.06,0.2,60.59701,20.0,1.9,0,38.0,6,0.54849,24.9
3,1,7.5,0,30.0,0,30.0,0.0,2.1383,2,0.06,0.2,58.46543,23.31472,2.0354,0,42.68316,25,0.57601,12.6
3,1,7.5,0,30.0,0,30.0,0.0,3.20088,2,0.06,0.2,58.46543,23.31472,2.06657,0,42.68316,47,0.57601,15.3
3,1,7.5,0,30.0,0,30.0,0.0,2.216,2,0.06,0.2,58.46543,23.31472,2.0354,0,42.68316,12,0.57601,8.9
3,1,7.5,0,30.0,0,30.0,0.0,2.53615,2,0.06,0.2,58.46543,23.31472,2.05528,0,42.68316,4,0.57601,8.9
3,1,2.11111,0,19.0,0,19.0,0.0,0.0,2,0.0306,10.0,70.0,26.38728,1.73,0,45.65,6,0.82879,16.5467
3,1,2.11111,0,19.0,0,19.0,0.0,3.0,2,0.0306,10.0,70.0,26.38728,1.73,0,45.65,30,0.82879,12.879
3,1,2.11111,0,19.0,0,19.0,0.0,6.9,2,0.3946,10.0,70.0,26.34783,1.61,0,42.42,28,0.78782,12.879
3,1,2.11111,0,19.0,0,19.0,0.0,9.9,2,0.3946,10.0,70.0,26.34783,1.61,0,42.42,30,0.76493,2.9862
9,0,9.33333,1,112.0,0,42.0,0.0,0.0,4,0.28,0.2569,65.4,25.0,1.4,0,43.93961,6,0.42092,21.4
9,0,9.33333,1,112.0,0,42.0,0.0,2.94985,4,0.28,0.26221,66.1,25.0,1.6,0,44.09714,32,0.42642,20.7
9,0,9.33333,1,112.0,0,0.0,0.0,0.0,4,1.0664,0.0,64.9,17.22075,3.4,0,38.19286,6,0.74535,18.4
9,0,9.33333,1,112.0,0,0.0,0.0,2.8169,4,1.0664,0.0,64.5,18.53975,3.1,0,37.99286,32,0.7441,19.7
3,1,3.88889,0,35.0,0,35.0,0.0,2.25,4,0.02,0.5,66.647,29.0076,1.66134,0,41.4847,23,0.57359,27.1028
3,1,3.88889,0,35.0,0,35.0,0.0,1.8209,4,0.02,0.5,64.24035,32.0229,1.73107,0,41.8943,23,0.51128,0.46729
3,1,3.88889,0,35.0,0,35.0,0.0,2.5709,4,0.02,0.5,66.73435,30.3435,1.66134,0,41.5532,23,0.51435,10.42991
3,1,3.88889,0,35.0,0,35.0,0.0,3.3209,4,0.02,0.5,65.726,26.9466,1.74996,0,40.9596,23,0.55839,17.37382
3,1,3.88889,0,35.0,0,35.0,0.0,4.0709,4,0.02,0.5,67.2976,29.0458,1.66134,0,41.5532,23,0.57048,29.17756
9,1,6.66667,0,40.0,10,30.0,30.0,0.0,5,0.1604,7.69231,64.54545,16.53936,2.34,1,38.7021,6,0.62654,26.0
9,1,6.66667,0,40.0,10,30.0,30.0,6.0,5,0.1604,7.31707,63.55556,16.39658,2.31,1,37.8761,47,0.5264,11.8
9,1,6.66667,0,40.0,10,30.0,30.0,15.0,5,0.09105,6.81818,62.06897,15.97083,2.41,1,38.4897,42,0.30624,21.5
9,1,6.66667,0,40.0,10,30.0,30.0,1.46082,5,0.1604,7.79221,65.17413,16.34774,2.34,1,38.2537,50,0.65431,20.2
3,1,1.0,0,24.0,0,24.0,0.0,2.56049,1,0.03,0.76104,63.5,20.5,2.67561,0,33.15268,34,0.36,12.86
3,1,1.0,0,24.0,0,24.0,0.0,0.0,1,0.03,0.76815,63.5,20.5,2.67561,0,34.85369,6,0.356,10.23
3,1,5.27176,0,45.0626,1,22.82844,3.65844,4.66667,5,1.06823,0.67548,63.9703,21.47354,2.06181,1,39.47539,51,0.47575,9.64912
3,1,5.27176,0,45.0626,1,22.82844,3.65844,4.66667,5,1.06823,0.67548,63.9703,21.47354,2.06181,1,39.47539,24,0.47575,13.4503
8,1,5.09091,0,56.0,0,56.0,0.0,0.0,5,0.13,1.11111,55.0,25.02125,1.80435,1,45.1471,6,0.5,1.02
8,1,5.09091,0,56.0,0,56.0,0.0,2.0,5,0.13,1.11111,55.0,25.08996,1.84239,1,46.2255,6,0.5,0.2
8,1,5.09091,0,56.0,0,56.0,0.0,4.0,5,0.13,1.11111,55.0,25.00167,1.8587,1,46.4706,6,0.5,0.11
8,1,5.09091,0,56.0,0,56.0,0.0,6.0,5,0.13,1.11111,55.0,23.99361,1.95109,1,46.8137,6,0.5,0.11
8,1,5.09091,0,56.0,0,56.0,0.0,8.0,5,0.13,1.11111,55.0,22.31769,2.11957,1,47.3039,6,0.5,0.06
8,1,5.09091,0,56.0,0,56.0,0.0,12.0,5,0.13,1.11111,55.0,21.13909,2.27717,1,48.1373,6,0.5,0.04
8,1,5.09091,0,56.0,0,56.0,0.0,18.0,5,0.13,1.11111,55.0,20.40002,2.42935,1,49.5588,6,0.5,0.02
3,1,1.0,0,25.0,0,25.0,0.0,0.0,5,0.03,0.82386,66.0,17.0,3.16471,0,53.8,6,0.357,21.2
3,1,1.0,0,25.0,0,25.0,0.0,2.22035,5,0.03,0.80596,66.0,15.49512,2.91293,0,36.21375,29,0.36493,32.8
3,1,1.0,0,25.0,0,25.0,0.0,1.82166,5,0.03,0.80912,66.0,15.49512,2.91293,0,36.21375,29,0.3635,12.6
3,1,1.0,0,25.0,0,25.0,0.0,1.42297,5,0.03,0.8123,66.0,15.49512,2.91293,0,36.21375,29,0.36208,3.5
4,0,1.86486,1,69.0,0,0.0,0.0,0.0,1,0.08,0.0,80.7,20.37805,0.82,0,16.71,6,0.47273,11.4
4,0,1.86486,1,69.0,0,0.0,0.0,3.0,1,0.08,0.0,80.7,22.76667,0.9,0,20.49,6,0.47273,8.13793
4,0,1.86486,1,69.0,0,0.0,0.0,4.0,1,0.08,0.0,80.7,19.47368,0.95,0,18.5,48,0.47273,4.22508
4,0,1.86486,1,69.0,0,0.0,0.0,3.0,1,0.08,0.0,80.7,22.13253,0.83,0,18.37,48,0.47273,7.9278
9,1,8.75,0,35.0,0,35.0,0.0,0.0,5,0.06,0.3,69.2,18.4,2.04,0,37.48,6,0.62048,32.5
9,1,8.75,0,35.0,0,35.0,0.0,2.124,5,0.06,0.3,69.2,18.4,2.04,0,37.48,17,0.61727,14.5
9,1,8.75,0,35.0,0,35.0,0.0,2.124,5,0.06,0.3,69.2,18.4,2.04,0,37.48,18,0.61727,16.0
9,1,8.75,0,35.0,0,35.0,0.0,2.124,5,0.06,0.3,69.2,18.4,2.04,0,37.48,7,0.61727,13.3
9,1,8.75,0,35.0,0,35.0,0.0,2.124,5,0.06,0.3,69.2,18.4,2.04,0,37.48,17,0.61727,5.9
9,1,5.0,0,30.0,0,30.0,0.0,0.0,5,0.12,2.56621,66.11478,17.57895,1.94767,0,33.4,6,0.575,1.6
9,1,5.0,0,30.0,0,30.0,0.0,5.0,5,0.12,2.56621,67.19448,22.18489,1.94767,0,36.465,0,0.58474,1.184
9,1,5.0,0,30.0,0,30.0,0.0,10.0,5,0.12,2.56621,61.41148,17.07662,1.94767,0,36.7125,0,0.59448,0.864
9,1,5.0,0,30.0,0,30.0,0.0,20.0,5,0.12,2.56621,63.98,18.36949,1.94767,0,37.06894,0,0.61397,0.688
9,1,5.0,0,30.0,0,30.0,0.0,1.0,5,0.12,2.56621,64.93448,26.11489,1.94767,0,36.45,10,0.57695,0.848
9,1,7.0,0,28.0,0,28.0,0.0,0.0,6,0.06,0.36,62.06,17.91,1.95,0,34.9245,6,0.7402,13.18
9,1,7.0,0,28.0,0,28.0,0.0,10.0,6,0.06,0.36,58.69,18.23,1.96,0,35.7308,47,0.78068,11.36
3,1,7.5,0,30.0,4,30.0,40.0,0.0,5,0.06,0.3444,53.59,32.46,1.1,1,35.52,6,0.64438,23.17
3,1,7.5,0,30.0,4,30.0,40.0,0.0,5,0.06,0.52357,59.14902,22.72871,1.73399,1,36.07717,6,0.58322,14.5
3,1,7.5,0,30.0,4,30.0,40.0,2.54,5,0.06,0.5724,58.6187,22.71149,1.72699,1,35.97951,41,0.57909,12.31
3,1,7.5,0,30.0,4,30.0,40.0,2.54,5,0.06,0.5724,58.6187,22.71149,1.72699,1,35.97951,30,0.57909,20.84
9,0,3.71429,2,26.0,0,0.0,0.0,0.0,5,1.2,0.0,65.0,22.46154,1.69,0,37.96,6,0.375,26.82
9,0,3.71429,2,26.0,0,0.0,0.0,15.67944,5,1.2,0.0,65.0,24.96689,1.51,0,37.7,6,0.39375,21.65
9,0,3.71429,2,26.0,0,0.0,0.0,31.35889,5,1.2,0.0,65.0,26.48227,1.41,0,37.34,6,0.4125,7.31
9,0,3.71429,2,26.0,0,0.0,0.0,47.03833,5,1.2,0.0,65.0,29.88889,1.35,0,40.35,6,0.43125,5.47
9,1,17.5,0,35.0,5,35.0,30.0,0.0,5,0.06,0.38,67.6,17.4312,2.22446,1,38.775,6,0.4708,29.26
9,1,17.5,0,35.0,5,35.0,30.0,0.408,5,0.06,0.38,62.42,14.83745,2.06768,1,30.6791,38,0.40863,16.11
9,1,17.5,0,35.0,5,35.0,30.0,0.408,5,0.06,0.38,62.73,16.20429,2.16937,1,35.1531,8,0.41283,30.93
9,1,17.5,0,35.0,5,35.0,30.0,0.408,5,0.06,0.38,65.81,13.97506,2.27531,1,31.7976,38,0.43143,16.12
9,1,5.6,0,28.0,0,28.0,0.0,0.0,5,0.06,0.48,57.54093,19.25,2.13,0,38.5,6,0.53267,24.95
9,1,5.6,0,28.0,0,28.0,0.0,2.44988,5,0.06,0.48,55.20379,20.96213,2.14833,0,42.9042,17,0.53821,11.23
9,1,5.6,0,28.0,0,28.0,0.0,2.45195,5,0.06,0.48,55.20379,20.96213,2.15,0,42.9042,16,0.53821,22.85
9,1,5.6,0,28.0,0,28.0,0.0,4.35435,5,0.06,0.48,55.20379,20.86543,2.16833,0,43.0472,19,0.54251,26.71
8,1,5.66667,0,34.0,0,34.0,0.0,0.0,5,0.06,0.27211,65.0,11.37,2.216,0,37.144,6,0.58333,31.52
8,1,5.66667,0,34.0,0,34.0,0.0,10.0,5,0.06,0.26291,65.0,11.37,2.21292,0,36.997,47,0.60375,21.26
8,1,5.66667,0,34.0,0,34.0,0.0,10.28571,5,0.06,0.26265,65.0,11.37,2.21292,0,36.997,47,0.60433,16.22
8,1,5.66667,0,34.0,0,34.0,0.0,14.57143,5,0.06,0.2589,65.0,11.37,2.19768,0,37.2605,47,0.61308,14.88
9,1,5.83333,0,35.0,0,0.0,0.0,0.0,5,0.06,0.25,69.2,18.43351,2.03653,0,37.5404,6,0.33641,32.5
9,1,5.83333,0,35.0,0,0.0,0.0,8.24578,5,0.06,0.25,65.12895,18.43351,2.03653,0,37.5404,17,0.255,14.5
9,1,5.83333,0,35.0,0,0.0,0.0,4.0,5,0.06,0.25,66.63916,18.43351,2.03653,0,37.5404,47,0.33056,20.3
9,1,5.83333,0,35.0,0,0.0,0.0,8.24578,5,0.06,0.25,65.12895,18.43351,2.03653,0,37.5404,17,0.255,12.4
7,1,5.55556,0,50.0,0,34.6,0.0,0.0,5,0.1,0.312,60.0,31.0074,1.52371,0,42.64511,6,0.5,36.3
7,1,5.55556,0,50.0,0,34.6,0.0,2.0,5,0.1,0.262,60.0,30.0553,1.53458,0,44.7689,11,0.5,33.2
7,1,5.55556,0,50.0,0,28.8,0.0,4.0,5,0.1,0.272,60.0,30.3317,1.65677,0,44.20042,11,0.5,26.6
7,1,5.55556,0,50.0,0,33.8,0.0,6.0,5,0.1,0.272,60.0,30.5467,1.60643,0,45.91928,11,0.5,20.4
7,1,5.55556,0,50.0,0,34.0,0.0,8.0,5,0.1,0.18,60.0,31.0381,1.45139,0,43.86004,11,0.5,14.9
7,1,5.55556,0,50.0,0,24.2,0.0,10.0,5,0.1,0.125,60.0,30.7924,1.47792,0,42.02367,11,0.5,10.7
9,1,5.55556,0,50.0,0,50.0,0.0,0.0,5,0.1,0.3,55.0,25.0,2.084,0,52.1,6,0.54517,2.49315
9,1,5.55556,0,50.0,0,50.0,0.0,10.0,5,0.1,0.3,59.866,26.39749,1.94324,0,43.81105,6,0.4992,1.56621
9,1,5.55556,0,50.0,0,50.0,0.0,20.0,5,0.1,0.3,60.907,20.63798,2.17309,0,44.71416,6,0.46474,0.86301
9,1,5.55556,0,50.0,0,50.0,0.0,20.5,5,0.1,0.3,60.907,21.2284,2.17309,0,44.71416,6,0.46474,0.83105
9,1,5.55556,0,50.0,0,50.0,0.0,21.0,5,0.1,0.3,60.907,21.2284,2.17309,0,44.71416,6,0.46474,0.67656
9,1,5.55556,0,50.0,0,50.0,0.0,22.0,5,0.1,0.3,60.907,21.2284,2.17309,0,44.71416,6,0.46474,0.58067
8,1,4.85714,0,34.0,0,34.0,0.0,0.0,4,0.005,0.03367,67.6,33.5,1.46,0,42.91,6,0.55,8.7
8,1,4.85714,0,34.0,0,34.0,0.0,7.73359,4,0.005,0.03367,67.3,33.52459,1.22,0,40.9,29,0.43443,7.87
8,1,4.85714,0,34.0,0,34.0,0.0,7.12828,4,0.005,0.03367,66.8,33.1129,1.24,0,41.06,20,0.43159,6.6
8,1,4.85714,0,34.0,0,34.0,0.0,6.05043,4,0.005,0.03367,66.0,31.5303,1.32,0,41.62,29,0.56899,3.5
7,1,7.0,0,91.0,0,7.6,0.0,0.0,5,0.25,0.01275,60.0,20.0,1.99,0,39.8,6,0.46988,12.9281
7,1,5.27176,0,45.0626,0,22.82844,3.65844,4.66667,5,1.06823,0.67548,63.9703,21.47354,2.06181,0,39.47539,6,0.47575,9.06668
7,1,5.27176,0,45.0626,0,22.82844,3.65844,4.66667,5,1.06823,0.67548,63.9703,21.47354,2.06181,0,39.47539,15,0.47575,4.30644
7,1,5.27176,0,45.0626,0,22.82844,3.65844,4.66667,5,1.06823,0.67548,63.9703,21.47354,2.06181,0,39.47539,6,0.47575,2.61249
7,1,5.27176,0,45.0626,0,22.82844,3.65844,4.66667,5,1.06823,0.67548,63.9703,21.47354,2.06181,0,39.47539,6,0.47575,10.7421
7,1,5.27176,0,45.0626,0,22.82844,3.65844,4.66667,5,1.06823,0.67548,63.9703,21.47354,2.06181,0,39.47539,6,0.47575,7.72635
7,1,7.0,0,91.0,0,30.0,0.0,12.5,5,0.25,0.41755,60.0,25.0,1.82,0,45.5,15,0.41667,3.65344
7,1,5.27176,0,45.0626,0,22.82844,3.65844,4.66667,5,1.06823,0.67548,63.9703,21.47354,2.06181,0,39.47539,6,0.47575,2.32943
7,1,7.0,0,91.0,0,7.6,0.0,0.0,5,0.25,0.01275,60.0,30.0,1.67,0,50.1,6,0.4951,7.81575
7,1,7.0,0,91.0,0,30.0,0.0,12.5,5,0.25,0.41755,60.0,30.0,1.63,0,48.9,6,0.43077,4.11289
7,1,7.0,0,91.0,0,30.0,0.0,12.5,5,0.25,0.41755,60.0,30.0,1.7,0,51.0,15,0.43077,3.05309
7,1,5.27176,0,45.0626,0,22.82844,3.65844,4.66667,5,1.06823,0.67548,63.9703,21.47354,2.06181,0,39.47539,6,0.47575,2.04637
0,1,5.27176,0,45.0626,0,22.82844,3.65844,4.66667,5,1.06823,0.67548,63.9703,21.47354,2.06181,0,39.47539,6,0.47575,23.37209
0,1,5.27176,0,45.0626,0,22.82844,3.65844,4.66667,5,1.06823,0.67548,63.9703,21.47354,2.06181,0,39.47539,38,0.47575,14.48837
0,1,5.27176,0,45.0626,0,22.82844,3.65844,4.66667,5,1.06823,0.67548,63.9703,21.47354,2.06181,0,39.47539,51,0.47575,16.25581
0,1,5.27176,0,45.0626,0,22.82844,3.65844,4.66667,5,1.06823,0.67548,63.9703,21.47354,2.06181,0,39.47539,38,0.47575,19.37209
0,1,5.27176,0,45.0626,0,22.82844,3.65844,4.66667,5,1.06823,0.67548,63.9703,21.47354,2.06181,0,39.47539,6,0.47575,9.98214
0,1,5.27176,0,45.0626,0,22.82844,3.65844,4.66667,5,1.06823,0.67548,63.9703,21.47354,2.06181,0,39.47539,38,0.47575,13.01724
0,1,5.27176,0,45.0626,0,22.82844,3.65844,4.66667,5,1.06823,0.67548,63.9703,21.47354,2.06181,0,39.47539,51,0.47575,11.78571
0,1,5.27176,0,45.0626,0,22.82844,3.65844,4.66667,5,1.06823,0.67548,63.9703,21.47354,2.06181,0,39.47539,38,0.47575,10.94737
0,1,5.27176,0,45.0626,0,22.82844,3.65844,4.66667,4,1.06823,0.67548,63.9703,21.47354,2.06181,0,39.47539,6,0.47575,6.04167
0,1,5.27176,0,45.0626,0,22.82844,3.65844,4.66667,4,1.06823,0.67548,63.9703,21.47354,2.06181,0,39.47539,38,0.47575,14.4898
0,1,5.27176,0,45.0626,0,22.82844,3.65844,4.66667,4,1.06823,0.67548,63.9703,21.47354,2.06181,0,39.47539,51,0.47575,10.1875
0,1,5.27176,0,45.0626,0,22.82844,3.65844,4.66667,4,1.06823,0.67548,63.9703,21.47354,2.06181,0,39.47539,38,0.47575,16.33333
1,1,0.0,0,28.0,0,28.0,0.0,0.0,5,0.01,0.28,69.0,11.0,3.7,0,40.7,6,0.24194,12.68381
1,1,0.0,0,28.0,0,28.0,0.0,0.0,3,0.01,0.28,63.0,11.0,3.7,0,40.7,6,0.27027,12.08819
1,1,0.0,0,28.0,0,28.0,0.0,0.0,3,0.01,0.28,66.0,11.0,3.7,0,40.7,6,0.25735,12.98188
1,1,0.0,0,28.0,0,28.0,0.0,0.0,4,0.01,0.28,65.0,14.7,2.85034,0,41.9,6,0.28571,10.27237
1,1,0.0,0,28.0,0,28.0,0.0,0.0,4,0.01,0.28,67.0,12.9,3.2093,0,41.4,6,0.26515,10.55777
1,1,0.0,0,28.0,0,28.0,0.0,25.0,5,0.01,0.28,65.0,16.7,2.93413,0,49.0,6,0.28571,9.08721
1,1,0.0,0,28.0,0,28.0,0.0,14.28571,5,0.01,0.28,67.0,14.0,3.24286,0,45.4,6,0.26515,9.48959
1,1,0.0,0,28.0,0,28.0,0.0,0.0,5,0.01,0.28,65.0,14.0,2.95714,0,41.4,6,0.28571,9.09293
1,1,0.0,0,28.0,0,28.0,0.0,0.0,1,0.01,0.28,65.0,12.1,3.34711,0,40.5,6,0.28571,11.69221
9,1,9.25,0,37.0,0,37.0,0.0,0.0,5,0.06,0.24,64.1,14.7,2.36,0,34.8,6,0.44435,13.9
9,1,9.25,0,37.0,0,37.0,0.0,0.0,5,0.06,0.48,65.2,18.3,2.08,0,38.0,6,0.5477,18.7
9,1,9.25,0,37.0,0,37.0,0.0,0.0,5,0.06,0.72,63.7,20.7,1.9,0,39.4,6,0.63695,20.6
9,1,9.25,0,37.0,0,37.0,0.0,0.0,5,0.06,0.24,71.3,18.4,2.06,0,38.0,6,0.55159,12.7
9,1,9.25,0,37.0,0,37.0,0.0,0.0,5,0.06,0.48,70.6,21.1,1.9,0,40.1,6,0.58795,16.9
9,1,9.25,0,37.0,0,37.0,0.0,0.0,5,0.06,0.72,70.8,15.0,2.35,0,35.2,6,0.59114,32.4
9,1,9.25,0,37.0,0,37.0,0.0,0.0,5,0.06,0.24,75.7,21.2,1.93,0,40.9,6,0.49439,9.6
9,1,9.25,0,37.0,0,37.0,0.0,0.0,5,0.06,0.48,76.8,14.9,2.37,0,35.3,6,0.61559,27.7
9,1,9.25,0,37.0,0,37.0,0.0,0.0,5,0.06,0.72,74.0,18.0,2.09,0,37.6,6,0.55272,24.9
0,1,0.0,1,21.0,0,21.0,0.0,0.0,5,0.3038,0.0,71.66,18.306,2.24,0,32.20675,6,0.857,5.37
0,1,0.0,1,21.0,0,21.0,0.0,0.0,5,0.4334,0.0,69.89,18.306,2.312,0,32.20675,6,0.857,2.589
9,1,31.0,0,31.0,0,30.0,0.0,1.2324,5,0.95,0.312,69.47,13.16342,2.57,0,33.83,6,0.63,23.81
0,1,3.88889,0,35.0,0,35.0,0.0,0.0,4,0.1559,0.45,66.03,21.96203,1.817,0,39.905,6,0.70071,12.59
0,1,3.88889,0,35.0,0,35.0,0.0,0.0,4,0.2984,0.448,65.69,21.51131,1.813,0,39.0,6,0.72895,16.16
0,1,3.88889,0,35.0,0,35.0,0.0,0.0,4,0.5697,0.45,66.14,21.64477,1.796,0,38.874,6,0.75396,17.44
9,0,7.0,1,70.0,0,0.0,0.0,0.0,5,1.2,0.0,64.0,17.4,2.22,0,38.0,6,0.43603,29.5
9,1,7.0,1,70.0,0,0.0,0.0,0.0,5,1.2,0.0,64.0,17.4,2.22,0,38.0,6,0.43603,26.6
9,0,14.0,1,70.0,0,0.0,0.0,0.0,5,1.2,0.0,64.0,17.4,2.22,0,38.0,6,0.45903,27.9
9,1,14.0,1,70.0,0,0.0,0.0,0.0,5,1.2,0.0,64.0,17.4,2.22,0,38.0,6,0.45903,23.7
9,0,0.0,1,70.0,0,0.0,0.0,0.0,5,1.2,0.0,64.0,17.4,2.22,0,38.0,6,0.47273,12.8
9,1,0.0,1,70.0,0,0.0,0.0,0.0,5,1.2,0.0,64.0,17.4,2.22,0,38.0,6,0.47273,10.3
9,0,7.85714,2,55.0,0,0.0,0.0,0.0,0,11.25,0.0,60.04,15.39,1.998,0,30.74922,6,0.351,4.51
9,0,3.66667,2,55.0,0,0.0,0.0,0.0,0,11.25,0.0,60.04,15.39,1.998,0,30.74922,6,0.351,2.502
8,0,5.27176,2,45.0626,0,22.82844,3.65844,4.66667,0,1.06823,0.67548,63.9703,21.47354,2.06181,0,39.47539,6,0.47575,4.44
8,0,5.27176,2,45.0626,9,22.82844,3.65844,4.66667,0,1.06823,0.67548,63.9703,21.47354,2.06181,1,39.47539,6,0.47575,2.18
8,1,7.0,0,35.0,0,35.0,0.0,0.0,5,0.06,0.2,72.1,11.37,2.68,0,30.45,6,0.667,21.16
9,1,8.0,0,56.0,0,0.0,0.0,0.0,5,1.2,0.0,67.6,18.98238,2.03974,0,38.71921,6,0.475,35.7
9,1,8.0,0,56.0,0,0.0,0.0,3.3,5,1.2,0.0,67.6,18.98238,2.03974,0,38.71921,47,0.475,27.4
9,1,8.0,0,56.0,0,0.0,0.0,6.6,5,1.2,0.0,67.6,18.98238,2.03974,0,38.71921,47,0.475,20.7
9,1,8.0,0,56.0,0,0.0,0.0,9.9,5,1.2,0.0,67.6,18.98238,2.03974,0,38.71921,47,0.475,15.7
9,1,8.0,0,56.0,0,0.0,0.0,13.2,5,1.2,0.0,67.6,18.98238,2.03974,0,38.71921,47,0.475,12.9
7,1,3.11111,0,28.0,0,0.0,0.0,0.0,5,0.13,0.0,61.4561,30.8801,1.667,0,51.47713,6,0.5,36.3
7,1,3.11111,0,28.0,0,0.0,0.0,2.0,5,0.13,0.0,60.661,30.0375,1.668,0,50.10255,11,0.5,33.2
7,1,3.11111,0,28.0,0,0.0,0.0,4.0,5,0.13,0.0,59.7109,30.3496,1.613,0,48.9539,11,0.5,26.6
7,1,3.11111,0,28.0,0,0.0,0.0,6.0,5,0.13,0.0,60.4548,30.568,1.562,0,47.74722,11,0.5,20.4
7,1,3.11111,0,28.0,0,0.0,0.0,8.0,5,0.13,0.0,60.0684,30.8801,1.563,0,48.2656,11,0.5,14.9
7,1,3.11111,0,28.0,0,0.0,0.0,10.0,5,0.13,0.0,59.4546,31.0362,1.555,0,48.26129,11,0.5,10.7
0,0,5.33333,1,64.0,0,0.0,0.0,0.0,5,1.0,0.0,74.0,24.17538,2.23336,0,43.97284,6,0.1715,8.12
0,1,5.33333,1,64.0,0,0.0,0.0,0.0,5,1.0,0.0,74.0,24.17538,2.28344,0,42.929,6,0.1715,7.47
0,1,5.33333,1,64.0,0,0.0,0.0,0.0,5,1.0,0.0,74.0,23.67538,2.23179,0,43.97284,6,0.1715,16.56
0,1,5.33333,1,64.0,0,64.0,0.0,0.0,5,1.0,1.157,74.0,19.65,2.11755,0,37.85355,6,0.1715,22.51
7,1,0.0,0,25.0,5,25.0,30.0,0.0,5,0.06,0.08242,60.0,19.76844,2.23049,1,44.09341,6,0.30333,0.04311
7,1,0.0,0,25.0,5,25.0,30.0,0.0,5,0.06,0.82645,60.0,20.12346,2.2314,1,44.90358,6,0.3025,10.75926
7,1,0.0,0,25.0,5,25.0,30.0,0.0,5,0.06,1.64384,60.0,20.01965,2.23068,1,44.65753,6,0.30417,19.90911
9,0,0.0,1,109.6,0,0.0,0.0,0.0,5,0.4,0.0,77.53,6.53,1.635,0,32.37416,6,1.105,2.6
9,0,0.0,1,109.6,0,0.0,0.0,0.0,0,0.4,0.0,66.71,6.81,1.535,0,33.03228,6,0.89,1.2
9,0,0.0,1,109.6,0,0.0,0.0,0.0,0,0.4,0.0,66.36,9.22,1.535,0,33.03228,6,0.886,0.55
9,0,0.0,1,109.6,0,0.0,0.0,0.0,0,2.25507,0.0,67.68,7.35,1.575,0,31.87228,6,0.95,0.15
9,0,0.0,1,109.6,0,0.0,0.0,0.0,0,2.25507,0.0,66.26,7.24,1.535,0,33.03228,6,0.87,0.25
8,1,0.0,0,50.0,0,50.0,0.0,0.0,4,0.03,0.22286,72.13,19.11,2.21,0,42.22,6,0.26833,19.05908
8,1,0.0,0,50.0,0,50.0,0.0,0.0,5,0.03,0.20526,69.74,13.27,2.93,0,38.84,6,0.26833,13.69849
8,1,0.0,0,50.0,0,50.0,0.0,0.0,2,0.03,0.21455,71.05,13.56,3.48,0,38.16,6,0.26833,11.68199
9,1,14.0,0,28.0,5,28.0,30.0,0.0,5,0.07122,0.8589,60.0,15.04166,2.6237,1,39.4648,6,0.22888,18.35
9,1,14.0,0,28.0,5,28.0,30.0,0.0,5,0.07122,0.92562,60.0,19.96354,1.99111,1,39.7496,6,0.21239,20.72
9,1,14.0,0,28.0,5,28.0,30.0,0.0,5,0.07122,0.90323,60.0,24.98683,1.60222,1,40.0344,6,0.21765,25.05
9,1,14.0,0,28.0,5,28.0,30.0,0.0,5,0.07122,0.90909,60.0,30.22585,1.32741,1,40.1221,6,0.21625,25.95
2,1,7.0,0,28.0,7,28.0,30.0,0.0,5,0.06,1.20727,66.9,25.0,1.5,1,37.5,6,0.55333,34.9
2,1,7.0,0,28.0,7,28.0,30.0,0.0,0,0.06,0.96434,58.6,20.9,1.7,1,36.1,6,0.51833,18.2
2,1,7.0,0,28.0,7,28.0,30.0,0.0,0,0.06,0.85547,53.1,18.7,1.9,1,35.1,6,0.48833,6.5
2,1,7.0,0,28.0,7,28.0,30.0,0.0,0,0.06,0.76023,47.5,16.8,2.0,1,34.1,6,0.54167,1.4
0,0,5.27176,2,45.0626,0,22.82844,3.65844,4.66667,5,1.06823,0.67548,63.9703,21.47354,2.06181,0,39.47539,6,0.47575,16.06
0,0,5.27176,2,45.0626,0,22.82844,3.65844,4.66667,5,1.06823,0.67548,63.9703,21.47354,2.06181,0,39.47539,6,0.47575,7.55
7,1,0.0,0,50.0,0,50.0,0.0,0.0,4,0.02,0.2,73.67,9.89,3.12,0,30.87,6,0.31884,13.53
9,0,3.61111,1,65.0,0,0.0,0.0,0.0,5,2.635,0.0,80.3,15.4,2.204,0,33.9416,6,0.46162,35.57169
9,0,3.61111,1,65.0,0,0.0,0.0,0.0,5,2.418,0.0,70.4,28.3,1.783,0,50.4589,6,0.46162,27.93045
9,0,3.61111,1,65.0,0,0.0,0.0,0.0,5,2.518,0.0,71.6,30.2,1.828,0,55.2056,6,0.43276,25.76586
9,0,3.61111,1,65.0,0,0.0,0.0,0.0,0,2.418,0.0,70.1,24.7,1.841,0,45.4727,6,0.46162,11.02662
0,0,5.27176,2,45.0626,0,22.82844,3.65844,4.66667,5,1.06823,0.67548,63.9703,21.47354,2.06181,0,39.47539,6,0.47575,11.0
0,0,5.27176,2,45.0626,0,22.82844,3.65844,4.66667,5,1.06823,0.67548,63.9703,21.47354,2.06181,0,39.47539,6,0.47575,17.0
0,0,29.33333,2,88.0,0,0.0,0.0,0.0,5,10.0,0.0,72.5,24.8,1.86,0,44.2,6,0.55924,18.0
0,0,0.0,2,85.0,0,0.0,0.0,0.0,5,10.0,0.0,74.8,22.3,1.96,0,42.6,6,0.40485,1.0
0,0,5.27176,2,45.0626,0,22.82844,3.65844,4.66667,5,1.06823,0.67548,63.9703,21.47354,2.06181,0,39.47539,6,0.47575,2.0
0,0,28.33333,2,85.0,0,0.0,0.0,0.0,5,10.0,0.0,74.8,22.3,1.96,0,42.6,6,0.49617,2.0
8,0,7.4,1,37.0,6,37.0,20.0,0.0,0,1.0,0.31,65.0,25.0,1.227,1,30.675,6,0.60753,19.13405
8,0,7.4,1,37.0,6,37.0,20.0,5.0,0,1.0,0.31,65.0,25.0,1.227,1,30.675,6,0.60753,14.06262
8,0,7.4,1,37.0,6,37.0,20.0,10.0,0,1.0,0.2301,65.0,25.0,1.227,1,30.675,6,0.46605,16.01476
0,0,3.64286,2,51.0,0,0.0,0.0,9.38,5,13.552,0.0,65.0,15.0,1.66572,0,24.9858,49,0.46667,9.74576
0,0,3.64286,2,51.0,0,0.0,0.0,0.0,5,4.628,0.0,65.0,20.0,1.60453,0,32.0906,6,0.46616,6.61589
0,0,3.64286,2,51.0,0,0.0,0.0,0.0,5,2.384,0.0,65.0,25.0,1.58074,0,39.5185,6,0.38359,4.66473
0,0,3.64286,2,51.0,0,0.0,0.0,0.0,5,2.38,0.0,65.0,30.0,1.51445,0,45.4335,6,0.38359,4.133
0,0,3.64286,2,51.0,0,0.0,0.0,0.0,5,4.624,0.0,65.0,35.0,1.39037,0,48.66295,6,0.42904,3.11185
8,0,0.0,1,26.0,6,26.0,20.0,0.0,0,1.3,0.41608,70.0,20.42,1.13,1,23.08,6,0.80637,11.57481
8,0,0.0,1,26.0,6,26.0,20.0,0.0,0,1.3,0.41608,70.0,20.42,1.13,1,23.08,6,0.80637,14.23691
8,0,0.0,1,26.0,6,26.0,20.0,0.0,0,1.3,0.41608,70.0,20.42,1.13,1,23.08,6,0.80637,18.31547
8,1,0.0,0,22.0,0,22.0,0.0,0.0,4,0.002,0.64564,63.453,11.67616,2.29,0,26.7384,14,0.71392,18.382
8,1,0.0,0,22.0,0,22.0,0.0,0.0,4,0.002,0.52436,62.8218,10.8911,2.46,0,26.7921,44,0.66843,18.095
8,1,0.0,0,22.0,0,22.0,0.0,0.0,4,0.002,0.64964,63.5272,11.37506,2.39,0,27.1864,6,0.71392,28.3484
8,1,0.0,0,22.0,0,22.0,0.0,0.0,4,0.002,0.5149,61.745,12.39416,2.26,0,28.0108,14,0.66843,20.6739
8,1,0.0,0,22.0,0,22.0,0.0,0.0,4,0.002,0.58105,62.5248,12.03611,2.29,0,27.5627,44,0.66843,13.8777
8,1,0.0,0,22.0,0,22.0,0.0,0.0,4,0.002,0.40285,62.0792,9.48508,2.46,0,23.3333,6,0.66843,29.4174
8,1,0.0,0,22.0,0,22.0,0.0,0.0,5,0.002,0.46758,60.3523,12.19238,2.14,0,26.0917,6,0.66843,22.7325
8,1,0.0,0,22.0,0,22.0,0.0,0.0,5,0.002,0.5149,61.1092,12.4725,2.12,0,26.4417,44,0.66843,20.3273
8,1,0.0,0,22.0,0,22.0,0.0,0.0,5,0.002,0.5149,62.0116,12.03702,2.25,0,27.0833,44,0.66843,17.2198
8,1,0.0,0,22.0,0,22.0,0.0,0.0,5,0.002,0.58105,62.5648,11.47597,2.36,0,27.0833,44,0.66843,11.7777
8,1,0.0,0,22.0,0,22.0,0.0,0.0,0,0.002,0.5149,61.575,12.56143,2.17,0,27.2583,44,0.66843,14.7074
8,1,0.0,0,22.0,0,22.0,0.0,0.0,4,0.002,0.58554,63.1761,9.94831,2.31,0,22.9806,6,0.71392,29.8424
8,1,0.0,0,22.0,0,22.0,0.0,0.0,5,0.002,0.59229,57.5744,13.48335,2.0,0,26.9667,44,0.66735,9.1448
8,1,0.0,0,22.0,0,22.0,0.0,0.0,5,0.002,0.46758,61.183,11.29719,2.03,0,22.9333,44,0.66843,7.9158
8,1,0.0,0,22.0,0,22.0,0.0,0.0,5,0.002,0.42562,60.5878,10.25299,2.24,0,22.9667,44,0.66843,5.0544
8,1,0.0,0,22.0,0,22.0,0.0,0.0,5,0.002,0.59229,59.9182,10.58916,2.15,0,22.7667,44,0.66843,14.8176
8,1,0.0,0,22.0,0,22.0,0.0,0.0,5,0.002,0.4868,61.0342,10.28656,2.21,0,22.7333,44,0.66843,23.2875
8,1,5.27176,0,45.0626,8,22.82844,3.65844,4.66667,4,1.06823,0.67548,63.9703,21.47354,2.06181,1,39.47539,6,0.47575,2.66375
8,1,5.27176,0,45.0626,8,22.82844,3.65844,4.66667,4,1.06823,0.67548,63.9703,21.47354,2.06181,1,39.47539,29,0.47575,1.57823
8,1,5.27176,0,45.0626,8,22.82844,3.65844,4.66667,4,1.06823,0.67548,63.9703,21.47354,2.06181,1,39.47539,29,0.47575,1.86471
8,1,5.27176,0,45.0626,8,22.82844,3.65844,4.66667,4,1.06823,0.67548,63.9703,21.47354,2.06181,1,39.47539,18,0.47575,3.84607
9,1,0.0,2,56.0,0,56.0,0.0,0.0,5,1.37,0.108,69.4,29.0,1.37255,0,40.19608,6,0.305,16.5
9,1,0.0,2,56.0,0,56.0,0.0,1.7301,5,1.37,0.108,71.1,24.7,1.6609,0,41.17647,49,0.305,27.5
9,1,0.0,2,56.0,0,56.0,0.0,0.32468,5,1.37,0.108,69.2,19.5,2.33766,0,45.77922,49,0.305,36.2
9,1,0.0,2,56.0,0,56.0,0.0,0.0,5,1.37,0.108,70.3,19.6,2.22222,0,44.10774,45,0.305,24.8
9,1,0.0,2,56.0,0,56.0,0.0,2.83688,4,1.18,0.108,71.8,19.5,2.30496,0,45.03546,49,0.305,24.9
9,1,15.8,0,31.6,0,31.6,0.0,0.0,5,0.3,0.06349,68.5,9.78122,3.94,0,38.538,6,0.492,4.37643
7,1,15.8,0,31.6,0,31.6,0.0,0.0,5,0.3,0.07479,68.8,7.99509,5.088,0,40.679,6,0.45033,10.20627
1,1,15.45,0,30.9,0,30.9,0.0,0.0,5,0.3,0.13333,62.5,9.00195,3.59,0,32.317,6,0.421,0.31793
3,1,15.85,0,31.7,0,31.7,0.0,0.0,4,0.3,0.17423,49.3,15.85104,3.303,0,52.356,6,0.45667,0.01038
3,1,15.85,0,31.7,0,31.7,0.0,0.0,4,0.3,0.14742,59.3,15.62558,3.253,0,50.83,6,0.43633,0.00975
3,1,15.45,0,30.9,0,30.9,0.0,0.0,4,0.3,0.13839,44.6,22.83357,2.079,0,47.471,6,0.346,0.09463
1,1,15.8,0,31.6,0,31.6,0.0,0.0,4,0.3,0.10315,69.3,10.15002,4.346,0,44.112,6,0.55633,0.5021
1,1,15.85,0,31.7,0,31.7,0.0,0.0,4,0.3,0.04877,41.9,21.21348,1.588,0,33.687,6,0.46967,0.00133
5,1,15.35,0,30.7,0,30.7,0.0,0.0,5,0.3,0.09,50.0,19.34033,2.239,0,43.303,6,0.30467,0.04284
5,1,15.4,0,30.8,0,30.8,0.0,0.0,5,0.3,0.14399,53.7,21.86667,1.455,0,31.816,6,0.304,0.21616
8,1,15.45,0,30.9,0,30.9,0.0,0.0,5,0.3,0.16469,49.4,4.89179,8.502,0,41.59,6,0.50433,2.09466
1,1,15.8,0,31.6,0,31.6,0.0,0.0,5,0.3,0.1738,62.6,5.22225,6.956,0,36.326,6,0.425,0.53156
6,1,15.35,0,30.7,0,30.7,0.0,0.0,4,0.3,0.17962,60.1,21.78854,1.797,0,39.154,6,0.524,0.7338
6,1,5.27176,0,45.0626,0,22.82844,3.65844,4.66667,4,1.06823,0.67548,63.9703,21.47354,2.06181,0,39.47539,6,0.47575,0.00779
1,1,15.4,0,30.8,0,30.8,0.0,0.0,4,0.3,0.07656,43.4,15.42469,2.098,0,32.361,6,0.50267,0.07871
0,1,6.0,0,66.0,0,66.0,0.0,0.0,5,0.028,0.4,72.7,18.0,1.9,0,34.2,6,0.26071,23.7467
0,1,6.0,0,66.0,0,66.0,0.0,0.0,5,0.028,0.4,71.7,18.0,1.92,0,34.56,6,0.25,20.78947
0,1,6.0,0,66.0,0,66.0,0.0,0.0,5,0.028,0.2,71.7,18.0,1.92,0,34.56,6,0.25,17.63158
0,1,6.0,0,66.0,0,66.0,0.0,0.0,4,0.028,0.2,68.8,22.0,1.76,0,38.72,6,0.25,11.45833
0,1,6.0,0,66.0,0,66.0,0.0,0.0,4,0.028,0.2,69.5,26.0,1.55,0,40.3,6,0.25,9.36556
0,1,6.0,0,66.0,0,66.0,0.0,0.0,4,0.028,0.2,67.3,29.0,1.33,0,38.57,6,0.25,13.15789
0,1,6.0,0,66.0,0,66.0,0.0,0.0,5,0.028,0.2,71.8,18.0,1.92,0,34.56,6,0.25,18.99736
0,0,0.0,1,64.0,0,0.0,0.0,0.0,5,1.1,0.0,74.27405,24.31619,2.04892,0,42.727,6,0.15591,8.84253
0,1,0.0,1,64.0,0,0.0,0.0,0.0,5,1.1,0.0,74.27405,24.31619,2.04892,0,42.727,6,0.15591,8.03866
0,1,5.33333,1,64.0,0,0.0,0.0,0.0,5,1.1,0.0,74.27405,23.88538,2.04892,0,43.97284,6,0.15591,17.68506
0,1,5.27176,1,45.0626,12,22.82844,3.65844,4.66667,5,1.06823,0.67548,63.9703,21.47354,2.06181,1,39.47539,6,0.47575,24.11599
7,1,7.5,0,30.0,11,30.0,10.0,0.0,5,0.1,0.00833,60.0,41.11596,0.77987,1,32.0651,6,0.5,8.8
7,1,7.5,0,30.0,11,30.0,10.0,10.0,5,0.1,0.00833,60.0,38.25338,0.78831,1,30.1556,9,0.5,8.6
7,1,7.5,0,30.0,11,30.0,10.0,10.0,5,0.1,0.00833,60.0,42.9974,0.77338,1,33.2532,6,0.5,6.4
0,1,0.0,0,20.0,0,20.0,0.0,0.0,5,0.06,0.21,60.22,29.35,1.45,0,42.38,6,0.66843,17.2859
0,1,0.0,0,20.0,2,20.0,10.0,0.0,5,0.06,0.42,60.22,29.35,1.45,1,42.38,6,0.66843,13.0478
0,1,0.0,0,20.0,3,20.0,5.0,0.0,5,0.06,0.84,60.22,29.35,1.45,1,42.38,6,0.66843,13.9488
9,1,6.22222,0,56.0,0,0.0,0.0,0.0,5,0.1,0.0,66.95741,24.8781,1.66749,0,42.32072,6,0.40058,20.65
9,1,6.22222,0,56.0,0,0.0,0.0,15.0,5,0.1,0.0,63.41211,22.8873,1.80593,0,37.10207,2,0.56068,28.11
9,1,6.22222,0,56.0,0,0.0,0.0,10.0,5,0.1,0.0,62.97182,26.366,1.57849,0,41.55411,6,0.42636,13.86
9,1,6.22222,0,56.0,0,0.0,0.0,25.0,5,0.1,0.0,61.88594,24.4799,1.71941,0,35.84346,5,0.50123,19.21
0,1,0.0,0,21.0,0,21.0,0.0,0.0,5,0.06,0.21,55.0,11.5,2.34,0,26.8,6,0.25926,14.75511
0,1,0.0,0,21.0,0,21.0,0.0,20.0,5,0.06,0.21,55.0,14.7,2.52,0,36.1,22,0.25926,8.92663
0,1,0.0,0,21.0,0,21.0,0.0,20.0,5,0.06,0.21,55.0,14.0,2.52,0,35.3,22,0.25926,6.29648
8,1,7.0,0,35.0,0,35.0,0.0,0.0,5,0.06,0.2,72.1,10.57997,2.77826,0,29.3939,6,0.646,29.52
8,1,7.0,0,35.0,0,35.0,0.0,10.0,5,0.06,0.2,72.1,11.30095,2.59565,0,29.3333,38,0.646,24.68
8,1,7.0,0,35.0,0,35.0,0.0,10.0,5,0.06,0.2,72.1,10.89254,2.6837,0,29.2323,47,0.646,21.16
8,1,7.0,0,35.0,0,35.0,0.0,12.5,5,0.06,0.2,72.1,11.19228,2.68042,0,30.0,38,0.646,32.03
8,1,7.0,0,35.0,0,35.0,0.0,12.5,5,0.06,0.2,72.1,11.3794,2.67717,0,30.4646,47,0.646,22.91
9,1,21.0,0,21.0,0,21.0,0.0,0.0,5,1.2096,0.24,59.81,19.9,1.91,0,38.1,6,0.38388,17.13
9,1,21.0,0,21.0,0,21.0,0.0,0.0,0,1.2096,0.24,60.21,19.9,1.79,0,35.6,6,0.34708,11.11
7,1,1.0,0,15.0,0,15.0,0.0,0.0,4,0.018,0.9532,65.03,12.88,2.16588,0,27.89653,6,0.44444,23.4667
7,1,1.0,0,15.0,0,15.0,0.0,29.0,4,0.018,0.90506,63.17,24.41,1.92582,0,47.00927,6,0.49167,17.6
7,1,1.0,0,15.0,0,15.0,0.0,29.0,4,0.018,0.88629,62.39,27.43,1.84851,0,50.70463,6,0.49167,21.2267
7,1,1.0,0,15.0,0,15.0,0.0,29.0,4,0.018,0.89127,62.6,28.06,1.81596,0,50.95584,6,0.49167,18.6667
7,1,1.0,0,15.0,0,15.0,0.0,29.0,4,0.018,0.8765,61.97,16.31,2.06009,0,33.60007,6,0.49167,19.4133
7,1,5.27176,0,45.0626,0,22.82844,3.65844,4.66667,4,1.06823,0.67548,63.9703,21.47354,2.06181,0,39.47539,6,0.47575,20.6933
5,0,6.42857,0,45.0,0,0.0,0.0,0.0,5,0.06,0.0,65.75741,23.8,1.79,0,42.59,6,0.08333,29.8
5,0,6.42857,0,45.0,0,0.0,0.0,0.0,5,0.06,0.0,64.63467,30.6,1.45,0,44.38,6,0.08333,22.8
9,1,17.5,0,70.0,0,0.0,0.0,0.0,5,1.2096,0.0,63.6,17.26269,2.12625,0,36.7048,6,0.43648,18.5
9,1,17.5,0,70.0,0,70.0,0.0,0.0,5,1.2096,0.18,63.6,17.26269,2.12625,0,36.7048,6,0.23599,20.0
9,1,17.5,0,70.0,0,70.0,0.0,0.0,5,1.2096,0.36,63.6,17.26269,2.12625,0,36.7048,6,0.23599,31.5
9,1,5.27176,0,45.0626,4,22.82844,3.65844,4.66667,5,1.06823,0.67548,63.9703,21.47354,2.06181,1,39.47539,6,0.47575,25.3
0,1,0.0,0,31.0,0,31.0,0.0,0.0,5,0.01,0.43,83.0,16.5,2.60606,0,43.0,6,0.492,6.39252
0,1,0.0,0,31.0,0,31.0,0.0,0.0,5,0.01,0.21,83.0,16.5,2.60606,0,43.0,6,0.492,0.78505
7,1,0.0,0,31.0,0,31.0,0.0,0.0,5,0.01,0.48,71.0,6.1,5.77049,0,35.2,6,0.492,26.4179
7,1,0.0,0,31.0,0,31.0,0.0,0.0,5,0.01,0.23,71.0,6.1,5.77049,0,35.2,6,0.492,17.5746
7,1,5.27176,0,45.0626,0,22.82844,3.65844,4.66667,5,1.06823,0.67548,63.9703,21.47354,2.06181,0,39.47539,6,0.47575,21.6606
7,1,5.27176,0,45.0626,0,22.82844,3.65844,4.66667,5,1.06823,0.67548,63.9703,21.47354,2.06181,0,39.47539,6,0.47575,16.3433
9,1,7.5,0,30.0,1,30.0,25.0,0.0,5,0.06,0.48,65.9,17.86175,2.17,1,38.76,6,0.55369,29.1
9,1,7.5,0,30.0,1,30.0,25.0,10.0,5,0.06,0.48,63.4187,18.73469,1.96,1,36.72,38,0.59724,22.8
9,1,7.5,0,30.0,1,30.0,25.0,10.2,5,0.06,0.48,65.139,17.73301,2.06,1,36.53,38,0.58453,21.6
9,1,7.5,0,30.0,1,30.0,25.0,5.2,5,0.06,0.48,61.29879,17.80952,2.1,1,37.4,38,0.60408,24.6
9,0,7.71429,1,54.0,0,0.0,0.0,0.0,5,0.13,0.0,66.28,22.99234,2.00199,0,39.38658,6,0.3083,11.4
9,0,7.71429,1,54.0,0,0.0,0.0,15.0,5,0.13,0.0,62.82171,17.77801,2.29398,0,36.26206,37,0.36329,10.1
9,0,7.71429,1,54.0,0,0.0,0.0,15.0,5,0.13,0.0,62.82171,17.77801,2.29398,0,36.26206,37,0.36329,9.0
9,0,7.71429,1,54.0,0,0.0,0.0,0.0,5,0.13,0.0,66.28,22.99234,2.00199,0,39.38658,6,0.3083,20.5
9,0,7.71429,1,54.0,0,0.0,0.0,6.0,5,0.13,0.0,63.24,21.49659,2.24279,0,36.18694,43,0.401,16.4
9,0,7.71429,1,54.0,0,0.0,0.0,6.0,5,0.13,0.0,63.24,21.49659,2.24279,0,36.18694,43,0.401,15.7
0,1,5.27176,0,45.0626,0,22.82844,3.65844,4.66667,5,1.06823,0.67548,63.9703,21.47354,2.06181,0,39.47539,6,0.47575,18.91355
0,1,5.27176,0,45.0626,0,22.82844,3.65844,4.66667,5,1.06823,0.67548,63.9703,21.47354,2.06181,0,39.47539,6,0.47575,7.0952
8,1,5.0,0,45.0,11,45.0,20.0,0.0,5,0.12,0.94745,65.0,20.62762,2.14963,1,38.92499,6,0.4168,7.3
8,1,5.0,0,45.0,11,45.0,20.0,5.0,5,0.12,1.71576,65.0,21.9187,2.37593,1,37.1463,0,0.3489,4.09
8,1,5.0,0,45.0,11,45.0,20.0,1.0,5,0.12,0.92403,65.0,20.62762,2.05396,1,38.65892,10,0.4418,3.58
8,1,5.0,0,45.0,11,45.0,20.0,1.0,5,0.12,0.92403,65.0,20.62762,2.05396,1,38.65892,46,0.4418,0.8
8,1,5.0,0,45.0,11,45.0,20.0,3.0,5,0.12,0.93795,65.0,21.10208,2.04396,1,38.4367,17,0.49078,0.98
8,1,5.0,0,45.0,11,45.0,20.0,3.0,5,0.12,0.93795,65.0,21.10208,2.04396,1,38.4367,27,0.49078,1.57
8,1,5.0,0,45.0,11,45.0,20.0,5.0,5,0.12,1.71576,65.0,21.9187,2.37593,1,37.1463,47,0.3489,2.89
9,1,0.0,0,50.0,0,50.0,0.0,0.0,5,0.1,0.3,60.0,25.0,1.82755,0,45.22059,6,0.59489,2.48
9,1,0.0,0,50.0,0,50.0,0.0,10.0,5,0.1,0.3,60.0,25.0,1.73291,0,45.47409,6,0.59489,1.57
9,1,0.0,0,50.0,0,50.0,0.0,10.0,5,0.1,0.3,60.0,25.0,1.73291,0,45.47409,51,0.59489,1.74
9,1,0.0,0,50.0,0,50.0,0.0,20.0,5,0.1,0.3,60.0,25.0,1.93708,0,44.70164,6,0.54132,0.86
8,1,7.0,0,35.0,0,35.0,0.0,0.0,5,0.06,0.1,72.86,11.37,2.68,0,30.45,6,0.667,18.4
8,1,7.0,0,35.0,0,35.0,0.0,0.0,5,0.06,0.2,72.86,11.37,2.68,0,30.45,6,0.667,21.2
8,1,7.0,0,35.0,0,35.0,0.0,0.0,5,0.06,0.3,72.86,11.37,2.68,0,30.45,6,0.667,19.1
9,1,9.33333,0,28.0,0,28.0,0.0,1.82956,5,0.06,0.25,58.02882,20.79943,2.22788,0,42.90273,17,0.58992,17.9
9,1,9.33333,0,28.0,0,28.0,0.0,1.82956,5,0.06,0.25,58.02882,20.79943,2.25502,0,42.90273,17,0.58992,16.1
9,1,9.33333,0,28.0,0,28.0,0.0,1.82956,5,0.06,0.25,58.02882,20.79943,2.2751,0,42.90273,17,0.58992,18.4
9,1,9.33333,0,28.0,0,28.0,0.0,1.82956,5,0.06,0.25,58.02882,20.79943,2.31124,0,42.90273,17,0.58992,15.8
9,1,9.33333,0,28.0,0,28.0,0.0,1.82956,5,0.06,0.25,58.32282,21.00843,2.35657,0,42.90273,17,0.58895,17.2
0,0,0.0,1,90.0,0,0.0,0.0,0.0,5,0.02069,0.0,66.971,18.867,1.204,0,45.46,6,0.87008,0.41
0,0,0.0,1,90.0,0,0.0,0.0,0.0,4,0.02069,0.0,68.6,22.8,1.272,0,45.836,6,0.69316,0.13
0,0,0.0,1,90.0,0,0.0,0.0,0.0,4,0.02069,0.0,68.65,23.71,1.142,0,45.42,6,0.58005,0.23
