Material_Main,Turning times,V2_Ventilation Interval (min),M1_is Enclosed, Composting Method,Additive_4,Additive_2,Additive_1,Material_3,Material_2,Additive_3,Period (d),V1_Ventilation Type,V4_Ventilation Day,V3_Ventilation Duration (min),Compost volume (m3),Application Rate (%DW),V5_Ventilation rate (L/min/kg iniDW),Initial C/N (%),Initial Moisture Content (%),Initial TN (%),Initial pH,CH4-C loss (%)
7,12.0,0.0,0.0,1,1,11,27,4,13,4,60.0,2.0,0.0,0.0,0.22,0.0,0.0,15.04178,64.9862,2.65926,7.46265,0.008
7,12.0,0.0,0.0,1,1,11,2,4,13,4,60.0,2.0,0.0,0.0,0.22,10.0,0.0,13.04196,62.7622,2.86,7.33735,0.0012
7,12.0,0.0,0.0,1,1,11,2,4,13,4,60.0,2.0,0.0,0.0,0.22,10.0,0.0,14.48276,60.6549,2.61,7.61365,0.0018
3,7.0,0.0,1.0,0,1,11,27,4,13,4,35.0,0.0,60.0,0.0,0.06,0.0,0.2,22.1,60.0,1.79,5.01,0.33
3,7.0,0.0,1.0,0,1,11,30,4,13,4,35.0,0.0,60.0,0.0,0.06,10.0,0.2,18.2,60.0,1.98,4.43,0.06
3,7.0,0.0,1.0,0,1,11,4,4,13,4,35.0,0.0,60.0,0.0,0.06,10.0,0.2,19.1,60.0,1.89,4.28,0.09
0,5.69962,0.0,0.0,2,1,11,12,4,5,4,51.20889,2.0,22.07278,3.49444,0.59866,4.62818,0.21744,18.69809,66.78015,2.15274,7.54587,0.20367
0,5.69962,0.0,0.0,2,1,11,12,4,5,4,51.20889,2.0,22.07278,3.49444,0.59866,4.62818,0.21744,18.69809,66.78015,2.15274,7.54587,0.17572
10,7.0,0.0,0.0,1,1,11,27,4,13,4,70.0,2.0,0.0,0.0,1.2,0.0,0.0,18.89189,65.41403,2.00616,7.36426,0.21
10,7.0,0.0,0.0,1,1,11,4,4,13,4,70.0,2.0,0.0,0.0,1.2,3.3,0.0,18.89189,65.77403,2.04339,7.36426,0.03
10,7.0,0.0,0.0,1,1,11,4,4,13,4,70.0,2.0,0.0,0.0,1.2,6.6,0.0,18.89189,66.0969,2.12956,7.61937,0.16
10,7.0,0.0,0.0,1,1,11,4,4,13,4,70.0,2.0,0.0,0.0,1.2,9.9,0.0,18.89189,67.01171,2.14434,7.8731,0.24
10,7.0,0.0,0.0,1,1,11,4,4,13,4,70.0,2.0,0.0,0.0,1.2,13.2,0.0,18.89189,70.41171,2.12534,8.1231,0.22
10,7.0,0.0,0.0,1,1,11,4,4,13,4,70.0,2.0,0.0,0.0,1.2,16.5,0.0,18.89189,69.95717,2.09831,8.3221,0.08
8,7.33333,20.0,1.0,0,1,11,27,4,13,4,44.0,1.0,44.0,20.0,0.273,0.0,0.46008,12.58617,68.45,2.53,7.85,0.28012
8,7.33333,20.0,1.0,0,1,11,2,4,13,4,44.0,1.0,44.0,20.0,0.275,5.89001,0.45106,13.36798,66.71,2.511,7.89,0.23237
8,7.33333,20.0,1.0,0,1,11,2,4,13,4,44.0,1.0,44.0,20.0,0.277,11.86352,0.44238,14.22086,67.58,2.522,8.1,0.21163
8,7.33333,20.0,1.0,0,1,11,2,4,13,4,44.0,1.0,44.0,20.0,0.282,21.41488,0.426,14.81405,65.41,2.506,8.17,0.24486
0,5.69962,0.0,1.0,0,1,11,4,5,13,4,51.20889,0.0,22.07278,3.49444,0.59866,4.62818,0.21744,18.69809,66.78015,2.15274,7.54587,0.355
0,5.69962,0.0,1.0,0,1,11,27,5,13,4,51.20889,0.0,22.07278,3.49444,0.59866,4.62818,0.21744,18.69809,66.78015,2.15274,7.54587,0.355
0,25.33333,0.0,1.0,0,1,11,4,5,13,4,76.0,2.0,0.0,0.0,0.1625,0.0,0.0,19.01057,60.0,1.85155,7.74534,0.355
0,25.33333,0.0,1.0,0,1,11,27,5,13,4,76.0,2.0,0.0,0.0,0.1625,7.5,0.0,27.40127,60.0,1.57,7.85771,0.18
8,7.14286,60.0,1.0,0,1,11,27,4,13,4,50.0,1.0,50.0,20.0,0.288,0.0,0.42001,21.24,67.71,2.412,7.82,0.3
8,7.14286,60.0,1.0,0,1,11,2,4,13,4,50.0,1.0,50.0,20.0,0.288,12.0,0.32434,21.21,66.08,2.53,8.01,0.283
10,5.83333,0.0,1.0,0,1,11,4,4,13,4,35.0,0.0,35.0,0.0,0.06,4.0,0.25,18.43351,67.092,2.03653,7.25,0.4
7,5.55556,0.0,1.0,0,1,11,27,4,13,4,50.0,0.0,22.5,10.0,0.1,0.0,0.15975,31.0074,60.0,1.61745,6.53,0.34
7,5.55556,0.0,1.0,0,1,11,8,4,13,4,50.0,0.0,27.0,12.0,0.1,2.0,0.15975,30.0553,60.0,1.61745,6.85,0.31
7,5.55556,0.0,1.0,0,1,11,8,4,13,4,50.0,0.0,22.5,10.0,0.1,4.0,0.0255,30.3317,60.0,1.5894,6.46,0.24
7,5.55556,0.0,1.0,0,1,11,8,4,13,4,50.0,0.0,18.0,8.0,0.1,6.0,0.0255,30.5467,60.0,1.5894,6.52,0.25
7,5.55556,0.0,1.0,0,1,11,8,4,13,4,50.0,0.0,18.0,8.0,0.1,8.0,0.01358,31.0381,60.0,1.52323,6.5,0.19
7,5.55556,0.0,1.0,0,1,11,8,4,13,4,50.0,0.0,21.1,6.0,0.1,10.0,0.01358,30.7924,60.0,1.53707,6.55,0.17
10,0.0,0.0,0.0,0,1,11,27,4,5,4,84.0,2.0,0.0,0.0,0.12,0.0,0.0,12.2,81.0,3.86,7.0,0.28
10,0.0,0.0,0.0,0,1,11,27,4,13,4,84.0,2.0,0.0,0.0,0.12,0.0,0.0,15.3,75.8,3.18,7.1,0.28
1,0.0,0.0,0.0,0,1,11,27,4,13,4,84.0,2.0,0.0,0.0,0.12,0.0,0.0,22.3,77.3,2.16,8.7,0.12
1,0.0,0.0,0.0,0,1,11,27,4,13,4,84.0,2.0,0.0,0.0,0.12,0.0,0.0,20.1,77.0,2.25,8.8,0.13
1,0.0,0.0,0.0,0,1,11,27,4,0,4,84.0,2.0,0.0,0.0,0.12,0.0,0.0,29.9,80.0,1.82,6.7,0.06
1,0.0,0.0,0.0,0,1,11,2,4,5,4,84.0,2.0,0.0,0.0,0.12,22.28321,0.0,16.9,84.1,2.26,10.7,0.07
1,0.0,0.0,0.0,0,1,11,2,4,13,4,84.0,2.0,0.0,0.0,0.12,9.53373,0.0,20.5,80.7,2.21,9.8,0.12
1,0.0,0.0,0.0,0,1,11,2,4,13,4,84.0,2.0,0.0,0.0,0.12,15.84383,0.0,21.3,81.5,2.03,10.0,0.07
1,0.0,0.0,1.0,0,1,11,27,4,5,4,28.0,0.0,28.0,0.0,0.01,0.0,0.28,11.0,69.0,3.7,7.55161,0.01001
1,0.0,0.0,1.0,0,1,11,27,4,6,4,28.0,0.0,28.0,0.0,0.01,0.0,0.28,11.0,63.0,3.7,7.03578,0.00543
1,0.0,0.0,1.0,0,1,11,27,4,6,4,28.0,0.0,28.0,0.0,0.01,0.0,0.28,11.0,66.0,3.7,7.31177,0.00927
1,0.0,0.0,1.0,0,1,11,27,4,8,4,28.0,0.0,28.0,0.0,0.01,0.0,0.28,14.7,65.0,2.85034,7.62645,0.00785
1,0.0,0.0,1.0,0,1,11,27,4,8,4,28.0,0.0,28.0,0.0,0.01,0.0,0.28,12.9,67.0,3.2093,7.55161,0.00972
1,0.0,0.0,1.0,0,1,11,2,4,5,4,28.0,0.0,28.0,0.0,0.01,25.0,0.28,16.7,65.0,2.93413,7.6381,0.0009
1,0.0,0.0,1.0,0,1,11,2,4,5,4,28.0,0.0,28.0,0.0,0.01,14.28571,0.28,14.0,67.0,3.24286,7.60213,0.0024
1,0.0,0.0,1.0,0,1,11,27,4,13,4,28.0,0.0,28.0,0.0,0.01,0.0,0.28,14.0,65.0,2.95714,7.71904,0.00567
1,0.0,0.0,1.0,0,1,11,27,4,2,4,28.0,0.0,28.0,0.0,0.01,0.0,0.28,12.1,65.0,3.34711,7.31177,0.04746
10,31.0,0.0,1.0,0,1,11,27,4,13,4,31.0,0.0,30.0,0.0,0.95,5.47,0.312,13.16342,69.47,2.57,7.13,0.17
0,3.88889,0.0,1.0,0,1,11,27,4,8,4,35.0,0.0,35.0,0.0,0.1559,0.0,0.46173,21.96203,66.03,1.817,7.12405,0.31
0,3.88889,0.0,1.0,0,1,11,27,4,8,4,35.0,0.0,35.0,0.0,0.2984,0.0,0.46773,21.51131,65.69,1.813,7.33349,0.34
0,3.88889,0.0,1.0,0,1,11,27,4,8,4,35.0,0.0,35.0,0.0,0.5697,0.0,0.46173,21.64477,66.14,1.796,7.12405,0.41
10,7.0,0.0,0.0,1,1,11,27,4,13,4,70.0,2.0,0.0,0.0,1.2,0.0,0.0,17.4,64.0,2.22,7.4,0.14
10,7.0,0.0,1.0,1,1,11,27,4,13,4,70.0,2.0,0.0,0.0,1.2,0.0,0.0,17.4,64.0,2.22,7.4,0.22
10,14.0,0.0,0.0,1,1,11,27,4,13,4,70.0,2.0,0.0,0.0,1.2,0.0,0.0,17.4,64.0,2.22,7.4,0.25
10,14.0,0.0,1.0,1,1,11,27,4,13,4,70.0,2.0,0.0,0.0,1.2,0.0,0.0,17.4,64.0,2.22,7.4,0.36
8,5.57143,20.0,1.0,0,1,11,27,4,13,4,39.0,1.0,39.0,20.0,0.288,0.0,0.455,25.38104,68.07,2.089,7.57,0.147
8,5.57143,20.0,1.0,0,1,11,27,4,8,4,39.0,1.0,39.0,20.0,0.288,0.0,0.455,24.5692,68.53,2.247,6.95,0.135
8,5.69962,0.0,0.0,2,1,11,27,4,0,4,51.20889,2.0,22.07278,3.49444,0.59866,4.62818,0.21744,18.69809,66.78015,2.15274,7.54587,0.32
8,5.69962,240.0,0.0,2,1,11,27,4,0,4,51.20889,1.0,22.07278,3.49444,0.59866,4.62818,0.21744,18.69809,66.78015,2.15274,7.54587,0.064
10,8.0,0.0,1.0,0,1,11,27,4,13,4,56.0,2.0,0.0,0.0,1.2,0.0,0.0,18.98238,67.6,2.03974,7.36426,0.27
10,8.0,0.0,1.0,0,1,11,4,4,13,4,56.0,2.0,0.0,0.0,1.2,3.3,0.0,18.98238,67.6,2.03974,7.36426,0.1
10,8.0,0.0,1.0,0,1,11,4,4,13,4,56.0,2.0,0.0,0.0,1.2,6.6,0.0,18.98238,67.6,2.03974,7.46537,0.21
10,8.0,0.0,1.0,0,1,11,4,4,13,4,56.0,2.0,0.0,0.0,1.2,9.9,0.0,18.98238,67.6,2.03974,7.46537,0.31
10,8.0,0.0,1.0,0,1,11,4,4,13,4,56.0,2.0,0.0,0.0,1.2,13.2,0.0,18.98238,67.6,2.03974,7.46537,0.28
7,3.11111,0.0,1.0,0,1,11,27,4,13,4,28.0,2.0,0.0,0.0,0.13,0.0,0.0,30.8801,61.4561,1.667,6.54514,0.34
7,3.11111,0.0,1.0,0,1,11,8,4,13,4,28.0,2.0,0.0,0.0,0.13,2.0,0.0,30.0375,60.661,1.668,6.85143,0.31
7,3.11111,0.0,1.0,0,1,11,8,4,13,4,28.0,2.0,0.0,0.0,0.13,4.0,0.0,30.3496,59.7109,1.613,6.44457,0.24
7,3.11111,0.0,1.0,0,1,11,8,4,13,4,28.0,2.0,0.0,0.0,0.13,6.0,0.0,30.568,60.4548,1.562,6.54057,0.25
7,3.11111,0.0,1.0,0,1,11,8,4,13,4,28.0,2.0,0.0,0.0,0.13,8.0,0.0,30.8801,60.0684,1.563,6.49486,0.19
7,3.11111,0.0,1.0,0,1,11,8,4,13,4,28.0,2.0,0.0,0.0,0.13,10.0,0.0,31.0362,59.4546,1.555,6.55429,0.17
10,0.0,0.0,0.0,1,1,11,27,4,5,4,96.5,2.0,0.0,0.0,0.4,0.0,0.0,6.53,77.53,1.90678,6.2,0.13
10,0.0,0.0,0.0,1,1,11,27,4,0,4,120.1,2.0,0.0,0.0,0.4,0.0,0.0,9.22,66.36,1.56389,7.41,0.4
8,0.0,0.0,1.0,0,1,11,27,4,8,4,50.0,0.0,50.0,0.0,0.03,0.0,0.22286,19.11,72.13,2.21,5.67,0.01872
8,0.0,0.0,1.0,0,1,11,27,4,13,4,50.0,0.0,50.0,0.0,0.03,0.0,0.20526,13.27,69.74,2.93,7.56,0.20265
8,0.0,0.0,1.0,0,1,11,27,4,4,4,50.0,0.0,50.0,0.0,0.03,0.0,0.21455,13.56,71.05,3.48,8.08,0.14782
2,7.0,60.0,1.0,0,1,11,27,4,5,4,28.0,1.0,28.0,30.0,0.06,0.0,1.20727,25.0,66.9,1.5,5.75,0.34
2,7.0,60.0,1.0,0,1,11,27,4,0,4,28.0,1.0,28.0,30.0,0.06,0.0,0.96434,20.9,58.6,1.7,5.36,0.27
2,7.0,60.0,1.0,0,1,11,27,4,0,4,28.0,1.0,28.0,30.0,0.06,0.0,0.85547,18.7,53.1,1.9,5.13,0.2
2,7.0,60.0,1.0,0,1,11,27,4,0,4,28.0,1.0,28.0,30.0,0.06,0.0,0.76023,16.8,47.5,2.0,5.04,0.12
10,0.0,0.0,1.0,2,1,11,37,4,13,4,56.0,0.0,56.0,0.0,1.37,0.32468,0.108,19.5,69.2,2.33766,8.6,0.06
10,0.0,0.0,1.0,2,1,11,37,9,8,4,56.0,0.0,56.0,0.0,1.37,2.06897,0.108,21.2,71.0,2.31034,9.2,0.05
10,0.0,0.0,1.0,2,1,11,16,4,13,4,56.0,0.0,56.0,0.0,1.37,0.0,0.108,19.6,70.3,2.22222,7.5,0.02
10,0.0,0.0,1.0,2,1,11,37,9,8,4,56.0,0.0,56.0,0.0,1.18,2.83688,0.108,19.5,71.8,2.30496,8.4,0.03
0,0.0,0.0,0.0,1,1,11,27,4,13,4,64.0,2.0,0.0,0.0,1.1,0.0,0.0,17.898,74.27405,2.04892,7.9,0.197
0,0.0,0.0,1.0,1,1,11,27,4,13,4,64.0,2.0,0.0,0.0,1.1,0.0,0.0,17.898,74.27405,2.04892,7.9,0.296
0,5.33333,0.0,1.0,1,1,11,27,4,13,4,64.0,2.0,0.0,0.0,1.1,0.0,0.0,21.63185,74.27405,2.04892,7.9,0.428
0,5.69962,1410.0,1.0,1,1,11,27,4,13,4,51.20889,1.0,22.07278,3.49444,0.59866,4.62818,0.21744,18.69809,66.78015,2.15274,7.54587,0.164
7,7.5,720.0,1.0,0,1,11,27,4,13,4,30.0,1.0,30.0,10.0,0.1,0.0,0.00833,41.11596,60.0,0.77987,7.7987,0.049
7,7.5,720.0,1.0,0,1,11,7,4,13,4,30.0,1.0,30.0,10.0,0.1,10.0,0.00833,38.25338,60.0,0.78831,7.88312,0.05
7,7.5,720.0,1.0,0,1,11,2,4,13,4,30.0,1.0,30.0,10.0,0.1,10.0,0.00833,42.9974,60.0,0.77338,7.73377,0.028
0,0.0,0.0,1.0,0,1,11,27,4,13,4,20.0,0.0,20.0,0.0,0.06,0.0,0.21,29.35,60.22,1.45,7.53,0.15
0,0.0,10.0,1.0,0,1,11,27,4,13,4,20.0,1.0,20.0,10.0,0.06,0.0,0.42,29.35,60.22,1.45,7.53,0.13
0,0.0,15.0,1.0,0,1,11,27,4,13,4,20.0,1.0,20.0,5.0,0.06,0.0,0.84,29.35,60.22,1.45,7.53,0.21
0,0.0,0.0,1.0,0,1,11,27,4,5,4,21.0,0.0,21.0,0.0,0.06,0.0,0.21,11.5,55.0,2.34,7.26,0.00012
0,0.0,0.0,1.0,0,1,11,17,4,5,4,21.0,0.0,21.0,0.0,0.06,20.0,0.21,14.7,55.0,2.52,7.36,4e-05
0,0.0,0.0,1.0,0,1,11,17,4,5,4,21.0,0.0,21.0,0.0,0.06,20.0,0.21,14.0,55.0,2.52,7.21,4e-05
0,15.5,0.0,1.0,0,1,11,27,4,13,4,31.0,0.0,31.0,0.0,0.06,0.0,0.09384,14.2,65.4,2.1,9.1,0.05
0,15.5,0.0,1.0,0,1,11,27,4,13,4,31.0,0.0,31.0,0.0,0.06,0.0,0.15639,14.2,65.4,2.1,9.1,0.04
0,15.5,20.0,1.0,0,1,11,27,4,13,4,31.0,1.0,31.0,10.0,0.06,0.0,0.28151,14.2,65.4,2.1,9.1,0.05
10,21.0,0.0,1.0,0,1,11,27,4,13,4,21.0,0.0,21.0,0.0,1.2096,0.0,0.24,19.9,59.81,1.91,7.3,0.38
10,21.0,0.0,1.0,0,1,11,27,4,0,4,21.0,0.0,21.0,0.0,1.2096,0.0,0.24,19.9,60.21,1.79,7.86,0.43
7,1.0,0.0,1.0,0,1,11,27,4,8,4,15.0,0.0,15.0,0.0,0.018,0.0,0.9532,12.88,65.03,2.16588,7.88046,0.38776
7,1.0,0.0,1.0,0,1,11,2,4,8,4,15.0,0.0,15.0,0.0,0.018,29.0,0.90506,24.41,63.17,1.92582,7.88046,0.2855
7,1.0,0.0,1.0,0,1,11,2,4,8,4,15.0,0.0,15.0,0.0,0.018,29.0,0.88629,27.43,62.39,1.84851,7.69614,0.32892
7,1.0,0.0,1.0,0,1,11,2,4,8,4,15.0,0.0,15.0,0.0,0.018,29.0,0.89127,28.06,62.6,1.81596,7.88046,0.30074
7,1.0,0.0,1.0,0,1,11,2,4,8,4,15.0,0.0,15.0,0.0,0.018,29.0,0.8765,16.31,61.97,2.06009,7.88046,0.34662
7,5.69962,0.0,1.0,0,1,11,2,4,8,4,51.20889,0.0,22.07278,3.49444,0.59866,4.62818,0.21744,18.69809,66.78015,2.15274,7.54587,0.30362
5,6.42857,0.0,0.0,0,1,11,27,4,13,4,45.0,2.0,0.0,0.0,0.06,0.0,0.0,23.8,70.79222,1.79,8.2,0.22
5,6.42857,0.0,0.0,0,1,11,27,4,13,4,45.0,2.0,0.0,0.0,0.06,0.0,0.0,30.6,67.0005,1.45,8.4,0.19
10,17.5,0.0,1.0,0,1,11,27,4,13,4,70.0,2.0,0.0,0.0,1.2096,0.0,0.0,17.26269,63.6,2.12625,8.11709,0.24
10,5.69962,0.0,1.0,0,1,11,27,4,13,4,51.20889,0.0,22.07278,3.49444,0.59866,4.62818,0.21744,18.69809,66.78015,2.15274,7.54587,0.32
10,5.69962,0.0,1.0,0,1,11,27,4,13,4,51.20889,0.0,22.07278,3.49444,0.59866,4.62818,0.21744,18.69809,66.78015,2.15274,7.54587,0.09
10,5.69962,0.0,1.0,0,1,11,27,4,13,4,51.20889,0.0,22.07278,3.49444,0.59866,4.62818,0.21744,18.69809,66.78015,2.15274,7.54587,0.01
10,5.69962,20.0,1.0,0,1,11,27,4,13,4,51.20889,1.0,22.07278,3.49444,0.59866,4.62818,0.21744,18.69809,66.78015,2.15274,7.54587,0.03
0,0.0,0.0,1.0,0,1,11,27,4,13,4,31.0,0.0,31.0,0.0,0.01,0.0,0.43,16.5,83.0,2.60606,8.45,0.08564
0,0.0,0.0,1.0,0,1,11,27,4,13,4,31.0,0.0,31.0,0.0,0.01,0.0,0.21,16.5,83.0,2.60606,8.45,0.17394
7,0.0,0.0,1.0,0,1,11,27,4,13,4,31.0,0.0,31.0,0.0,0.01,0.0,0.48,6.1,71.0,5.77049,6.8,0.03724
7,0.0,0.0,1.0,0,1,11,27,4,13,4,31.0,0.0,31.0,0.0,0.01,0.0,0.23,6.1,71.0,5.77049,6.8,0.03629
7,5.69962,0.0,1.0,0,1,11,2,4,13,4,51.20889,0.0,22.07278,3.49444,0.59866,4.62818,0.21744,18.69809,66.78015,2.15274,7.54587,0.00574
7,5.69962,0.0,1.0,0,1,11,2,4,13,4,51.20889,0.0,22.07278,3.49444,0.59866,4.62818,0.21744,18.69809,66.78015,2.15274,7.54587,0.00447
8,5.0,720.0,1.0,0,1,11,27,4,13,4,45.0,1.0,45.0,20.0,0.12,0.0,0.32985,20.87533,65.0,2.12881,7.26608,0.14
8,5.0,720.0,1.0,0,1,11,28,4,13,4,45.0,1.0,45.0,20.0,0.12,5.0,0.34188,24.02493,65.0,2.07981,6.76797,0.06
8,5.0,720.0,1.0,0,1,11,28,4,13,4,45.0,1.0,45.0,20.0,0.12,1.0,0.43058,23.62663,65.0,2.08171,6.57881,0.05
8,5.0,720.0,1.0,0,1,11,36,4,13,4,45.0,1.0,45.0,20.0,0.12,1.0,0.33485,22.43681,65.0,2.12881,6.9256,0.02
8,5.0,720.0,1.0,0,1,11,13,4,13,4,45.0,1.0,45.0,20.0,0.12,3.0,0.39378,24.14319,65.0,1.95851,6.13745,0.04
8,5.0,720.0,1.0,0,1,11,22,4,13,4,45.0,1.0,45.0,20.0,0.12,3.0,0.33485,20.67287,65.0,2.12881,7.07692,0.08
8,5.0,720.0,1.0,0,1,11,4,4,13,4,45.0,1.0,45.0,20.0,0.12,5.0,0.34188,24.02493,65.0,2.07981,6.70492,0.04
8,7.0,0.0,1.0,0,1,11,27,4,13,4,35.0,0.0,35.0,0.0,0.06,0.0,0.3,11.37,72.86,2.68,7.89098,0.4
0,0.0,0.0,0.0,2,1,11,27,4,5,4,133.0,2.0,0.0,0.0,0.37021,0.0,0.0,14.425,71.43881,1.37,7.8,0.002
0,0.0,0.0,0.0,2,1,11,30,4,5,4,133.0,2.0,0.0,0.0,0.48821,0.0,0.0,14.425,70.10881,1.33,7.4,0.0007
0,0.0,0.0,0.0,2,1,11,30,4,5,4,133.0,2.0,0.0,0.0,0.48821,0.0,0.0,14.425,70.10881,1.38,7.4,0.0007
0,0.0,0.0,0.0,2,1,11,30,4,5,4,133.0,2.0,0.0,0.0,0.48821,0.0,0.0,14.425,70.10881,1.23,7.37,0.0003
0,0.0,0.0,0.0,2,1,11,33,4,5,4,133.0,2.0,0.0,0.0,0.37021,0.0,0.0,14.425,71.43881,1.42,7.7,0.0017
0,0.0,0.0,0.0,2,1,11,33,4,5,4,133.0,2.0,0.0,0.0,0.37021,0.0,0.0,14.425,71.43881,1.2,7.8,0.0012
0,0.0,0.0,0.0,2,1,11,33,4,5,4,133.0,2.0,0.0,0.0,0.37021,0.0,0.0,14.425,71.43881,1.22,7.8,0.0017
0,0.0,0.0,0.0,1,1,11,27,4,8,4,90.0,2.0,0.0,0.0,0.02069,0.0,0.0,13.695,73.564,2.31778,7.455,0.05
0,0.0,0.0,0.0,1,1,11,27,4,8,4,90.0,2.0,0.0,0.0,0.02069,0.0,0.0,13.695,73.564,2.31778,7.455,0.03
